Type of crime,Region,Year,The number of crimes,The number of crimes (cases per 100.000 population),is_federal_level
Murder,Russian Federation,2008,19740.0,13.8,True
Murder,Belgorod Oblast,2008,98.0,6.4,False
Murder,Bryansk Oblast,2008,155.0,11.9,False
Murder,Vladimir Oblast,2008,176.0,12.0,False
Murder,Voronezh Oblast,2008,177.0,7.5,False
Murder,Ivanovo Oblast,2008,154.0,14.2,False
Murder,Kaluga Oblast,2008,135.0,13.3,False
Murder,Kostroma Oblast,2008,104.0,15.2,False
Murder,Kursk Oblast,2008,104.0,9.0,False
Murder,Lipetsk Oblast,2008,116.0,9.8,False
Murder,Moscow Oblast,2008,1011.0,14.7,False
Murder,Oryol Oblast,2008,97.0,12.0,False
Murder,Ryazan Oblast,2008,94.0,8.0,False
Murder,Smolensk Oblast,2008,116.0,11.5,False
Murder,Tambov Oblast,2008,96.0,8.6,False
Murder,Tver Oblast,2008,218.0,15.7,False
Murder,Tula Oblast,2008,202.0,12.7,False
Murder,Yaroslavl Oblast,2008,179.0,13.8,False
Murder,Moscow,2008,981.0,8.8,False
Murder,Republic of Karelia,2008,97.0,14.7,False
Murder,Komi Republic,2008,171.0,18.3,False
Murder,Arkhangelsk Oblast,2008,199.0,16.4,False
Murder,Nenets Autonomous Okrug,2008,17.0,40.6,False
Murder,Vologda Oblast,2008,155.0,12.7,False
Murder,Kaliningrad Oblast,2008,101.0,10.8,False
Murder,Leningrad Oblast,2008,312.0,18.4,False
Murder,Murmansk Oblast,2008,80.0,9.8,False
Murder,Novgorod Oblast,2008,106.0,16.3,False
Murder,Pskov Oblast,2008,98.0,14.0,False
Murder,Saint Petersburg,2008,645.0,13.5,False
Murder,Republic of Dagestan,2008,169.0,6.1,False
Murder,Republic of Ingushetia,2008,80.0,19.7,False
Murder,Kabardino-Balkar Republic,2008,68.0,7.9,False
Murder,Karachay-Cherkess Republic,2008,43.0,9.2,False
Murder,Republic of North Ossetia-Alania,2008,77.0,10.8,False
Murder,Chechen Republic,2008,107.0,8.9,False
Murder,Stavropol Krai,2008,233.0,8.4,False
Murder,Republic of Adygea,2008,43.0,9.8,False
Murder,Republic of Kalmykia,2008,35.0,12.0,False
Murder,Republic of Crimea,2008,,,False
Murder,Krasnodar Krai,2008,382.0,7.4,False
Murder,Astrakhan Oblast,2008,118.0,11.7,False
Murder,Volgograd Oblast,2008,278.0,10.6,False
Murder,Rostov Oblast,2008,348.0,8.1,False
Murder,Sevastopol,2008,,,False
Murder,Republic of Bashkortostan,2008,420.0,10.4,False
Murder,Mari El Republic,2008,131.0,18.6,False
Murder,Republic of Mordovia,2008,65.0,7.6,False
Murder,Republic of Tatarstan,2008,321.0,8.5,False
Murder,Udmurt Republic,2008,216.0,14.1,False
Murder,Chuvash Republic,2008,124.0,9.8,False
Murder,Perm Krai,2008,529.0,19.8,False
Murder,Kirov Oblast,2008,151.0,10.9,False
Murder,Nizhny Novgorod Oblast,2008,398.0,11.8,False
Murder,Orenburg Oblast,2008,351.0,17.1,False
Murder,Penza Oblast,2008,94.0,6.7,False
Murder,Samara Oblast,2008,436.0,13.5,False
Murder,Saratov Oblast,2008,245.0,9.6,False
Murder,Ulyanovsk Oblast,2008,187.0,14.2,False
Murder,Kurgan Oblast,2008,221.0,23.6,False
Murder,Sverdlovsk Oblast,2008,738.0,17.1,False
Murder,Tyumen Oblast,2008,230.0,17.5,False
Murder,Khanty–Mansi Autonomous Okrug – Yugra,2008,191.0,12.8,False
Murder,Yamalo-Nenets Autonomous Okrug,2008,83.0,15.8,False
Murder,Chelyabinsk Oblast,2008,552.0,15.8,False
Murder,Altai Republic,2008,56.0,27.6,False
Murder,Republic of Buryatia,2008,294.0,30.5,False
Murder,Tuva Republic,2008,196.0,64.5,False
Murder,Republic of Khakassia,2008,103.0,19.4,False
Murder,Altai Krai,2008,377.0,15.4,False
Murder,Zabaykalsky Krai,2008,424.0,38.1,False
Murder,Krasnoyarsk Krai,2008,507.0,17.9,False
Murder,Irkutsk Oblast,2008,745.0,30.3,False
Murder,Kemerovo Oblast,2008,583.0,21.0,False
Murder,Novosibirsk Oblast,2008,391.0,14.8,False
Murder,Omsk Oblast,2008,254.0,12.7,False
Murder,Tomsk Oblast,2008,140.0,13.6,False
Murder,Sakha (Yakutia) Republic,2008,230.0,24.0,False
Murder,Kamchatka Krai,2008,46.0,14.0,False
Murder,Primorsky Krai,2008,498.0,25.2,False
Murder,Khabarovsk Krai,2008,344.0,25.4,False
Murder,Amur Oblast,2008,219.0,25.9,False
Murder,Magadan Oblast,2008,50.0,30.5,False
Murder,Sakhalin Oblast,2008,122.0,24.0,False
Murder,Jewish Autonomous Oblast,2008,53.0,29.7,False
Murder,Chukotka Autonomous Okrug,2008,7.0,13.3,False
Intentional Bodily Harm,Russian Federation,2008,45436.0,31.8,True
Intentional Bodily Harm,Belgorod Oblast,2008,232.0,15.3,False
Intentional Bodily Harm,Bryansk Oblast,2008,334.0,25.6,False
Intentional Bodily Harm,Vladimir Oblast,2008,353.0,24.1,False
Intentional Bodily Harm,Voronezh Oblast,2008,418.0,17.8,False
Intentional Bodily Harm,Ivanovo Oblast,2008,289.0,26.7,False
Intentional Bodily Harm,Kaluga Oblast,2008,258.0,25.4,False
Intentional Bodily Harm,Kostroma Oblast,2008,182.0,26.6,False
Intentional Bodily Harm,Kursk Oblast,2008,206.0,17.9,False
Intentional Bodily Harm,Lipetsk Oblast,2008,235.0,19.8,False
Intentional Bodily Harm,Moscow Oblast,2008,1990.0,28.9,False
Intentional Bodily Harm,Oryol Oblast,2008,179.0,22.2,False
Intentional Bodily Harm,Ryazan Oblast,2008,219.0,18.6,False
Intentional Bodily Harm,Smolensk Oblast,2008,336.0,33.3,False
Intentional Bodily Harm,Tambov Oblast,2008,197.0,17.6,False
Intentional Bodily Harm,Tver Oblast,2008,446.0,32.2,False
Intentional Bodily Harm,Tula Oblast,2008,439.0,27.6,False
Intentional Bodily Harm,Yaroslavl Oblast,2008,358.0,27.7,False
Intentional Bodily Harm,Moscow,2008,1558.0,13.9,False
Intentional Bodily Harm,Republic of Karelia,2008,222.0,33.7,False
Intentional Bodily Harm,Komi Republic,2008,478.0,51.1,False
Intentional Bodily Harm,Arkhangelsk Oblast,2008,398.0,32.8,False
Intentional Bodily Harm,Nenets Autonomous Okrug,2008,24.0,57.3,False
Intentional Bodily Harm,Vologda Oblast,2008,479.0,39.3,False
Intentional Bodily Harm,Kaliningrad Oblast,2008,256.0,27.4,False
Intentional Bodily Harm,Leningrad Oblast,2008,546.0,32.3,False
Intentional Bodily Harm,Murmansk Oblast,2008,280.0,34.3,False
Intentional Bodily Harm,Novgorod Oblast,2008,217.0,33.3,False
Intentional Bodily Harm,Pskov Oblast,2008,236.0,33.7,False
Intentional Bodily Harm,Saint Petersburg,2008,690.0,14.5,False
Intentional Bodily Harm,Republic of Dagestan,2008,164.0,5.9,False
Intentional Bodily Harm,Republic of Ingushetia,2008,21.0,5.2,False
Intentional Bodily Harm,Kabardino-Balkar Republic,2008,92.0,10.7,False
Intentional Bodily Harm,Karachay-Cherkess Republic,2008,59.0,12.7,False
Intentional Bodily Harm,Republic of North Ossetia-Alania,2008,66.0,9.3,False
Intentional Bodily Harm,Chechen Republic,2008,28.0,2.3,False
Intentional Bodily Harm,Stavropol Krai,2008,555.0,20.1,False
Intentional Bodily Harm,Republic of Adygea,2008,72.0,16.4,False
Intentional Bodily Harm,Republic of Kalmykia,2008,62.0,21.3,False
Intentional Bodily Harm,Republic of Crimea,2008,,,False
Intentional Bodily Harm,Krasnodar Krai,2008,1032.0,20.0,False
Intentional Bodily Harm,Astrakhan Oblast,2008,254.0,25.3,False
Intentional Bodily Harm,Volgograd Oblast,2008,665.0,25.4,False
Intentional Bodily Harm,Rostov Oblast,2008,787.0,18.3,False
Intentional Bodily Harm,Sevastopol,2008,,,False
Intentional Bodily Harm,Republic of Bashkortostan,2008,1123.0,27.7,False
Intentional Bodily Harm,Mari El Republic,2008,237.0,33.6,False
Intentional Bodily Harm,Republic of Mordovia,2008,156.0,18.3,False
Intentional Bodily Harm,Republic of Tatarstan,2008,771.0,20.5,False
Intentional Bodily Harm,Udmurt Republic,2008,606.0,39.5,False
Intentional Bodily Harm,Chuvash Republic,2008,317.0,25.1,False
Intentional Bodily Harm,Perm Krai,2008,1619.0,60.5,False
Intentional Bodily Harm,Kirov Oblast,2008,335.0,24.3,False
Intentional Bodily Harm,Nizhny Novgorod Oblast,2008,801.0,23.8,False
Intentional Bodily Harm,Orenburg Oblast,2008,740.0,36.0,False
Intentional Bodily Harm,Penza Oblast,2008,273.0,19.4,False
Intentional Bodily Harm,Samara Oblast,2008,783.0,24.3,False
Intentional Bodily Harm,Saratov Oblast,2008,614.0,24.0,False
Intentional Bodily Harm,Ulyanovsk Oblast,2008,405.0,30.8,False
Intentional Bodily Harm,Kurgan Oblast,2008,353.0,37.8,False
Intentional Bodily Harm,Sverdlovsk Oblast,2008,1771.0,41.0,False
Intentional Bodily Harm,Tyumen Oblast,2008,706.0,53.7,False
Intentional Bodily Harm,Khanty–Mansi Autonomous Okrug – Yugra,2008,607.0,40.7,False
Intentional Bodily Harm,Yamalo-Nenets Autonomous Okrug,2008,207.0,39.5,False
Intentional Bodily Harm,Chelyabinsk Oblast,2008,1496.0,42.9,False
Intentional Bodily Harm,Altai Republic,2008,115.0,56.6,False
Intentional Bodily Harm,Republic of Buryatia,2008,692.0,71.7,False
Intentional Bodily Harm,Tuva Republic,2008,625.0,205.7,False
Intentional Bodily Harm,Republic of Khakassia,2008,254.0,47.8,False
Intentional Bodily Harm,Altai Krai,2008,926.0,37.7,False
Intentional Bodily Harm,Zabaykalsky Krai,2008,1017.0,91.5,False
Intentional Bodily Harm,Krasnoyarsk Krai,2008,1315.0,46.4,False
Intentional Bodily Harm,Irkutsk Oblast,2008,2388.0,97.3,False
Intentional Bodily Harm,Kemerovo Oblast,2008,1863.0,67.0,False
Intentional Bodily Harm,Novosibirsk Oblast,2008,1024.0,38.7,False
Intentional Bodily Harm,Omsk Oblast,2008,710.0,35.6,False
Intentional Bodily Harm,Tomsk Oblast,2008,437.0,42.6,False
Intentional Bodily Harm,Sakha (Yakutia) Republic,2008,727.0,75.8,False
Intentional Bodily Harm,Kamchatka Krai,2008,113.0,34.5,False
Intentional Bodily Harm,Primorsky Krai,2008,979.0,49.5,False
Intentional Bodily Harm,Khabarovsk Krai,2008,832.0,61.4,False
Intentional Bodily Harm,Amur Oblast,2008,495.0,58.6,False
Intentional Bodily Harm,Magadan Oblast,2008,90.0,54.9,False
Intentional Bodily Harm,Sakhalin Oblast,2008,277.0,54.4,False
Intentional Bodily Harm,Jewish Autonomous Oblast,2008,106.0,59.3,False
Intentional Bodily Harm,Chukotka Autonomous Okrug,2008,49.0,92.8,False
Rape,Russian Federation,2008,6208.0,4.3,True
Rape,Belgorod Oblast,2008,33.0,2.2,False
Rape,Bryansk Oblast,2008,43.0,3.3,False
Rape,Vladimir Oblast,2008,28.0,1.9,False
Rape,Voronezh Oblast,2008,39.0,1.7,False
Rape,Ivanovo Oblast,2008,52.0,4.8,False
Rape,Kaluga Oblast,2008,76.0,7.5,False
Rape,Kostroma Oblast,2008,38.0,5.6,False
Rape,Kursk Oblast,2008,46.0,4.0,False
Rape,Lipetsk Oblast,2008,37.0,3.1,False
Rape,Moscow Oblast,2008,290.0,4.2,False
Rape,Oryol Oblast,2008,18.0,2.2,False
Rape,Ryazan Oblast,2008,37.0,3.2,False
Rape,Smolensk Oblast,2008,41.0,4.1,False
Rape,Tambov Oblast,2008,39.0,3.5,False
Rape,Tver Oblast,2008,71.0,5.1,False
Rape,Tula Oblast,2008,38.0,2.4,False
Rape,Yaroslavl Oblast,2008,44.0,3.4,False
Rape,Moscow,2008,318.0,2.8,False
Rape,Republic of Karelia,2008,14.0,2.1,False
Rape,Komi Republic,2008,56.0,6.0,False
Rape,Arkhangelsk Oblast,2008,87.0,7.2,False
Rape,Nenets Autonomous Okrug,2008,1.0,2.4,False
Rape,Vologda Oblast,2008,43.0,3.5,False
Rape,Kaliningrad Oblast,2008,13.0,1.4,False
Rape,Leningrad Oblast,2008,58.0,3.4,False
Rape,Murmansk Oblast,2008,10.0,1.2,False
Rape,Novgorod Oblast,2008,30.0,4.6,False
Rape,Pskov Oblast,2008,28.0,4.0,False
Rape,Saint Petersburg,2008,119.0,2.5,False
Rape,Republic of Dagestan,2008,68.0,2.4,False
Rape,Republic of Ingushetia,2008,4.0,1.0,False
Rape,Kabardino-Balkar Republic,2008,34.0,4.0,False
Rape,Karachay-Cherkess Republic,2008,22.0,4.7,False
Rape,Republic of North Ossetia-Alania,2008,17.0,2.4,False
Rape,Chechen Republic,2008,11.0,0.9,False
Rape,Stavropol Krai,2008,68.0,2.5,False
Rape,Republic of Adygea,2008,14.0,3.2,False
Rape,Republic of Kalmykia,2008,9.0,3.1,False
Rape,Republic of Crimea,2008,,,False
Rape,Krasnodar Krai,2008,174.0,3.4,False
Rape,Astrakhan Oblast,2008,90.0,8.9,False
Rape,Volgograd Oblast,2008,153.0,5.8,False
Rape,Rostov Oblast,2008,163.0,3.8,False
Rape,Sevastopol,2008,,,False
Rape,Republic of Bashkortostan,2008,182.0,4.5,False
Rape,Mari El Republic,2008,51.0,7.2,False
Rape,Republic of Mordovia,2008,38.0,4.5,False
Rape,Republic of Tatarstan,2008,145.0,3.8,False
Rape,Udmurt Republic,2008,126.0,8.2,False
Rape,Chuvash Republic,2008,50.0,4.0,False
Rape,Perm Krai,2008,222.0,8.3,False
Rape,Kirov Oblast,2008,58.0,4.2,False
Rape,Nizhny Novgorod Oblast,2008,139.0,4.1,False
Rape,Orenburg Oblast,2008,98.0,4.8,False
Rape,Penza Oblast,2008,55.0,3.9,False
Rape,Samara Oblast,2008,101.0,3.1,False
Rape,Saratov Oblast,2008,57.0,2.2,False
Rape,Ulyanovsk Oblast,2008,51.0,3.9,False
Rape,Kurgan Oblast,2008,57.0,6.1,False
Rape,Sverdlovsk Oblast,2008,270.0,6.2,False
Rape,Tyumen Oblast,2008,97.0,7.4,False
Rape,Khanty–Mansi Autonomous Okrug – Yugra,2008,37.0,2.5,False
Rape,Yamalo-Nenets Autonomous Okrug,2008,30.0,5.7,False
Rape,Chelyabinsk Oblast,2008,195.0,5.6,False
Rape,Altai Republic,2008,25.0,12.3,False
Rape,Republic of Buryatia,2008,57.0,5.9,False
Rape,Tuva Republic,2008,160.0,52.7,False
Rape,Republic of Khakassia,2008,18.0,3.4,False
Rape,Altai Krai,2008,90.0,3.7,False
Rape,Zabaykalsky Krai,2008,85.0,7.6,False
Rape,Krasnoyarsk Krai,2008,157.0,5.5,False
Rape,Irkutsk Oblast,2008,163.0,6.6,False
Rape,Kemerovo Oblast,2008,103.0,3.7,False
Rape,Novosibirsk Oblast,2008,135.0,5.1,False
Rape,Omsk Oblast,2008,79.0,4.0,False
Rape,Tomsk Oblast,2008,25.0,2.4,False
Rape,Sakha (Yakutia) Republic,2008,74.0,7.7,False
Rape,Kamchatka Krai,2008,14.0,4.3,False
Rape,Primorsky Krai,2008,80.0,4.0,False
Rape,Khabarovsk Krai,2008,88.0,6.5,False
Rape,Amur Oblast,2008,39.0,4.6,False
Rape,Magadan Oblast,2008,10.0,6.1,False
Rape,Sakhalin Oblast,2008,36.0,7.1,False
Rape,Jewish Autonomous Oblast,2008,13.0,7.3,False
Rape,Chukotka Autonomous Okrug,2008,7.0,13.3,False
Theft,Russian Federation,2008,1326342.0,929.2,True
Theft,Belgorod Oblast,2008,6864.0,451.5,False
Theft,Bryansk Oblast,2008,10997.0,843.8,False
Theft,Vladimir Oblast,2008,14346.0,978.1,False
Theft,Voronezh Oblast,2008,16236.0,692.5,False
Theft,Ivanovo Oblast,2008,9757.0,902.5,False
Theft,Kaluga Oblast,2008,8531.0,838.2,False
Theft,Kostroma Oblast,2008,4276.0,625.7,False
Theft,Kursk Oblast,2008,11169.0,969.7,False
Theft,Lipetsk Oblast,2008,9071.0,764.4,False
Theft,Moscow Oblast,2008,48732.0,706.7,False
Theft,Oryol Oblast,2008,7662.0,951.6,False
Theft,Ryazan Oblast,2008,4877.0,415.3,False
Theft,Smolensk Oblast,2008,9297.0,921.4,False
Theft,Tambov Oblast,2008,6485.0,580.9,False
Theft,Tver Oblast,2008,17701.0,1276.3,False
Theft,Tula Oblast,2008,6831.0,430.2,False
Theft,Yaroslavl Oblast,2008,12355.0,955.9,False
Theft,Moscow,2008,92866.0,830.1,False
Theft,Republic of Karelia,2008,6236.0,945.7,False
Theft,Komi Republic,2008,9708.0,1038.4,False
Theft,Arkhangelsk Oblast,2008,12486.0,1027.4,False
Theft,Nenets Autonomous Okrug,2008,330.0,787.6,False
Theft,Vologda Oblast,2008,12169.0,997.6,False
Theft,Kaliningrad Oblast,2008,8497.0,908.5,False
Theft,Leningrad Oblast,2008,15180.0,896.9,False
Theft,Murmansk Oblast,2008,8206.0,1006.7,False
Theft,Novgorod Oblast,2008,7183.0,1101.4,False
Theft,Pskov Oblast,2008,6929.0,990.4,False
Theft,Saint Petersburg,2008,32971.0,692.0,False
Theft,Republic of Dagestan,2008,2830.0,101.5,False
Theft,Republic of Ingushetia,2008,330.0,81.2,False
Theft,Kabardino-Balkar Republic,2008,3785.0,441.5,False
Theft,Karachay-Cherkess Republic,2008,1380.0,295.9,False
Theft,Republic of North Ossetia-Alania,2008,3060.0,430.1,False
Theft,Chechen Republic,2008,428.0,35.8,False
Theft,Stavropol Krai,2008,15701.0,568.9,False
Theft,Republic of Adygea,2008,1659.0,378.9,False
Theft,Republic of Kalmykia,2008,1657.0,568.1,False
Theft,Republic of Crimea,2008,,,False
Theft,Krasnodar Krai,2008,27375.0,529.4,False
Theft,Astrakhan Oblast,2008,8486.0,843.6,False
Theft,Volgograd Oblast,2008,18657.0,711.3,False
Theft,Rostov Oblast,2008,39329.0,915.1,False
Theft,Sevastopol,2008,,,False
Theft,Republic of Bashkortostan,2008,31168.0,768.7,False
Theft,Mari El Republic,2008,7531.0,1068.3,False
Theft,Republic of Mordovia,2008,3464.0,406.7,False
Theft,Republic of Tatarstan,2008,34843.0,925.0,False
Theft,Udmurt Republic,2008,18768.0,1224.3,False
Theft,Chuvash Republic,2008,8031.0,635.9,False
Theft,Perm Krai,2008,45292.0,1693.8,False
Theft,Kirov Oblast,2008,11034.0,799.9,False
Theft,Nizhny Novgorod Oblast,2008,40577.0,1206.6,False
Theft,Orenburg Oblast,2008,14892.0,724.4,False
Theft,Penza Oblast,2008,9349.0,665.2,False
Theft,Samara Oblast,2008,33311.0,1034.2,False
Theft,Saratov Oblast,2008,19248.0,752.4,False
Theft,Ulyanovsk Oblast,2008,8632.0,655.8,False
Theft,Kurgan Oblast,2008,10816.0,1157.4,False
Theft,Sverdlovsk Oblast,2008,49543.0,1146.8,False
Theft,Tyumen Oblast,2008,19550.0,1486.3,False
Theft,Khanty–Mansi Autonomous Okrug – Yugra,2008,14532.0,974.5,False
Theft,Yamalo-Nenets Autonomous Okrug,2008,3014.0,575.2,False
Theft,Chelyabinsk Oblast,2008,42466.0,1217.1,False
Theft,Altai Republic,2008,2177.0,1071.7,False
Theft,Republic of Buryatia,2008,14799.0,1533.3,False
Theft,Tuva Republic,2008,1558.0,512.9,False
Theft,Republic of Khakassia,2008,7276.0,1369.5,False
Theft,Altai Krai,2008,29218.0,1190.9,False
Theft,Zabaykalsky Krai,2008,12857.0,1156.8,False
Theft,Krasnoyarsk Krai,2008,36759.0,1295.7,False
Theft,Irkutsk Oblast,2008,34940.0,1423.0,False
Theft,Kemerovo Oblast,2008,30590.0,1100.3,False
Theft,Novosibirsk Oblast,2008,32069.0,1213.5,False
Theft,Omsk Oblast,2008,19722.0,989.4,False
Theft,Tomsk Oblast,2008,14846.0,1446.5,False
Theft,Sakha (Yakutia) Republic,2008,9031.0,941.8,False
Theft,Kamchatka Krai,2008,2011.0,613.2,False
Theft,Primorsky Krai,2008,30845.0,1559.9,False
Theft,Khabarovsk Krai,2008,25117.0,1853.9,False
Theft,Amur Oblast,2008,10085.0,1194.5,False
Theft,Magadan Oblast,2008,1554.0,947.6,False
Theft,Sakhalin Oblast,2008,6449.0,1266.1,False
Theft,Jewish Autonomous Oblast,2008,2333.0,1305.5,False
Theft,Chukotka Autonomous Okrug,2008,314.0,594.4,False
Robbery without violence,Russian Federation,2008,243957.0,170.9,True
Robbery without violence,Belgorod Oblast,2008,789.0,51.9,False
Robbery without violence,Bryansk Oblast,2008,1000.0,76.7,False
Robbery without violence,Vladimir Oblast,2008,1910.0,130.2,False
Robbery without violence,Voronezh Oblast,2008,2007.0,85.6,False
Robbery without violence,Ivanovo Oblast,2008,1626.0,150.4,False
Robbery without violence,Kaluga Oblast,2008,946.0,93.0,False
Robbery without violence,Kostroma Oblast,2008,752.0,110.0,False
Robbery without violence,Kursk Oblast,2008,1047.0,90.9,False
Robbery without violence,Lipetsk Oblast,2008,1447.0,121.9,False
Robbery without violence,Moscow Oblast,2008,8486.0,123.1,False
Robbery without violence,Oryol Oblast,2008,678.0,84.2,False
Robbery without violence,Ryazan Oblast,2008,584.0,49.7,False
Robbery without violence,Smolensk Oblast,2008,1482.0,146.9,False
Robbery without violence,Tambov Oblast,2008,553.0,49.5,False
Robbery without violence,Tver Oblast,2008,2320.0,167.3,False
Robbery without violence,Tula Oblast,2008,885.0,55.7,False
Robbery without violence,Yaroslavl Oblast,2008,2745.0,212.4,False
Robbery without violence,Moscow,2008,20085.0,179.5,False
Robbery without violence,Republic of Karelia,2008,967.0,146.6,False
Robbery without violence,Komi Republic,2008,2036.0,217.8,False
Robbery without violence,Arkhangelsk Oblast,2008,1953.0,160.7,False
Robbery without violence,Nenets Autonomous Okrug,2008,45.0,107.4,False
Robbery without violence,Vologda Oblast,2008,2123.0,174.0,False
Robbery without violence,Kaliningrad Oblast,2008,1290.0,137.9,False
Robbery without violence,Leningrad Oblast,2008,2239.0,132.3,False
Robbery without violence,Murmansk Oblast,2008,1346.0,165.1,False
Robbery without violence,Novgorod Oblast,2008,817.0,125.3,False
Robbery without violence,Pskov Oblast,2008,717.0,102.5,False
Robbery without violence,Saint Petersburg,2008,10221.0,214.5,False
Robbery without violence,Republic of Dagestan,2008,386.0,13.8,False
Robbery without violence,Republic of Ingushetia,2008,25.0,6.1,False
Robbery without violence,Kabardino-Balkar Republic,2008,441.0,51.4,False
Robbery without violence,Karachay-Cherkess Republic,2008,155.0,33.2,False
Robbery without violence,Republic of North Ossetia-Alania,2008,386.0,54.3,False
Robbery without violence,Chechen Republic,2008,25.0,2.1,False
Robbery without violence,Stavropol Krai,2008,1747.0,63.3,False
Robbery without violence,Republic of Adygea,2008,251.0,57.3,False
Robbery without violence,Republic of Kalmykia,2008,207.0,71.0,False
Robbery without violence,Republic of Crimea,2008,,,False
Robbery without violence,Krasnodar Krai,2008,2643.0,51.1,False
Robbery without violence,Astrakhan Oblast,2008,1749.0,173.9,False
Robbery without violence,Volgograd Oblast,2008,3283.0,125.2,False
Robbery without violence,Rostov Oblast,2008,5570.0,129.6,False
Robbery without violence,Sevastopol,2008,,,False
Robbery without violence,Republic of Bashkortostan,2008,3677.0,90.7,False
Robbery without violence,Mari El Republic,2008,2469.0,350.2,False
Robbery without violence,Republic of Mordovia,2008,378.0,44.4,False
Robbery without violence,Republic of Tatarstan,2008,4651.0,123.5,False
Robbery without violence,Udmurt Republic,2008,5600.0,365.3,False
Robbery without violence,Chuvash Republic,2008,1653.0,130.9,False
Robbery without violence,Perm Krai,2008,11810.0,441.7,False
Robbery without violence,Kirov Oblast,2008,1212.0,87.9,False
Robbery without violence,Nizhny Novgorod Oblast,2008,9265.0,275.5,False
Robbery without violence,Orenburg Oblast,2008,2642.0,128.5,False
Robbery without violence,Penza Oblast,2008,1114.0,79.3,False
Robbery without violence,Samara Oblast,2008,8550.0,265.5,False
Robbery without violence,Saratov Oblast,2008,3161.0,123.6,False
Robbery without violence,Ulyanovsk Oblast,2008,1742.0,132.3,False
Robbery without violence,Kurgan Oblast,2008,1321.0,141.4,False
Robbery without violence,Sverdlovsk Oblast,2008,11963.0,276.9,False
Robbery without violence,Tyumen Oblast,2008,4175.0,317.4,False
Robbery without violence,Khanty–Mansi Autonomous Okrug – Yugra,2008,2111.0,141.6,False
Robbery without violence,Yamalo-Nenets Autonomous Okrug,2008,333.0,63.5,False
Robbery without violence,Chelyabinsk Oblast,2008,8738.0,250.4,False
Robbery without violence,Altai Republic,2008,233.0,114.7,False
Robbery without violence,Republic of Buryatia,2008,2576.0,266.9,False
Robbery without violence,Tuva Republic,2008,357.0,117.5,False
Robbery without violence,Republic of Khakassia,2008,761.0,143.2,False
Robbery without violence,Altai Krai,2008,4817.0,196.3,False
Robbery without violence,Zabaykalsky Krai,2008,1823.0,164.0,False
Robbery without violence,Krasnoyarsk Krai,2008,5335.0,188.0,False
Robbery without violence,Irkutsk Oblast,2008,11137.0,453.6,False
Robbery without violence,Kemerovo Oblast,2008,8979.0,323.0,False
Robbery without violence,Novosibirsk Oblast,2008,6927.0,262.1,False
Robbery without violence,Omsk Oblast,2008,2553.0,128.1,False
Robbery without violence,Tomsk Oblast,2008,2836.0,276.3,False
Robbery without violence,Sakha (Yakutia) Republic,2008,2026.0,211.3,False
Robbery without violence,Kamchatka Krai,2008,232.0,70.7,False
Robbery without violence,Primorsky Krai,2008,5310.0,268.5,False
Robbery without violence,Khabarovsk Krai,2008,4658.0,343.8,False
Robbery without violence,Amur Oblast,2008,1582.0,187.4,False
Robbery without violence,Magadan Oblast,2008,188.0,114.6,False
Robbery without violence,Sakhalin Oblast,2008,831.0,163.1,False
Robbery without violence,Jewish Autonomous Oblast,2008,256.0,143.2,False
Robbery without violence,Chukotka Autonomous Okrug,2008,24.0,45.4,False
Robbery with violence,Russian Federation,2008,35366.0,24.8,True
Robbery with violence,Belgorod Oblast,2008,121.0,8.0,False
Robbery with violence,Bryansk Oblast,2008,155.0,11.9,False
Robbery with violence,Vladimir Oblast,2008,373.0,25.4,False
Robbery with violence,Voronezh Oblast,2008,419.0,17.9,False
Robbery with violence,Ivanovo Oblast,2008,219.0,20.3,False
Robbery with violence,Kaluga Oblast,2008,274.0,26.9,False
Robbery with violence,Kostroma Oblast,2008,100.0,14.6,False
Robbery with violence,Kursk Oblast,2008,122.0,10.6,False
Robbery with violence,Lipetsk Oblast,2008,106.0,8.9,False
Robbery with violence,Moscow Oblast,2008,2152.0,31.2,False
Robbery with violence,Oryol Oblast,2008,126.0,15.6,False
Robbery with violence,Ryazan Oblast,2008,135.0,11.5,False
Robbery with violence,Smolensk Oblast,2008,222.0,22.0,False
Robbery with violence,Tambov Oblast,2008,99.0,8.9,False
Robbery with violence,Tver Oblast,2008,383.0,27.6,False
Robbery with violence,Tula Oblast,2008,229.0,14.4,False
Robbery with violence,Yaroslavl Oblast,2008,405.0,31.3,False
Robbery with violence,Moscow,2008,4650.0,41.6,False
Robbery with violence,Republic of Karelia,2008,115.0,17.4,False
Robbery with violence,Komi Republic,2008,163.0,17.4,False
Robbery with violence,Arkhangelsk Oblast,2008,330.0,27.2,False
Robbery with violence,Nenets Autonomous Okrug,2008,4.0,9.5,False
Robbery with violence,Vologda Oblast,2008,345.0,28.3,False
Robbery with violence,Kaliningrad Oblast,2008,136.0,14.5,False
Robbery with violence,Leningrad Oblast,2008,531.0,31.4,False
Robbery with violence,Murmansk Oblast,2008,112.0,13.7,False
Robbery with violence,Novgorod Oblast,2008,183.0,28.1,False
Robbery with violence,Pskov Oblast,2008,130.0,18.6,False
Robbery with violence,Saint Petersburg,2008,1587.0,33.3,False
Robbery with violence,Republic of Dagestan,2008,139.0,5.0,False
Robbery with violence,Republic of Ingushetia,2008,28.0,6.9,False
Robbery with violence,Kabardino-Balkar Republic,2008,84.0,9.8,False
Robbery with violence,Karachay-Cherkess Republic,2008,68.0,14.6,False
Robbery with violence,Republic of North Ossetia-Alania,2008,82.0,11.5,False
Robbery with violence,Chechen Republic,2008,37.0,3.1,False
Robbery with violence,Stavropol Krai,2008,481.0,17.4,False
Robbery with violence,Republic of Adygea,2008,34.0,7.8,False
Robbery with violence,Republic of Kalmykia,2008,27.0,9.3,False
Robbery with violence,Republic of Crimea,2008,,,False
Robbery with violence,Krasnodar Krai,2008,532.0,10.3,False
Robbery with violence,Astrakhan Oblast,2008,265.0,26.3,False
Robbery with violence,Volgograd Oblast,2008,416.0,15.9,False
Robbery with violence,Rostov Oblast,2008,962.0,22.4,False
Robbery with violence,Sevastopol,2008,,,False
Robbery with violence,Republic of Bashkortostan,2008,480.0,11.8,False
Robbery with violence,Mari El Republic,2008,167.0,23.7,False
Robbery with violence,Republic of Mordovia,2008,66.0,7.7,False
Robbery with violence,Republic of Tatarstan,2008,652.0,17.3,False
Robbery with violence,Udmurt Republic,2008,459.0,29.9,False
Robbery with violence,Chuvash Republic,2008,115.0,9.1,False
Robbery with violence,Perm Krai,2008,1357.0,50.7,False
Robbery with violence,Kirov Oblast,2008,145.0,10.5,False
Robbery with violence,Nizhny Novgorod Oblast,2008,767.0,22.8,False
Robbery with violence,Orenburg Oblast,2008,289.0,14.1,False
Robbery with violence,Penza Oblast,2008,100.0,7.1,False
Robbery with violence,Samara Oblast,2008,1126.0,35.0,False
Robbery with violence,Saratov Oblast,2008,408.0,15.9,False
Robbery with violence,Ulyanovsk Oblast,2008,357.0,27.1,False
Robbery with violence,Kurgan Oblast,2008,143.0,15.3,False
Robbery with violence,Sverdlovsk Oblast,2008,1208.0,28.0,False
Robbery with violence,Tyumen Oblast,2008,485.0,36.9,False
Robbery with violence,Khanty–Mansi Autonomous Okrug – Yugra,2008,302.0,20.3,False
Robbery with violence,Yamalo-Nenets Autonomous Okrug,2008,38.0,7.3,False
Robbery with violence,Chelyabinsk Oblast,2008,1109.0,31.8,False
Robbery with violence,Altai Republic,2008,34.0,16.7,False
Robbery with violence,Republic of Buryatia,2008,147.0,15.2,False
Robbery with violence,Tuva Republic,2008,77.0,25.3,False
Robbery with violence,Republic of Khakassia,2008,77.0,14.5,False
Robbery with violence,Altai Krai,2008,315.0,12.8,False
Robbery with violence,Zabaykalsky Krai,2008,317.0,28.5,False
Robbery with violence,Krasnoyarsk Krai,2008,736.0,25.9,False
Robbery with violence,Irkutsk Oblast,2008,1415.0,57.6,False
Robbery with violence,Kemerovo Oblast,2008,1432.0,51.5,False
Robbery with violence,Novosibirsk Oblast,2008,962.0,36.4,False
Robbery with violence,Omsk Oblast,2008,468.0,23.5,False
Robbery with violence,Tomsk Oblast,2008,188.0,18.3,False
Robbery with violence,Sakha (Yakutia) Republic,2008,237.0,24.7,False
Robbery with violence,Kamchatka Krai,2008,38.0,11.6,False
Robbery with violence,Primorsky Krai,2008,729.0,36.9,False
Robbery with violence,Khabarovsk Krai,2008,391.0,28.9,False
Robbery with violence,Amur Oblast,2008,183.0,21.7,False
Robbery with violence,Magadan Oblast,2008,22.0,13.4,False
Robbery with violence,Sakhalin Oblast,2008,88.0,17.3,False
Robbery with violence,Jewish Autonomous Oblast,2008,17.0,9.5,False
Robbery with violence,Chukotka Autonomous Okrug,2008,4.0,7.6,False
Extortion,Russian Federation,2008,9953.0,7.0,True
Extortion,Belgorod Oblast,2008,53.0,3.5,False
Extortion,Bryansk Oblast,2008,29.0,2.2,False
Extortion,Vladimir Oblast,2008,50.0,3.4,False
Extortion,Voronezh Oblast,2008,79.0,3.4,False
Extortion,Ivanovo Oblast,2008,46.0,4.3,False
Extortion,Kaluga Oblast,2008,21.0,2.1,False
Extortion,Kostroma Oblast,2008,44.0,6.4,False
Extortion,Kursk Oblast,2008,48.0,4.2,False
Extortion,Lipetsk Oblast,2008,15.0,1.3,False
Extortion,Moscow Oblast,2008,206.0,3.0,False
Extortion,Oryol Oblast,2008,40.0,5.0,False
Extortion,Ryazan Oblast,2008,9.0,0.8,False
Extortion,Smolensk Oblast,2008,82.0,8.1,False
Extortion,Tambov Oblast,2008,31.0,2.8,False
Extortion,Tver Oblast,2008,68.0,4.9,False
Extortion,Tula Oblast,2008,23.0,1.4,False
Extortion,Yaroslavl Oblast,2008,86.0,6.7,False
Extortion,Moscow,2008,207.0,1.9,False
Extortion,Republic of Karelia,2008,16.0,2.4,False
Extortion,Komi Republic,2008,133.0,14.2,False
Extortion,Arkhangelsk Oblast,2008,91.0,7.5,False
Extortion,Nenets Autonomous Okrug,2008,10.0,23.9,False
Extortion,Vologda Oblast,2008,98.0,8.0,False
Extortion,Kaliningrad Oblast,2008,19.0,2.0,False
Extortion,Leningrad Oblast,2008,306.0,18.1,False
Extortion,Murmansk Oblast,2008,45.0,5.5,False
Extortion,Novgorod Oblast,2008,41.0,6.3,False
Extortion,Pskov Oblast,2008,23.0,3.3,False
Extortion,Saint Petersburg,2008,82.0,1.7,False
Extortion,Republic of Dagestan,2008,46.0,1.6,False
Extortion,Republic of Ingushetia,2008,5.0,1.2,False
Extortion,Kabardino-Balkar Republic,2008,24.0,2.8,False
Extortion,Karachay-Cherkess Republic,2008,21.0,4.5,False
Extortion,Republic of North Ossetia-Alania,2008,28.0,3.9,False
Extortion,Chechen Republic,2008,15.0,1.3,False
Extortion,Stavropol Krai,2008,100.0,3.6,False
Extortion,Republic of Adygea,2008,9.0,2.1,False
Extortion,Republic of Kalmykia,2008,42.0,14.4,False
Extortion,Republic of Crimea,2008,,,False
Extortion,Krasnodar Krai,2008,129.0,2.5,False
Extortion,Astrakhan Oblast,2008,68.0,6.8,False
Extortion,Volgograd Oblast,2008,89.0,3.4,False
Extortion,Rostov Oblast,2008,173.0,4.0,False
Extortion,Sevastopol,2008,,,False
Extortion,Republic of Bashkortostan,2008,302.0,7.4,False
Extortion,Mari El Republic,2008,91.0,12.9,False
Extortion,Republic of Mordovia,2008,109.0,12.8,False
Extortion,Republic of Tatarstan,2008,385.0,10.2,False
Extortion,Udmurt Republic,2008,176.0,11.5,False
Extortion,Chuvash Republic,2008,156.0,12.4,False
Extortion,Perm Krai,2008,244.0,9.1,False
Extortion,Kirov Oblast,2008,67.0,4.9,False
Extortion,Nizhny Novgorod Oblast,2008,276.0,8.2,False
Extortion,Orenburg Oblast,2008,195.0,9.5,False
Extortion,Penza Oblast,2008,47.0,3.3,False
Extortion,Samara Oblast,2008,328.0,10.2,False
Extortion,Saratov Oblast,2008,54.0,2.1,False
Extortion,Ulyanovsk Oblast,2008,73.0,5.5,False
Extortion,Kurgan Oblast,2008,82.0,8.8,False
Extortion,Sverdlovsk Oblast,2008,335.0,7.8,False
Extortion,Tyumen Oblast,2008,163.0,12.4,False
Extortion,Khanty–Mansi Autonomous Okrug – Yugra,2008,217.0,14.6,False
Extortion,Yamalo-Nenets Autonomous Okrug,2008,51.0,9.7,False
Extortion,Chelyabinsk Oblast,2008,190.0,5.4,False
Extortion,Altai Republic,2008,19.0,9.4,False
Extortion,Republic of Buryatia,2008,164.0,17.0,False
Extortion,Tuva Republic,2008,11.0,3.6,False
Extortion,Republic of Khakassia,2008,25.0,4.7,False
Extortion,Altai Krai,2008,110.0,4.5,False
Extortion,Zabaykalsky Krai,2008,159.0,14.3,False
Extortion,Krasnoyarsk Krai,2008,196.0,6.9,False
Extortion,Irkutsk Oblast,2008,352.0,14.3,False
Extortion,Kemerovo Oblast,2008,147.0,5.3,False
Extortion,Novosibirsk Oblast,2008,675.0,25.5,False
Extortion,Omsk Oblast,2008,72.0,3.6,False
Extortion,Tomsk Oblast,2008,50.0,4.9,False
Extortion,Sakha (Yakutia) Republic,2008,84.0,8.8,False
Extortion,Kamchatka Krai,2008,7.0,2.1,False
Extortion,Primorsky Krai,2008,250.0,12.6,False
Extortion,Khabarovsk Krai,2008,392.0,28.9,False
Extortion,Amur Oblast,2008,64.0,7.6,False
Extortion,Magadan Oblast,2008,12.0,7.3,False
Extortion,Sakhalin Oblast,2008,21.0,4.1,False
Extortion,Jewish Autonomous Oblast,2008,11.0,6.2,False
Extortion,Chukotka Autonomous Okrug,2008,1.0,1.9,False
Hooliganism,Russian Federation,2008,13589.0,9.5,True
Hooliganism,Belgorod Oblast,2008,82.0,5.4,False
Hooliganism,Bryansk Oblast,2008,95.0,7.3,False
Hooliganism,Vladimir Oblast,2008,115.0,7.8,False
Hooliganism,Voronezh Oblast,2008,57.0,2.4,False
Hooliganism,Ivanovo Oblast,2008,76.0,7.0,False
Hooliganism,Kaluga Oblast,2008,75.0,7.4,False
Hooliganism,Kostroma Oblast,2008,20.0,2.9,False
Hooliganism,Kursk Oblast,2008,49.0,4.3,False
Hooliganism,Lipetsk Oblast,2008,61.0,5.1,False
Hooliganism,Moscow Oblast,2008,615.0,8.9,False
Hooliganism,Oryol Oblast,2008,107.0,13.3,False
Hooliganism,Ryazan Oblast,2008,19.0,1.6,False
Hooliganism,Smolensk Oblast,2008,160.0,15.9,False
Hooliganism,Tambov Oblast,2008,112.0,10.0,False
Hooliganism,Tver Oblast,2008,220.0,15.9,False
Hooliganism,Tula Oblast,2008,63.0,4.0,False
Hooliganism,Yaroslavl Oblast,2008,51.0,3.9,False
Hooliganism,Moscow,2008,1586.0,14.2,False
Hooliganism,Republic of Karelia,2008,47.0,7.1,False
Hooliganism,Komi Republic,2008,107.0,11.4,False
Hooliganism,Arkhangelsk Oblast,2008,102.0,8.4,False
Hooliganism,Nenets Autonomous Okrug,2008,20.0,47.7,False
Hooliganism,Vologda Oblast,2008,257.0,21.1,False
Hooliganism,Kaliningrad Oblast,2008,30.0,3.2,False
Hooliganism,Leningrad Oblast,2008,78.0,4.6,False
Hooliganism,Murmansk Oblast,2008,54.0,6.6,False
Hooliganism,Novgorod Oblast,2008,123.0,18.9,False
Hooliganism,Pskov Oblast,2008,42.0,6.0,False
Hooliganism,Saint Petersburg,2008,429.0,9.0,False
Hooliganism,Republic of Dagestan,2008,85.0,3.0,False
Hooliganism,Republic of Ingushetia,2008,36.0,8.9,False
Hooliganism,Kabardino-Balkar Republic,2008,22.0,2.6,False
Hooliganism,Karachay-Cherkess Republic,2008,9.0,1.9,False
Hooliganism,Republic of North Ossetia-Alania,2008,66.0,9.3,False
Hooliganism,Chechen Republic,2008,11.0,0.9,False
Hooliganism,Stavropol Krai,2008,150.0,5.4,False
Hooliganism,Republic of Adygea,2008,10.0,2.3,False
Hooliganism,Republic of Kalmykia,2008,76.0,26.1,False
Hooliganism,Republic of Crimea,2008,,,False
Hooliganism,Krasnodar Krai,2008,159.0,3.1,False
Hooliganism,Astrakhan Oblast,2008,175.0,17.4,False
Hooliganism,Volgograd Oblast,2008,166.0,6.3,False
Hooliganism,Rostov Oblast,2008,191.0,4.4,False
Hooliganism,Sevastopol,2008,,,False
Hooliganism,Republic of Bashkortostan,2008,303.0,7.5,False
Hooliganism,Mari El Republic,2008,185.0,26.2,False
Hooliganism,Republic of Mordovia,2008,31.0,3.6,False
Hooliganism,Republic of Tatarstan,2008,445.0,11.8,False
Hooliganism,Udmurt Republic,2008,263.0,17.2,False
Hooliganism,Chuvash Republic,2008,94.0,7.4,False
Hooliganism,Perm Krai,2008,304.0,11.4,False
Hooliganism,Kirov Oblast,2008,53.0,3.8,False
Hooliganism,Nizhny Novgorod Oblast,2008,195.0,5.8,False
Hooliganism,Orenburg Oblast,2008,182.0,8.9,False
Hooliganism,Penza Oblast,2008,38.0,2.7,False
Hooliganism,Samara Oblast,2008,502.0,15.6,False
Hooliganism,Saratov Oblast,2008,121.0,4.7,False
Hooliganism,Ulyanovsk Oblast,2008,151.0,11.5,False
Hooliganism,Kurgan Oblast,2008,339.0,36.3,False
Hooliganism,Sverdlovsk Oblast,2008,538.0,12.5,False
Hooliganism,Tyumen Oblast,2008,597.0,45.4,False
Hooliganism,Khanty–Mansi Autonomous Okrug – Yugra,2008,287.0,19.2,False
Hooliganism,Yamalo-Nenets Autonomous Okrug,2008,29.0,5.5,False
Hooliganism,Chelyabinsk Oblast,2008,574.0,16.5,False
Hooliganism,Altai Republic,2008,6.0,3.0,False
Hooliganism,Republic of Buryatia,2008,303.0,31.4,False
Hooliganism,Tuva Republic,2008,33.0,10.9,False
Hooliganism,Republic of Khakassia,2008,14.0,2.6,False
Hooliganism,Altai Krai,2008,56.0,2.3,False
Hooliganism,Zabaykalsky Krai,2008,38.0,3.4,False
Hooliganism,Krasnoyarsk Krai,2008,184.0,6.5,False
Hooliganism,Irkutsk Oblast,2008,470.0,19.1,False
Hooliganism,Kemerovo Oblast,2008,82.0,2.9,False
Hooliganism,Novosibirsk Oblast,2008,256.0,9.7,False
Hooliganism,Omsk Oblast,2008,86.0,4.3,False
Hooliganism,Tomsk Oblast,2008,24.0,2.3,False
Hooliganism,Sakha (Yakutia) Republic,2008,63.0,6.6,False
Hooliganism,Kamchatka Krai,2008,5.0,1.5,False
Hooliganism,Primorsky Krai,2008,176.0,8.9,False
Hooliganism,Khabarovsk Krai,2008,88.0,6.5,False
Hooliganism,Amur Oblast,2008,21.0,2.5,False
Hooliganism,Magadan Oblast,2008,5.0,3.0,False
Hooliganism,Sakhalin Oblast,2008,18.0,3.5,False
Hooliganism,Jewish Autonomous Oblast,2008,2.0,1.1,False
Hooliganism,Chukotka Autonomous Okrug,2008,1.0,1.9,False
Crimes in the Sphere of Economic Activity,Russian Federation,2008,,,True
Crimes in the Sphere of Economic Activity,Belgorod Oblast,2008,,,False
Crimes in the Sphere of Economic Activity,Bryansk Oblast,2008,,,False
Crimes in the Sphere of Economic Activity,Vladimir Oblast,2008,,,False
Crimes in the Sphere of Economic Activity,Voronezh Oblast,2008,,,False
Crimes in the Sphere of Economic Activity,Ivanovo Oblast,2008,,,False
Crimes in the Sphere of Economic Activity,Kaluga Oblast,2008,,,False
Crimes in the Sphere of Economic Activity,Kostroma Oblast,2008,,,False
Crimes in the Sphere of Economic Activity,Kursk Oblast,2008,,,False
Crimes in the Sphere of Economic Activity,Lipetsk Oblast,2008,,,False
Crimes in the Sphere of Economic Activity,Moscow Oblast,2008,,,False
Crimes in the Sphere of Economic Activity,Oryol Oblast,2008,,,False
Crimes in the Sphere of Economic Activity,Ryazan Oblast,2008,,,False
Crimes in the Sphere of Economic Activity,Smolensk Oblast,2008,,,False
Crimes in the Sphere of Economic Activity,Tambov Oblast,2008,,,False
Crimes in the Sphere of Economic Activity,Tver Oblast,2008,,,False
Crimes in the Sphere of Economic Activity,Tula Oblast,2008,,,False
Crimes in the Sphere of Economic Activity,Yaroslavl Oblast,2008,,,False
Crimes in the Sphere of Economic Activity,Moscow,2008,,,False
Crimes in the Sphere of Economic Activity,Republic of Karelia,2008,,,False
Crimes in the Sphere of Economic Activity,Komi Republic,2008,,,False
Crimes in the Sphere of Economic Activity,Arkhangelsk Oblast,2008,,,False
Crimes in the Sphere of Economic Activity,Nenets Autonomous Okrug,2008,,,False
Crimes in the Sphere of Economic Activity,Vologda Oblast,2008,,,False
Crimes in the Sphere of Economic Activity,Kaliningrad Oblast,2008,,,False
Crimes in the Sphere of Economic Activity,Leningrad Oblast,2008,,,False
Crimes in the Sphere of Economic Activity,Murmansk Oblast,2008,,,False
Crimes in the Sphere of Economic Activity,Novgorod Oblast,2008,,,False
Crimes in the Sphere of Economic Activity,Pskov Oblast,2008,,,False
Crimes in the Sphere of Economic Activity,Saint Petersburg,2008,,,False
Crimes in the Sphere of Economic Activity,Republic of Dagestan,2008,,,False
Crimes in the Sphere of Economic Activity,Republic of Ingushetia,2008,,,False
Crimes in the Sphere of Economic Activity,Kabardino-Balkar Republic,2008,,,False
Crimes in the Sphere of Economic Activity,Karachay-Cherkess Republic,2008,,,False
Crimes in the Sphere of Economic Activity,Republic of North Ossetia-Alania,2008,,,False
Crimes in the Sphere of Economic Activity,Chechen Republic,2008,,,False
Crimes in the Sphere of Economic Activity,Stavropol Krai,2008,,,False
Crimes in the Sphere of Economic Activity,Republic of Adygea,2008,,,False
Crimes in the Sphere of Economic Activity,Republic of Kalmykia,2008,,,False
Crimes in the Sphere of Economic Activity,Republic of Crimea,2008,,,False
Crimes in the Sphere of Economic Activity,Krasnodar Krai,2008,,,False
Crimes in the Sphere of Economic Activity,Astrakhan Oblast,2008,,,False
Crimes in the Sphere of Economic Activity,Volgograd Oblast,2008,,,False
Crimes in the Sphere of Economic Activity,Rostov Oblast,2008,,,False
Crimes in the Sphere of Economic Activity,Sevastopol,2008,,,False
Crimes in the Sphere of Economic Activity,Republic of Bashkortostan,2008,,,False
Crimes in the Sphere of Economic Activity,Mari El Republic,2008,,,False
Crimes in the Sphere of Economic Activity,Republic of Mordovia,2008,,,False
Crimes in the Sphere of Economic Activity,Republic of Tatarstan,2008,,,False
Crimes in the Sphere of Economic Activity,Udmurt Republic,2008,,,False
Crimes in the Sphere of Economic Activity,Chuvash Republic,2008,,,False
Crimes in the Sphere of Economic Activity,Perm Krai,2008,,,False
Crimes in the Sphere of Economic Activity,Kirov Oblast,2008,,,False
Crimes in the Sphere of Economic Activity,Nizhny Novgorod Oblast,2008,,,False
Crimes in the Sphere of Economic Activity,Orenburg Oblast,2008,,,False
Crimes in the Sphere of Economic Activity,Penza Oblast,2008,,,False
Crimes in the Sphere of Economic Activity,Samara Oblast,2008,,,False
Crimes in the Sphere of Economic Activity,Saratov Oblast,2008,,,False
Crimes in the Sphere of Economic Activity,Ulyanovsk Oblast,2008,,,False
Crimes in the Sphere of Economic Activity,Kurgan Oblast,2008,,,False
Crimes in the Sphere of Economic Activity,Sverdlovsk Oblast,2008,,,False
Crimes in the Sphere of Economic Activity,Tyumen Oblast,2008,,,False
Crimes in the Sphere of Economic Activity,Khanty–Mansi Autonomous Okrug – Yugra,2008,,,False
Crimes in the Sphere of Economic Activity,Yamalo-Nenets Autonomous Okrug,2008,,,False
Crimes in the Sphere of Economic Activity,Chelyabinsk Oblast,2008,,,False
Crimes in the Sphere of Economic Activity,Altai Republic,2008,,,False
Crimes in the Sphere of Economic Activity,Republic of Buryatia,2008,,,False
Crimes in the Sphere of Economic Activity,Tuva Republic,2008,,,False
Crimes in the Sphere of Economic Activity,Republic of Khakassia,2008,,,False
Crimes in the Sphere of Economic Activity,Altai Krai,2008,,,False
Crimes in the Sphere of Economic Activity,Zabaykalsky Krai,2008,,,False
Crimes in the Sphere of Economic Activity,Krasnoyarsk Krai,2008,,,False
Crimes in the Sphere of Economic Activity,Irkutsk Oblast,2008,,,False
Crimes in the Sphere of Economic Activity,Kemerovo Oblast,2008,,,False
Crimes in the Sphere of Economic Activity,Novosibirsk Oblast,2008,,,False
Crimes in the Sphere of Economic Activity,Omsk Oblast,2008,,,False
Crimes in the Sphere of Economic Activity,Tomsk Oblast,2008,,,False
Crimes in the Sphere of Economic Activity,Sakha (Yakutia) Republic,2008,,,False
Crimes in the Sphere of Economic Activity,Kamchatka Krai,2008,,,False
Crimes in the Sphere of Economic Activity,Primorsky Krai,2008,,,False
Crimes in the Sphere of Economic Activity,Khabarovsk Krai,2008,,,False
Crimes in the Sphere of Economic Activity,Amur Oblast,2008,,,False
Crimes in the Sphere of Economic Activity,Magadan Oblast,2008,,,False
Crimes in the Sphere of Economic Activity,Sakhalin Oblast,2008,,,False
Crimes in the Sphere of Economic Activity,Jewish Autonomous Oblast,2008,,,False
Crimes in the Sphere of Economic Activity,Chukotka Autonomous Okrug,2008,,,False
Murder,Russian Federation,2009,17414.0,12.2,True
Murder,Belgorod Oblast,2009,83.0,5.4,False
Murder,Bryansk Oblast,2009,135.0,10.4,False
Murder,Vladimir Oblast,2009,173.0,11.9,False
Murder,Voronezh Oblast,2009,150.0,6.4,False
Murder,Ivanovo Oblast,2009,155.0,14.4,False
Murder,Kaluga Oblast,2009,136.0,13.4,False
Murder,Kostroma Oblast,2009,84.0,12.4,False
Murder,Kursk Oblast,2009,99.0,8.7,False
Murder,Lipetsk Oblast,2009,104.0,8.8,False
Murder,Moscow Oblast,2009,855.0,12.3,False
Murder,Oryol Oblast,2009,80.0,10.0,False
Murder,Ryazan Oblast,2009,125.0,10.7,False
Murder,Smolensk Oblast,2009,121.0,12.1,False
Murder,Tambov Oblast,2009,91.0,8.2,False
Murder,Tver Oblast,2009,163.0,11.9,False
Murder,Tula Oblast,2009,203.0,12.9,False
Murder,Yaroslavl Oblast,2009,115.0,8.9,False
Murder,Moscow,2009,625.0,5.5,False
Murder,Republic of Karelia,2009,92.0,14.1,False
Murder,Komi Republic,2009,156.0,16.9,False
Murder,Arkhangelsk Oblast,2009,163.0,13.5,False
Murder,Nenets Autonomous Okrug,2009,8.0,19.1,False
Murder,Vologda Oblast,2009,179.0,14.7,False
Murder,Kaliningrad Oblast,2009,96.0,10.2,False
Murder,Leningrad Oblast,2009,283.0,16.7,False
Murder,Murmansk Oblast,2009,61.0,7.6,False
Murder,Novgorod Oblast,2009,111.0,17.2,False
Murder,Pskov Oblast,2009,89.0,12.9,False
Murder,Saint Petersburg,2009,532.0,11.1,False
Murder,Republic of Dagestan,2009,200.0,7.1,False
Murder,Republic of Ingushetia,2009,99.0,24.2,False
Murder,Kabardino-Balkar Republic,2009,49.0,5.7,False
Murder,Karachay-Cherkess Republic,2009,51.0,10.8,False
Murder,Republic of North Ossetia-Alania,2009,70.0,9.8,False
Murder,Chechen Republic,2009,149.0,12.2,False
Murder,Stavropol Krai,2009,204.0,7.4,False
Murder,Republic of Adygea,2009,50.0,11.4,False
Murder,Republic of Kalmykia,2009,50.0,17.2,False
Murder,Republic of Crimea,2009,,,False
Murder,Krasnodar Krai,2009,358.0,6.9,False
Murder,Astrakhan Oblast,2009,101.0,10.0,False
Murder,Volgograd Oblast,2009,283.0,10.8,False
Murder,Rostov Oblast,2009,317.0,7.4,False
Murder,Sevastopol,2009,,,False
Murder,Republic of Bashkortostan,2009,421.0,10.4,False
Murder,Mari El Republic,2009,115.0,16.4,False
Murder,Republic of Mordovia,2009,69.0,8.2,False
Murder,Republic of Tatarstan,2009,286.0,7.6,False
Murder,Udmurt Republic,2009,146.0,9.6,False
Murder,Chuvash Republic,2009,102.0,8.1,False
Murder,Perm Krai,2009,555.0,20.9,False
Murder,Kirov Oblast,2009,132.0,9.7,False
Murder,Nizhny Novgorod Oblast,2009,330.0,9.9,False
Murder,Orenburg Oblast,2009,309.0,15.1,False
Murder,Penza Oblast,2009,116.0,8.3,False
Murder,Samara Oblast,2009,390.0,12.1,False
Murder,Saratov Oblast,2009,199.0,7.8,False
Murder,Ulyanovsk Oblast,2009,128.0,9.8,False
Murder,Kurgan Oblast,2009,173.0,18.7,False
Murder,Sverdlovsk Oblast,2009,646.0,15.0,False
Murder,Tyumen Oblast,2009,214.0,16.2,False
Murder,Khanty–Mansi Autonomous Okrug – Yugra,2009,184.0,12.2,False
Murder,Yamalo-Nenets Autonomous Okrug,2009,66.0,12.6,False
Murder,Chelyabinsk Oblast,2009,495.0,14.2,False
Murder,Altai Republic,2009,56.0,27.4,False
Murder,Republic of Buryatia,2009,241.0,24.9,False
Murder,Tuva Republic,2009,182.0,59.6,False
Murder,Republic of Khakassia,2009,80.0,15.0,False
Murder,Altai Krai,2009,294.0,12.1,False
Murder,Zabaykalsky Krai,2009,410.0,37.0,False
Murder,Krasnoyarsk Krai,2009,441.0,15.6,False
Murder,Irkutsk Oblast,2009,645.0,26.3,False
Murder,Kemerovo Oblast,2009,496.0,17.9,False
Murder,Novosibirsk Oblast,2009,337.0,12.7,False
Murder,Omsk Oblast,2009,242.0,12.2,False
Murder,Tomsk Oblast,2009,125.0,12.1,False
Murder,Sakha (Yakutia) Republic,2009,208.0,21.7,False
Murder,Kamchatka Krai,2009,45.0,13.8,False
Murder,Primorsky Krai,2009,411.0,20.9,False
Murder,Khabarovsk Krai,2009,264.0,19.5,False
Murder,Amur Oblast,2009,177.0,21.1,False
Murder,Magadan Oblast,2009,40.0,24.9,False
Murder,Sakhalin Oblast,2009,123.0,24.4,False
Murder,Jewish Autonomous Oblast,2009,32.0,18.0,False
Murder,Chukotka Autonomous Okrug,2009,20.0,38.4,False
Intentional Bodily Harm,Russian Federation,2009,43112.0,30.2,True
Intentional Bodily Harm,Belgorod Oblast,2009,206.0,13.5,False
Intentional Bodily Harm,Bryansk Oblast,2009,320.0,24.7,False
Intentional Bodily Harm,Vladimir Oblast,2009,360.0,24.7,False
Intentional Bodily Harm,Voronezh Oblast,2009,429.0,18.3,False
Intentional Bodily Harm,Ivanovo Oblast,2009,336.0,31.3,False
Intentional Bodily Harm,Kaluga Oblast,2009,271.0,26.7,False
Intentional Bodily Harm,Kostroma Oblast,2009,175.0,25.8,False
Intentional Bodily Harm,Kursk Oblast,2009,229.0,20.0,False
Intentional Bodily Harm,Lipetsk Oblast,2009,213.0,18.0,False
Intentional Bodily Harm,Moscow Oblast,2009,1790.0,25.7,False
Intentional Bodily Harm,Oryol Oblast,2009,133.0,16.6,False
Intentional Bodily Harm,Ryazan Oblast,2009,217.0,18.6,False
Intentional Bodily Harm,Smolensk Oblast,2009,280.0,28.0,False
Intentional Bodily Harm,Tambov Oblast,2009,186.0,16.8,False
Intentional Bodily Harm,Tver Oblast,2009,416.0,30.2,False
Intentional Bodily Harm,Tula Oblast,2009,457.0,29.0,False
Intentional Bodily Harm,Yaroslavl Oblast,2009,349.0,27.1,False
Intentional Bodily Harm,Moscow,2009,1490.0,13.2,False
Intentional Bodily Harm,Republic of Karelia,2009,222.0,34.0,False
Intentional Bodily Harm,Komi Republic,2009,453.0,49.1,False
Intentional Bodily Harm,Arkhangelsk Oblast,2009,400.0,33.2,False
Intentional Bodily Harm,Nenets Autonomous Okrug,2009,17.0,40.6,False
Intentional Bodily Harm,Vologda Oblast,2009,436.0,35.9,False
Intentional Bodily Harm,Kaliningrad Oblast,2009,234.0,25.0,False
Intentional Bodily Harm,Leningrad Oblast,2009,517.0,30.4,False
Intentional Bodily Harm,Murmansk Oblast,2009,272.0,33.8,False
Intentional Bodily Harm,Novgorod Oblast,2009,211.0,32.7,False
Intentional Bodily Harm,Pskov Oblast,2009,209.0,30.3,False
Intentional Bodily Harm,Saint Petersburg,2009,612.0,12.8,False
Intentional Bodily Harm,Republic of Dagestan,2009,160.0,5.7,False
Intentional Bodily Harm,Republic of Ingushetia,2009,23.0,5.6,False
Intentional Bodily Harm,Kabardino-Balkar Republic,2009,116.0,13.5,False
Intentional Bodily Harm,Karachay-Cherkess Republic,2009,67.0,14.3,False
Intentional Bodily Harm,Republic of North Ossetia-Alania,2009,53.0,7.4,False
Intentional Bodily Harm,Chechen Republic,2009,19.0,1.6,False
Intentional Bodily Harm,Stavropol Krai,2009,505.0,18.2,False
Intentional Bodily Harm,Republic of Adygea,2009,87.0,19.8,False
Intentional Bodily Harm,Republic of Kalmykia,2009,79.0,27.2,False
Intentional Bodily Harm,Republic of Crimea,2009,,,False
Intentional Bodily Harm,Krasnodar Krai,2009,957.0,18.4,False
Intentional Bodily Harm,Astrakhan Oblast,2009,232.0,23.0,False
Intentional Bodily Harm,Volgograd Oblast,2009,660.0,25.2,False
Intentional Bodily Harm,Rostov Oblast,2009,752.0,17.5,False
Intentional Bodily Harm,Sevastopol,2009,,,False
Intentional Bodily Harm,Republic of Bashkortostan,2009,1122.0,27.6,False
Intentional Bodily Harm,Mari El Republic,2009,184.0,26.2,False
Intentional Bodily Harm,Republic of Mordovia,2009,168.0,19.9,False
Intentional Bodily Harm,Republic of Tatarstan,2009,678.0,18.0,False
Intentional Bodily Harm,Udmurt Republic,2009,608.0,39.8,False
Intentional Bodily Harm,Chuvash Republic,2009,305.0,24.2,False
Intentional Bodily Harm,Perm Krai,2009,1499.0,56.3,False
Intentional Bodily Harm,Kirov Oblast,2009,307.0,22.5,False
Intentional Bodily Harm,Nizhny Novgorod Oblast,2009,804.0,24.0,False
Intentional Bodily Harm,Orenburg Oblast,2009,735.0,36.0,False
Intentional Bodily Harm,Penza Oblast,2009,253.0,18.1,False
Intentional Bodily Harm,Samara Oblast,2009,763.0,23.7,False
Intentional Bodily Harm,Saratov Oblast,2009,555.0,21.8,False
Intentional Bodily Harm,Ulyanovsk Oblast,2009,345.0,26.4,False
Intentional Bodily Harm,Kurgan Oblast,2009,348.0,37.6,False
Intentional Bodily Harm,Sverdlovsk Oblast,2009,1770.0,41.0,False
Intentional Bodily Harm,Tyumen Oblast,2009,700.0,52.9,False
Intentional Bodily Harm,Khanty–Mansi Autonomous Okrug – Yugra,2009,535.0,35.6,False
Intentional Bodily Harm,Yamalo-Nenets Autonomous Okrug,2009,214.0,40.9,False
Intentional Bodily Harm,Chelyabinsk Oblast,2009,1479.0,42.4,False
Intentional Bodily Harm,Altai Republic,2009,131.0,64.0,False
Intentional Bodily Harm,Republic of Buryatia,2009,647.0,66.9,False
Intentional Bodily Harm,Tuva Republic,2009,683.0,223.7,False
Intentional Bodily Harm,Republic of Khakassia,2009,298.0,56.0,False
Intentional Bodily Harm,Altai Krai,2009,859.0,35.2,False
Intentional Bodily Harm,Zabaykalsky Krai,2009,926.0,83.5,False
Intentional Bodily Harm,Krasnoyarsk Krai,2009,1373.0,48.5,False
Intentional Bodily Harm,Irkutsk Oblast,2009,2058.0,84.1,False
Intentional Bodily Harm,Kemerovo Oblast,2009,1803.0,64.9,False
Intentional Bodily Harm,Novosibirsk Oblast,2009,931.0,35.1,False
Intentional Bodily Harm,Omsk Oblast,2009,658.0,33.1,False
Intentional Bodily Harm,Tomsk Oblast,2009,384.0,37.2,False
Intentional Bodily Harm,Sakha (Yakutia) Republic,2009,665.0,69.4,False
Intentional Bodily Harm,Kamchatka Krai,2009,112.0,34.4,False
Intentional Bodily Harm,Primorsky Krai,2009,851.0,43.2,False
Intentional Bodily Harm,Khabarovsk Krai,2009,758.0,56.1,False
Intentional Bodily Harm,Amur Oblast,2009,445.0,53.0,False
Intentional Bodily Harm,Magadan Oblast,2009,75.0,46.6,False
Intentional Bodily Harm,Sakhalin Oblast,2009,243.0,48.1,False
Intentional Bodily Harm,Jewish Autonomous Oblast,2009,113.0,63.4,False
Intentional Bodily Harm,Chukotka Autonomous Okrug,2009,48.0,92.1,False
Rape,Russian Federation,2009,5398.0,3.8,True
Rape,Belgorod Oblast,2009,21.0,1.4,False
Rape,Bryansk Oblast,2009,39.0,3.0,False
Rape,Vladimir Oblast,2009,49.0,3.4,False
Rape,Voronezh Oblast,2009,44.0,1.9,False
Rape,Ivanovo Oblast,2009,29.0,2.7,False
Rape,Kaluga Oblast,2009,63.0,6.2,False
Rape,Kostroma Oblast,2009,32.0,4.7,False
Rape,Kursk Oblast,2009,55.0,4.8,False
Rape,Lipetsk Oblast,2009,12.0,1.0,False
Rape,Moscow Oblast,2009,211.0,3.0,False
Rape,Oryol Oblast,2009,25.0,3.1,False
Rape,Ryazan Oblast,2009,29.0,2.5,False
Rape,Smolensk Oblast,2009,101.0,10.1,False
Rape,Tambov Oblast,2009,36.0,3.2,False
Rape,Tver Oblast,2009,69.0,5.0,False
Rape,Tula Oblast,2009,42.0,2.7,False
Rape,Yaroslavl Oblast,2009,41.0,3.2,False
Rape,Moscow,2009,269.0,2.4,False
Rape,Republic of Karelia,2009,17.0,2.6,False
Rape,Komi Republic,2009,59.0,6.4,False
Rape,Arkhangelsk Oblast,2009,85.0,7.1,False
Rape,Nenets Autonomous Okrug,2009,1.0,2.4,False
Rape,Vologda Oblast,2009,33.0,2.7,False
Rape,Kaliningrad Oblast,2009,20.0,2.1,False
Rape,Leningrad Oblast,2009,49.0,2.9,False
Rape,Murmansk Oblast,2009,5.0,0.6,False
Rape,Novgorod Oblast,2009,24.0,3.7,False
Rape,Pskov Oblast,2009,18.0,2.6,False
Rape,Saint Petersburg,2009,101.0,2.1,False
Rape,Republic of Dagestan,2009,76.0,2.7,False
Rape,Republic of Ingushetia,2009,1.0,0.2,False
Rape,Kabardino-Balkar Republic,2009,43.0,5.0,False
Rape,Karachay-Cherkess Republic,2009,34.0,7.2,False
Rape,Republic of North Ossetia-Alania,2009,15.0,2.1,False
Rape,Chechen Republic,2009,2.0,0.2,False
Rape,Stavropol Krai,2009,72.0,2.6,False
Rape,Republic of Adygea,2009,18.0,4.1,False
Rape,Republic of Kalmykia,2009,9.0,3.1,False
Rape,Republic of Crimea,2009,,,False
Rape,Krasnodar Krai,2009,142.0,2.7,False
Rape,Astrakhan Oblast,2009,103.0,10.2,False
Rape,Volgograd Oblast,2009,107.0,4.1,False
Rape,Rostov Oblast,2009,139.0,3.2,False
Rape,Sevastopol,2009,,,False
Rape,Republic of Bashkortostan,2009,164.0,4.0,False
Rape,Mari El Republic,2009,39.0,5.6,False
Rape,Republic of Mordovia,2009,30.0,3.6,False
Rape,Republic of Tatarstan,2009,122.0,3.2,False
Rape,Udmurt Republic,2009,112.0,7.3,False
Rape,Chuvash Republic,2009,81.0,6.4,False
Rape,Perm Krai,2009,207.0,7.8,False
Rape,Kirov Oblast,2009,56.0,4.1,False
Rape,Nizhny Novgorod Oblast,2009,109.0,3.3,False
Rape,Orenburg Oblast,2009,66.0,3.2,False
Rape,Penza Oblast,2009,47.0,3.4,False
Rape,Samara Oblast,2009,85.0,2.6,False
Rape,Saratov Oblast,2009,41.0,1.6,False
Rape,Ulyanovsk Oblast,2009,37.0,2.8,False
Rape,Kurgan Oblast,2009,57.0,6.2,False
Rape,Sverdlovsk Oblast,2009,253.0,5.9,False
Rape,Tyumen Oblast,2009,81.0,6.1,False
Rape,Khanty–Mansi Autonomous Okrug – Yugra,2009,36.0,2.4,False
Rape,Yamalo-Nenets Autonomous Okrug,2009,33.0,6.3,False
Rape,Chelyabinsk Oblast,2009,136.0,3.9,False
Rape,Altai Republic,2009,21.0,10.3,False
Rape,Republic of Buryatia,2009,57.0,5.9,False
Rape,Tuva Republic,2009,87.0,28.5,False
Rape,Republic of Khakassia,2009,29.0,5.5,False
Rape,Altai Krai,2009,74.0,3.0,False
Rape,Zabaykalsky Krai,2009,96.0,8.7,False
Rape,Krasnoyarsk Krai,2009,109.0,3.8,False
Rape,Irkutsk Oblast,2009,111.0,4.5,False
Rape,Kemerovo Oblast,2009,91.0,3.3,False
Rape,Novosibirsk Oblast,2009,65.0,2.5,False
Rape,Omsk Oblast,2009,68.0,3.4,False
Rape,Tomsk Oblast,2009,39.0,3.8,False
Rape,Sakha (Yakutia) Republic,2009,41.0,4.3,False
Rape,Kamchatka Krai,2009,15.0,4.6,False
Rape,Primorsky Krai,2009,71.0,3.6,False
Rape,Khabarovsk Krai,2009,110.0,8.1,False
Rape,Amur Oblast,2009,47.0,5.6,False
Rape,Magadan Oblast,2009,13.0,8.1,False
Rape,Sakhalin Oblast,2009,10.0,2.0,False
Rape,Jewish Autonomous Oblast,2009,7.0,3.9,False
Rape,Chukotka Autonomous Okrug,2009,8.0,15.3,False
Theft,Russian Federation,2009,1188574.0,832.7,True
Theft,Belgorod Oblast,2009,6810.0,446.2,False
Theft,Bryansk Oblast,2009,9502.0,734.2,False
Theft,Vladimir Oblast,2009,12791.0,877.3,False
Theft,Voronezh Oblast,2009,13807.0,590.3,False
Theft,Ivanovo Oblast,2009,8354.0,777.6,False
Theft,Kaluga Oblast,2009,8137.0,801.2,False
Theft,Kostroma Oblast,2009,3607.0,532.2,False
Theft,Kursk Oblast,2009,9568.0,836.9,False
Theft,Lipetsk Oblast,2009,7739.0,654.7,False
Theft,Moscow Oblast,2009,46768.0,672.1,False
Theft,Oryol Oblast,2009,5760.0,721.0,False
Theft,Ryazan Oblast,2009,3771.0,322.9,False
Theft,Smolensk Oblast,2009,8308.0,830.2,False
Theft,Tambov Oblast,2009,5306.0,479.0,False
Theft,Tver Oblast,2009,16419.0,1193.7,False
Theft,Tula Oblast,2009,6012.0,381.4,False
Theft,Yaroslavl Oblast,2009,12079.0,939.2,False
Theft,Moscow,2009,95815.0,849.3,False
Theft,Republic of Karelia,2009,6093.0,932.0,False
Theft,Komi Republic,2009,8167.0,885.5,False
Theft,Arkhangelsk Oblast,2009,11201.0,930.0,False
Theft,Nenets Autonomous Okrug,2009,348.0,831.4,False
Theft,Vologda Oblast,2009,11377.0,937.0,False
Theft,Kaliningrad Oblast,2009,9556.0,1020.3,False
Theft,Leningrad Oblast,2009,14893.0,876.6,False
Theft,Murmansk Oblast,2009,7044.0,874.4,False
Theft,Novgorod Oblast,2009,6679.0,1034.9,False
Theft,Pskov Oblast,2009,6070.0,879.3,False
Theft,Saint Petersburg,2009,28414.0,592.1,False
Theft,Republic of Dagestan,2009,2513.0,88.9,False
Theft,Republic of Ingushetia,2009,236.0,57.7,False
Theft,Kabardino-Balkar Republic,2009,3244.0,378.0,False
Theft,Karachay-Cherkess Republic,2009,1437.0,305.7,False
Theft,Republic of North Ossetia-Alania,2009,2203.0,309.6,False
Theft,Chechen Republic,2009,449.0,36.7,False
Theft,Stavropol Krai,2009,13849.0,500.4,False
Theft,Republic of Adygea,2009,1807.0,411.3,False
Theft,Republic of Kalmykia,2009,1024.0,352.8,False
Theft,Republic of Crimea,2009,,,False
Theft,Krasnodar Krai,2009,23344.0,449.4,False
Theft,Astrakhan Oblast,2009,7752.0,767.6,False
Theft,Volgograd Oblast,2009,17019.0,650.1,False
Theft,Rostov Oblast,2009,31601.0,736.2,False
Theft,Sevastopol,2009,,,False
Theft,Republic of Bashkortostan,2009,28696.0,706.9,False
Theft,Mari El Republic,2009,5992.0,854.0,False
Theft,Republic of Mordovia,2009,2537.0,300.3,False
Theft,Republic of Tatarstan,2009,30189.0,800.0,False
Theft,Udmurt Republic,2009,16008.0,1047.5,False
Theft,Chuvash Republic,2009,7304.0,580.5,False
Theft,Perm Krai,2009,40304.0,1515.0,False
Theft,Kirov Oblast,2009,9203.0,674.2,False
Theft,Nizhny Novgorod Oblast,2009,37977.0,1135.8,False
Theft,Orenburg Oblast,2009,13691.0,669.7,False
Theft,Penza Oblast,2009,8052.0,575.9,False
Theft,Samara Oblast,2009,28949.0,898.6,False
Theft,Saratov Oblast,2009,17870.0,702.1,False
Theft,Ulyanovsk Oblast,2009,7606.0,581.2,False
Theft,Kurgan Oblast,2009,8151.0,881.0,False
Theft,Sverdlovsk Oblast,2009,45249.0,1048.8,False
Theft,Tyumen Oblast,2009,17191.0,1298.0,False
Theft,Khanty–Mansi Autonomous Okrug – Yugra,2009,13740.0,913.4,False
Theft,Yamalo-Nenets Autonomous Okrug,2009,2957.0,565.4,False
Theft,Chelyabinsk Oblast,2009,37906.0,1087.7,False
Theft,Altai Republic,2009,1995.0,974.7,False
Theft,Republic of Buryatia,2009,13093.0,1354.5,False
Theft,Tuva Republic,2009,1552.0,508.3,False
Theft,Republic of Khakassia,2009,7030.0,1321.7,False
Theft,Altai Krai,2009,23988.0,983.6,False
Theft,Zabaykalsky Krai,2009,12697.0,1144.7,False
Theft,Krasnoyarsk Krai,2009,33148.0,1170.2,False
Theft,Irkutsk Oblast,2009,31500.0,1286.6,False
Theft,Kemerovo Oblast,2009,30910.0,1113.3,False
Theft,Novosibirsk Oblast,2009,29169.0,1101.2,False
Theft,Omsk Oblast,2009,16279.0,819.0,False
Theft,Tomsk Oblast,2009,12161.0,1178.9,False
Theft,Sakha (Yakutia) Republic,2009,7801.0,814.3,False
Theft,Kamchatka Krai,2009,2225.0,684.2,False
Theft,Primorsky Krai,2009,25133.0,1276.0,False
Theft,Khabarovsk Krai,2009,18744.0,1387.3,False
Theft,Amur Oblast,2009,8491.0,1012.2,False
Theft,Magadan Oblast,2009,1478.0,918.4,False
Theft,Sakhalin Oblast,2009,5492.0,1087.7,False
Theft,Jewish Autonomous Oblast,2009,1900.0,1066.5,False
Theft,Chukotka Autonomous Okrug,2009,277.0,531.3,False
Robbery without violence,Russian Federation,2009,205379.0,143.9,True
Robbery without violence,Belgorod Oblast,2009,767.0,50.3,False
Robbery without violence,Bryansk Oblast,2009,939.0,72.6,False
Robbery without violence,Vladimir Oblast,2009,1696.0,116.3,False
Robbery without violence,Voronezh Oblast,2009,1731.0,74.0,False
Robbery without violence,Ivanovo Oblast,2009,1329.0,123.7,False
Robbery without violence,Kaluga Oblast,2009,800.0,78.8,False
Robbery without violence,Kostroma Oblast,2009,602.0,88.8,False
Robbery without violence,Kursk Oblast,2009,847.0,74.1,False
Robbery without violence,Lipetsk Oblast,2009,1131.0,95.7,False
Robbery without violence,Moscow Oblast,2009,7713.0,110.9,False
Robbery without violence,Oryol Oblast,2009,531.0,66.5,False
Robbery without violence,Ryazan Oblast,2009,493.0,42.2,False
Robbery without violence,Smolensk Oblast,2009,1358.0,135.7,False
Robbery without violence,Tambov Oblast,2009,490.0,44.2,False
Robbery without violence,Tver Oblast,2009,1790.0,130.1,False
Robbery without violence,Tula Oblast,2009,921.0,58.4,False
Robbery without violence,Yaroslavl Oblast,2009,2405.0,187.0,False
Robbery without violence,Moscow,2009,18675.0,165.5,False
Robbery without violence,Republic of Karelia,2009,757.0,115.8,False
Robbery without violence,Komi Republic,2009,1608.0,174.3,False
Robbery without violence,Arkhangelsk Oblast,2009,1607.0,133.4,False
Robbery without violence,Nenets Autonomous Okrug,2009,31.0,74.1,False
Robbery without violence,Vologda Oblast,2009,1613.0,132.9,False
Robbery without violence,Kaliningrad Oblast,2009,1216.0,129.8,False
Robbery without violence,Leningrad Oblast,2009,1906.0,112.2,False
Robbery without violence,Murmansk Oblast,2009,1021.0,126.7,False
Robbery without violence,Novgorod Oblast,2009,769.0,119.2,False
Robbery without violence,Pskov Oblast,2009,623.0,90.2,False
Robbery without violence,Saint Petersburg,2009,8093.0,168.6,False
Robbery without violence,Republic of Dagestan,2009,435.0,15.4,False
Robbery without violence,Republic of Ingushetia,2009,13.0,3.2,False
Robbery without violence,Kabardino-Balkar Republic,2009,443.0,51.6,False
Robbery without violence,Karachay-Cherkess Republic,2009,136.0,28.9,False
Robbery without violence,Republic of North Ossetia-Alania,2009,390.0,54.8,False
Robbery without violence,Chechen Republic,2009,28.0,2.3,False
Robbery without violence,Stavropol Krai,2009,1596.0,57.7,False
Robbery without violence,Republic of Adygea,2009,243.0,55.3,False
Robbery without violence,Republic of Kalmykia,2009,178.0,61.3,False
Robbery without violence,Republic of Crimea,2009,,,False
Robbery without violence,Krasnodar Krai,2009,2310.0,44.5,False
Robbery without violence,Astrakhan Oblast,2009,1446.0,143.2,False
Robbery without violence,Volgograd Oblast,2009,3171.0,121.1,False
Robbery without violence,Rostov Oblast,2009,4214.0,98.2,False
Robbery without violence,Sevastopol,2009,,,False
Robbery without violence,Republic of Bashkortostan,2009,3492.0,86.0,False
Robbery without violence,Mari El Republic,2009,1343.0,191.4,False
Robbery without violence,Republic of Mordovia,2009,252.0,29.8,False
Robbery without violence,Republic of Tatarstan,2009,3460.0,91.7,False
Robbery without violence,Udmurt Republic,2009,4248.0,278.0,False
Robbery without violence,Chuvash Republic,2009,1359.0,108.0,False
Robbery without violence,Perm Krai,2009,9285.0,349.0,False
Robbery without violence,Kirov Oblast,2009,1012.0,74.1,False
Robbery without violence,Nizhny Novgorod Oblast,2009,8540.0,255.4,False
Robbery without violence,Orenburg Oblast,2009,2236.0,109.4,False
Robbery without violence,Penza Oblast,2009,864.0,61.8,False
Robbery without violence,Samara Oblast,2009,7234.0,224.6,False
Robbery without violence,Saratov Oblast,2009,2827.0,111.1,False
Robbery without violence,Ulyanovsk Oblast,2009,1284.0,98.1,False
Robbery without violence,Kurgan Oblast,2009,964.0,104.2,False
Robbery without violence,Sverdlovsk Oblast,2009,9278.0,215.1,False
Robbery without violence,Tyumen Oblast,2009,3262.0,246.3,False
Robbery without violence,Khanty–Mansi Autonomous Okrug – Yugra,2009,1796.0,119.4,False
Robbery without violence,Yamalo-Nenets Autonomous Okrug,2009,280.0,53.5,False
Robbery without violence,Chelyabinsk Oblast,2009,7965.0,228.6,False
Robbery without violence,Altai Republic,2009,226.0,110.4,False
Robbery without violence,Republic of Buryatia,2009,2012.0,208.2,False
Robbery without violence,Tuva Republic,2009,328.0,107.4,False
Robbery without violence,Republic of Khakassia,2009,654.0,123.0,False
Robbery without violence,Altai Krai,2009,3501.0,143.5,False
Robbery without violence,Zabaykalsky Krai,2009,1744.0,157.2,False
Robbery without violence,Krasnoyarsk Krai,2009,4829.0,170.5,False
Robbery without violence,Irkutsk Oblast,2009,8830.0,360.7,False
Robbery without violence,Kemerovo Oblast,2009,9026.0,325.1,False
Robbery without violence,Novosibirsk Oblast,2009,5415.0,204.4,False
Robbery without violence,Omsk Oblast,2009,1924.0,96.8,False
Robbery without violence,Tomsk Oblast,2009,2352.0,228.0,False
Robbery without violence,Sakha (Yakutia) Republic,2009,1514.0,158.0,False
Robbery without violence,Kamchatka Krai,2009,225.0,69.2,False
Robbery without violence,Primorsky Krai,2009,4203.0,213.4,False
Robbery without violence,Khabarovsk Krai,2009,3745.0,277.2,False
Robbery without violence,Amur Oblast,2009,1323.0,157.7,False
Robbery without violence,Magadan Oblast,2009,166.0,103.1,False
Robbery without violence,Sakhalin Oblast,2009,687.0,136.1,False
Robbery without violence,Jewish Autonomous Oblast,2009,253.0,142.0,False
Robbery without violence,Chukotka Autonomous Okrug,2009,20.0,38.4,False
Robbery with violence,Russian Federation,2009,30085.0,21.1,True
Robbery with violence,Belgorod Oblast,2009,106.0,6.9,False
Robbery with violence,Bryansk Oblast,2009,154.0,11.9,False
Robbery with violence,Vladimir Oblast,2009,340.0,23.3,False
Robbery with violence,Voronezh Oblast,2009,324.0,13.9,False
Robbery with violence,Ivanovo Oblast,2009,212.0,19.7,False
Robbery with violence,Kaluga Oblast,2009,228.0,22.4,False
Robbery with violence,Kostroma Oblast,2009,99.0,14.6,False
Robbery with violence,Kursk Oblast,2009,113.0,9.9,False
Robbery with violence,Lipetsk Oblast,2009,75.0,6.3,False
Robbery with violence,Moscow Oblast,2009,1816.0,26.1,False
Robbery with violence,Oryol Oblast,2009,114.0,14.3,False
Robbery with violence,Ryazan Oblast,2009,94.0,8.0,False
Robbery with violence,Smolensk Oblast,2009,203.0,20.3,False
Robbery with violence,Tambov Oblast,2009,69.0,6.2,False
Robbery with violence,Tver Oblast,2009,307.0,22.3,False
Robbery with violence,Tula Oblast,2009,242.0,15.4,False
Robbery with violence,Yaroslavl Oblast,2009,362.0,28.1,False
Robbery with violence,Moscow,2009,3730.0,33.1,False
Robbery with violence,Republic of Karelia,2009,103.0,15.8,False
Robbery with violence,Komi Republic,2009,166.0,18.0,False
Robbery with violence,Arkhangelsk Oblast,2009,259.0,21.5,False
Robbery with violence,Nenets Autonomous Okrug,2009,4.0,9.6,False
Robbery with violence,Vologda Oblast,2009,271.0,22.3,False
Robbery with violence,Kaliningrad Oblast,2009,146.0,15.6,False
Robbery with violence,Leningrad Oblast,2009,492.0,29.0,False
Robbery with violence,Murmansk Oblast,2009,108.0,13.4,False
Robbery with violence,Novgorod Oblast,2009,174.0,27.0,False
Robbery with violence,Pskov Oblast,2009,111.0,16.1,False
Robbery with violence,Saint Petersburg,2009,1251.0,26.1,False
Robbery with violence,Republic of Dagestan,2009,143.0,5.1,False
Robbery with violence,Republic of Ingushetia,2009,51.0,12.5,False
Robbery with violence,Kabardino-Balkar Republic,2009,147.0,17.1,False
Robbery with violence,Karachay-Cherkess Republic,2009,80.0,17.0,False
Robbery with violence,Republic of North Ossetia-Alania,2009,59.0,8.3,False
Robbery with violence,Chechen Republic,2009,25.0,2.0,False
Robbery with violence,Stavropol Krai,2009,416.0,15.0,False
Robbery with violence,Republic of Adygea,2009,29.0,6.6,False
Robbery with violence,Republic of Kalmykia,2009,15.0,5.2,False
Robbery with violence,Republic of Crimea,2009,,,False
Robbery with violence,Krasnodar Krai,2009,457.0,8.8,False
Robbery with violence,Astrakhan Oblast,2009,246.0,24.4,False
Robbery with violence,Volgograd Oblast,2009,374.0,14.3,False
Robbery with violence,Rostov Oblast,2009,761.0,17.7,False
Robbery with violence,Sevastopol,2009,,,False
Robbery with violence,Republic of Bashkortostan,2009,451.0,11.1,False
Robbery with violence,Mari El Republic,2009,107.0,15.3,False
Robbery with violence,Republic of Mordovia,2009,55.0,6.5,False
Robbery with violence,Republic of Tatarstan,2009,510.0,13.5,False
Robbery with violence,Udmurt Republic,2009,403.0,26.4,False
Robbery with violence,Chuvash Republic,2009,130.0,10.3,False
Robbery with violence,Perm Krai,2009,915.0,34.4,False
Robbery with violence,Kirov Oblast,2009,173.0,12.7,False
Robbery with violence,Nizhny Novgorod Oblast,2009,766.0,22.9,False
Robbery with violence,Orenburg Oblast,2009,245.0,12.0,False
Robbery with violence,Penza Oblast,2009,111.0,7.9,False
Robbery with violence,Samara Oblast,2009,937.0,29.1,False
Robbery with violence,Saratov Oblast,2009,344.0,13.5,False
Robbery with violence,Ulyanovsk Oblast,2009,271.0,20.7,False
Robbery with violence,Kurgan Oblast,2009,136.0,14.7,False
Robbery with violence,Sverdlovsk Oblast,2009,1006.0,23.3,False
Robbery with violence,Tyumen Oblast,2009,412.0,31.1,False
Robbery with violence,Khanty–Mansi Autonomous Okrug – Yugra,2009,270.0,17.9,False
Robbery with violence,Yamalo-Nenets Autonomous Okrug,2009,38.0,7.3,False
Robbery with violence,Chelyabinsk Oblast,2009,871.0,25.0,False
Robbery with violence,Altai Republic,2009,33.0,16.1,False
Robbery with violence,Republic of Buryatia,2009,151.0,15.6,False
Robbery with violence,Tuva Republic,2009,76.0,24.9,False
Robbery with violence,Republic of Khakassia,2009,63.0,11.8,False
Robbery with violence,Altai Krai,2009,316.0,13.0,False
Robbery with violence,Zabaykalsky Krai,2009,331.0,29.8,False
Robbery with violence,Krasnoyarsk Krai,2009,717.0,25.3,False
Robbery with violence,Irkutsk Oblast,2009,1189.0,48.6,False
Robbery with violence,Kemerovo Oblast,2009,1231.0,44.3,False
Robbery with violence,Novosibirsk Oblast,2009,850.0,32.1,False
Robbery with violence,Omsk Oblast,2009,384.0,19.3,False
Robbery with violence,Tomsk Oblast,2009,196.0,19.0,False
Robbery with violence,Sakha (Yakutia) Republic,2009,162.0,16.9,False
Robbery with violence,Kamchatka Krai,2009,34.0,10.5,False
Robbery with violence,Primorsky Krai,2009,633.0,32.1,False
Robbery with violence,Khabarovsk Krai,2009,302.0,22.4,False
Robbery with violence,Amur Oblast,2009,171.0,20.4,False
Robbery with violence,Magadan Oblast,2009,15.0,9.3,False
Robbery with violence,Sakhalin Oblast,2009,63.0,12.5,False
Robbery with violence,Jewish Autonomous Oblast,2009,25.0,14.0,False
Robbery with violence,Chukotka Autonomous Okrug,2009,2.0,3.8,False
Extortion,Russian Federation,2009,8492.0,5.9,True
Extortion,Belgorod Oblast,2009,45.0,2.9,False
Extortion,Bryansk Oblast,2009,30.0,2.3,False
Extortion,Vladimir Oblast,2009,46.0,3.2,False
Extortion,Voronezh Oblast,2009,67.0,2.9,False
Extortion,Ivanovo Oblast,2009,41.0,3.8,False
Extortion,Kaluga Oblast,2009,37.0,3.6,False
Extortion,Kostroma Oblast,2009,195.0,28.8,False
Extortion,Kursk Oblast,2009,40.0,3.5,False
Extortion,Lipetsk Oblast,2009,13.0,1.1,False
Extortion,Moscow Oblast,2009,196.0,2.8,False
Extortion,Oryol Oblast,2009,27.0,3.4,False
Extortion,Ryazan Oblast,2009,7.0,0.6,False
Extortion,Smolensk Oblast,2009,83.0,8.3,False
Extortion,Tambov Oblast,2009,31.0,2.8,False
Extortion,Tver Oblast,2009,46.0,3.3,False
Extortion,Tula Oblast,2009,23.0,1.5,False
Extortion,Yaroslavl Oblast,2009,96.0,7.5,False
Extortion,Moscow,2009,195.0,1.7,False
Extortion,Republic of Karelia,2009,20.0,3.1,False
Extortion,Komi Republic,2009,95.0,10.3,False
Extortion,Arkhangelsk Oblast,2009,97.0,8.1,False
Extortion,Nenets Autonomous Okrug,2009,8.0,19.1,False
Extortion,Vologda Oblast,2009,67.0,5.5,False
Extortion,Kaliningrad Oblast,2009,17.0,1.8,False
Extortion,Leningrad Oblast,2009,100.0,5.9,False
Extortion,Murmansk Oblast,2009,38.0,4.7,False
Extortion,Novgorod Oblast,2009,22.0,3.4,False
Extortion,Pskov Oblast,2009,20.0,2.9,False
Extortion,Saint Petersburg,2009,137.0,2.9,False
Extortion,Republic of Dagestan,2009,56.0,2.0,False
Extortion,Republic of Ingushetia,2009,4.0,1.0,False
Extortion,Kabardino-Balkar Republic,2009,47.0,5.5,False
Extortion,Karachay-Cherkess Republic,2009,41.0,8.7,False
Extortion,Republic of North Ossetia-Alania,2009,12.0,1.7,False
Extortion,Chechen Republic,2009,9.0,0.7,False
Extortion,Stavropol Krai,2009,139.0,5.0,False
Extortion,Republic of Adygea,2009,11.0,2.5,False
Extortion,Republic of Kalmykia,2009,34.0,11.7,False
Extortion,Republic of Crimea,2009,,,False
Extortion,Krasnodar Krai,2009,140.0,2.7,False
Extortion,Astrakhan Oblast,2009,62.0,6.1,False
Extortion,Volgograd Oblast,2009,141.0,5.4,False
Extortion,Rostov Oblast,2009,116.0,2.7,False
Extortion,Sevastopol,2009,,,False
Extortion,Republic of Bashkortostan,2009,361.0,8.9,False
Extortion,Mari El Republic,2009,105.0,15.0,False
Extortion,Republic of Mordovia,2009,125.0,14.8,False
Extortion,Republic of Tatarstan,2009,265.0,7.0,False
Extortion,Udmurt Republic,2009,159.0,10.4,False
Extortion,Chuvash Republic,2009,130.0,10.3,False
Extortion,Perm Krai,2009,308.0,11.6,False
Extortion,Kirov Oblast,2009,80.0,5.9,False
Extortion,Nizhny Novgorod Oblast,2009,217.0,6.5,False
Extortion,Orenburg Oblast,2009,119.0,5.8,False
Extortion,Penza Oblast,2009,54.0,3.9,False
Extortion,Samara Oblast,2009,223.0,6.9,False
Extortion,Saratov Oblast,2009,64.0,2.5,False
Extortion,Ulyanovsk Oblast,2009,67.0,5.1,False
Extortion,Kurgan Oblast,2009,60.0,6.5,False
Extortion,Sverdlovsk Oblast,2009,458.0,10.6,False
Extortion,Tyumen Oblast,2009,79.0,6.0,False
Extortion,Khanty–Mansi Autonomous Okrug – Yugra,2009,112.0,7.4,False
Extortion,Yamalo-Nenets Autonomous Okrug,2009,36.0,6.9,False
Extortion,Chelyabinsk Oblast,2009,182.0,5.2,False
Extortion,Altai Republic,2009,18.0,8.8,False
Extortion,Republic of Buryatia,2009,142.0,14.7,False
Extortion,Tuva Republic,2009,9.0,2.9,False
Extortion,Republic of Khakassia,2009,38.0,7.1,False
Extortion,Altai Krai,2009,96.0,3.9,False
Extortion,Zabaykalsky Krai,2009,121.0,10.9,False
Extortion,Krasnoyarsk Krai,2009,205.0,7.2,False
Extortion,Irkutsk Oblast,2009,193.0,7.9,False
Extortion,Kemerovo Oblast,2009,108.0,3.9,False
Extortion,Novosibirsk Oblast,2009,301.0,11.4,False
Extortion,Omsk Oblast,2009,61.0,3.1,False
Extortion,Tomsk Oblast,2009,54.0,5.2,False
Extortion,Sakha (Yakutia) Republic,2009,70.0,7.3,False
Extortion,Kamchatka Krai,2009,1.0,0.3,False
Extortion,Primorsky Krai,2009,154.0,7.8,False
Extortion,Khabarovsk Krai,2009,242.0,17.9,False
Extortion,Amur Oblast,2009,58.0,6.9,False
Extortion,Magadan Oblast,2009,7.0,4.3,False
Extortion,Sakhalin Oblast,2009,18.0,3.6,False
Extortion,Jewish Autonomous Oblast,2009,8.0,4.5,False
Extortion,Chukotka Autonomous Okrug,2009,2.0,3.8,False
Hooliganism,Russian Federation,2009,9474.0,6.6,True
Hooliganism,Belgorod Oblast,2009,59.0,3.9,False
Hooliganism,Bryansk Oblast,2009,73.0,5.6,False
Hooliganism,Vladimir Oblast,2009,93.0,6.4,False
Hooliganism,Voronezh Oblast,2009,54.0,2.3,False
Hooliganism,Ivanovo Oblast,2009,54.0,5.0,False
Hooliganism,Kaluga Oblast,2009,52.0,5.1,False
Hooliganism,Kostroma Oblast,2009,17.0,2.5,False
Hooliganism,Kursk Oblast,2009,22.0,1.9,False
Hooliganism,Lipetsk Oblast,2009,48.0,4.1,False
Hooliganism,Moscow Oblast,2009,466.0,6.7,False
Hooliganism,Oryol Oblast,2009,61.0,7.6,False
Hooliganism,Ryazan Oblast,2009,12.0,1.0,False
Hooliganism,Smolensk Oblast,2009,138.0,13.8,False
Hooliganism,Tambov Oblast,2009,93.0,8.4,False
Hooliganism,Tver Oblast,2009,187.0,13.6,False
Hooliganism,Tula Oblast,2009,67.0,4.3,False
Hooliganism,Yaroslavl Oblast,2009,33.0,2.6,False
Hooliganism,Moscow,2009,1252.0,11.1,False
Hooliganism,Republic of Karelia,2009,29.0,4.4,False
Hooliganism,Komi Republic,2009,85.0,9.2,False
Hooliganism,Arkhangelsk Oblast,2009,74.0,6.1,False
Hooliganism,Nenets Autonomous Okrug,2009,10.0,23.9,False
Hooliganism,Vologda Oblast,2009,178.0,14.7,False
Hooliganism,Kaliningrad Oblast,2009,25.0,2.7,False
Hooliganism,Leningrad Oblast,2009,67.0,3.9,False
Hooliganism,Murmansk Oblast,2009,29.0,3.6,False
Hooliganism,Novgorod Oblast,2009,67.0,10.4,False
Hooliganism,Pskov Oblast,2009,29.0,4.2,False
Hooliganism,Saint Petersburg,2009,274.0,5.7,False
Hooliganism,Republic of Dagestan,2009,71.0,2.5,False
Hooliganism,Republic of Ingushetia,2009,62.0,15.2,False
Hooliganism,Kabardino-Balkar Republic,2009,35.0,4.1,False
Hooliganism,Karachay-Cherkess Republic,2009,16.0,3.4,False
Hooliganism,Republic of North Ossetia-Alania,2009,40.0,5.6,False
Hooliganism,Chechen Republic,2009,13.0,1.1,False
Hooliganism,Stavropol Krai,2009,159.0,5.7,False
Hooliganism,Republic of Adygea,2009,6.0,1.4,False
Hooliganism,Republic of Kalmykia,2009,42.0,14.5,False
Hooliganism,Republic of Crimea,2009,,,False
Hooliganism,Krasnodar Krai,2009,118.0,2.3,False
Hooliganism,Astrakhan Oblast,2009,90.0,8.9,False
Hooliganism,Volgograd Oblast,2009,132.0,5.0,False
Hooliganism,Rostov Oblast,2009,157.0,3.7,False
Hooliganism,Sevastopol,2009,,,False
Hooliganism,Republic of Bashkortostan,2009,212.0,5.2,False
Hooliganism,Mari El Republic,2009,100.0,14.3,False
Hooliganism,Republic of Mordovia,2009,12.0,1.4,False
Hooliganism,Republic of Tatarstan,2009,281.0,7.4,False
Hooliganism,Udmurt Republic,2009,189.0,12.4,False
Hooliganism,Chuvash Republic,2009,77.0,6.1,False
Hooliganism,Perm Krai,2009,215.0,8.1,False
Hooliganism,Kirov Oblast,2009,42.0,3.1,False
Hooliganism,Nizhny Novgorod Oblast,2009,156.0,4.7,False
Hooliganism,Orenburg Oblast,2009,91.0,4.5,False
Hooliganism,Penza Oblast,2009,17.0,1.2,False
Hooliganism,Samara Oblast,2009,334.0,10.4,False
Hooliganism,Saratov Oblast,2009,67.0,2.6,False
Hooliganism,Ulyanovsk Oblast,2009,71.0,5.4,False
Hooliganism,Kurgan Oblast,2009,209.0,22.6,False
Hooliganism,Sverdlovsk Oblast,2009,346.0,8.0,False
Hooliganism,Tyumen Oblast,2009,281.0,21.2,False
Hooliganism,Khanty–Mansi Autonomous Okrug – Yugra,2009,218.0,14.5,False
Hooliganism,Yamalo-Nenets Autonomous Okrug,2009,8.0,1.5,False
Hooliganism,Chelyabinsk Oblast,2009,279.0,8.0,False
Hooliganism,Altai Republic,2009,8.0,3.9,False
Hooliganism,Republic of Buryatia,2009,151.0,15.6,False
Hooliganism,Tuva Republic,2009,30.0,9.8,False
Hooliganism,Republic of Khakassia,2009,17.0,3.2,False
Hooliganism,Altai Krai,2009,16.0,0.7,False
Hooliganism,Zabaykalsky Krai,2009,33.0,3.0,False
Hooliganism,Krasnoyarsk Krai,2009,139.0,4.9,False
Hooliganism,Irkutsk Oblast,2009,482.0,19.7,False
Hooliganism,Kemerovo Oblast,2009,62.0,2.2,False
Hooliganism,Novosibirsk Oblast,2009,177.0,6.7,False
Hooliganism,Omsk Oblast,2009,80.0,4.0,False
Hooliganism,Tomsk Oblast,2009,15.0,1.5,False
Hooliganism,Sakha (Yakutia) Republic,2009,35.0,3.7,False
Hooliganism,Kamchatka Krai,2009,3.0,0.9,False
Hooliganism,Primorsky Krai,2009,85.0,4.3,False
Hooliganism,Khabarovsk Krai,2009,38.0,2.8,False
Hooliganism,Amur Oblast,2009,11.0,1.3,False
Hooliganism,Magadan Oblast,2009,4.0,2.5,False
Hooliganism,Sakhalin Oblast,2009,11.0,2.2,False
Hooliganism,Jewish Autonomous Oblast,2009,3.0,1.7,False
Hooliganism,Chukotka Autonomous Okrug,2009,2.0,3.8,False
Crimes in the Sphere of Economic Activity,Russian Federation,2009,,,True
Crimes in the Sphere of Economic Activity,Belgorod Oblast,2009,,,False
Crimes in the Sphere of Economic Activity,Bryansk Oblast,2009,,,False
Crimes in the Sphere of Economic Activity,Vladimir Oblast,2009,,,False
Crimes in the Sphere of Economic Activity,Voronezh Oblast,2009,,,False
Crimes in the Sphere of Economic Activity,Ivanovo Oblast,2009,,,False
Crimes in the Sphere of Economic Activity,Kaluga Oblast,2009,,,False
Crimes in the Sphere of Economic Activity,Kostroma Oblast,2009,,,False
Crimes in the Sphere of Economic Activity,Kursk Oblast,2009,,,False
Crimes in the Sphere of Economic Activity,Lipetsk Oblast,2009,,,False
Crimes in the Sphere of Economic Activity,Moscow Oblast,2009,,,False
Crimes in the Sphere of Economic Activity,Oryol Oblast,2009,,,False
Crimes in the Sphere of Economic Activity,Ryazan Oblast,2009,,,False
Crimes in the Sphere of Economic Activity,Smolensk Oblast,2009,,,False
Crimes in the Sphere of Economic Activity,Tambov Oblast,2009,,,False
Crimes in the Sphere of Economic Activity,Tver Oblast,2009,,,False
Crimes in the Sphere of Economic Activity,Tula Oblast,2009,,,False
Crimes in the Sphere of Economic Activity,Yaroslavl Oblast,2009,,,False
Crimes in the Sphere of Economic Activity,Moscow,2009,,,False
Crimes in the Sphere of Economic Activity,Republic of Karelia,2009,,,False
Crimes in the Sphere of Economic Activity,Komi Republic,2009,,,False
Crimes in the Sphere of Economic Activity,Arkhangelsk Oblast,2009,,,False
Crimes in the Sphere of Economic Activity,Nenets Autonomous Okrug,2009,,,False
Crimes in the Sphere of Economic Activity,Vologda Oblast,2009,,,False
Crimes in the Sphere of Economic Activity,Kaliningrad Oblast,2009,,,False
Crimes in the Sphere of Economic Activity,Leningrad Oblast,2009,,,False
Crimes in the Sphere of Economic Activity,Murmansk Oblast,2009,,,False
Crimes in the Sphere of Economic Activity,Novgorod Oblast,2009,,,False
Crimes in the Sphere of Economic Activity,Pskov Oblast,2009,,,False
Crimes in the Sphere of Economic Activity,Saint Petersburg,2009,,,False
Crimes in the Sphere of Economic Activity,Republic of Dagestan,2009,,,False
Crimes in the Sphere of Economic Activity,Republic of Ingushetia,2009,,,False
Crimes in the Sphere of Economic Activity,Kabardino-Balkar Republic,2009,,,False
Crimes in the Sphere of Economic Activity,Karachay-Cherkess Republic,2009,,,False
Crimes in the Sphere of Economic Activity,Republic of North Ossetia-Alania,2009,,,False
Crimes in the Sphere of Economic Activity,Chechen Republic,2009,,,False
Crimes in the Sphere of Economic Activity,Stavropol Krai,2009,,,False
Crimes in the Sphere of Economic Activity,Republic of Adygea,2009,,,False
Crimes in the Sphere of Economic Activity,Republic of Kalmykia,2009,,,False
Crimes in the Sphere of Economic Activity,Republic of Crimea,2009,,,False
Crimes in the Sphere of Economic Activity,Krasnodar Krai,2009,,,False
Crimes in the Sphere of Economic Activity,Astrakhan Oblast,2009,,,False
Crimes in the Sphere of Economic Activity,Volgograd Oblast,2009,,,False
Crimes in the Sphere of Economic Activity,Rostov Oblast,2009,,,False
Crimes in the Sphere of Economic Activity,Sevastopol,2009,,,False
Crimes in the Sphere of Economic Activity,Republic of Bashkortostan,2009,,,False
Crimes in the Sphere of Economic Activity,Mari El Republic,2009,,,False
Crimes in the Sphere of Economic Activity,Republic of Mordovia,2009,,,False
Crimes in the Sphere of Economic Activity,Republic of Tatarstan,2009,,,False
Crimes in the Sphere of Economic Activity,Udmurt Republic,2009,,,False
Crimes in the Sphere of Economic Activity,Chuvash Republic,2009,,,False
Crimes in the Sphere of Economic Activity,Perm Krai,2009,,,False
Crimes in the Sphere of Economic Activity,Kirov Oblast,2009,,,False
Crimes in the Sphere of Economic Activity,Nizhny Novgorod Oblast,2009,,,False
Crimes in the Sphere of Economic Activity,Orenburg Oblast,2009,,,False
Crimes in the Sphere of Economic Activity,Penza Oblast,2009,,,False
Crimes in the Sphere of Economic Activity,Samara Oblast,2009,,,False
Crimes in the Sphere of Economic Activity,Saratov Oblast,2009,,,False
Crimes in the Sphere of Economic Activity,Ulyanovsk Oblast,2009,,,False
Crimes in the Sphere of Economic Activity,Kurgan Oblast,2009,,,False
Crimes in the Sphere of Economic Activity,Sverdlovsk Oblast,2009,,,False
Crimes in the Sphere of Economic Activity,Tyumen Oblast,2009,,,False
Crimes in the Sphere of Economic Activity,Khanty–Mansi Autonomous Okrug – Yugra,2009,,,False
Crimes in the Sphere of Economic Activity,Yamalo-Nenets Autonomous Okrug,2009,,,False
Crimes in the Sphere of Economic Activity,Chelyabinsk Oblast,2009,,,False
Crimes in the Sphere of Economic Activity,Altai Republic,2009,,,False
Crimes in the Sphere of Economic Activity,Republic of Buryatia,2009,,,False
Crimes in the Sphere of Economic Activity,Tuva Republic,2009,,,False
Crimes in the Sphere of Economic Activity,Republic of Khakassia,2009,,,False
Crimes in the Sphere of Economic Activity,Altai Krai,2009,,,False
Crimes in the Sphere of Economic Activity,Zabaykalsky Krai,2009,,,False
Crimes in the Sphere of Economic Activity,Krasnoyarsk Krai,2009,,,False
Crimes in the Sphere of Economic Activity,Irkutsk Oblast,2009,,,False
Crimes in the Sphere of Economic Activity,Kemerovo Oblast,2009,,,False
Crimes in the Sphere of Economic Activity,Novosibirsk Oblast,2009,,,False
Crimes in the Sphere of Economic Activity,Omsk Oblast,2009,,,False
Crimes in the Sphere of Economic Activity,Tomsk Oblast,2009,,,False
Crimes in the Sphere of Economic Activity,Sakha (Yakutia) Republic,2009,,,False
Crimes in the Sphere of Economic Activity,Kamchatka Krai,2009,,,False
Crimes in the Sphere of Economic Activity,Primorsky Krai,2009,,,False
Crimes in the Sphere of Economic Activity,Khabarovsk Krai,2009,,,False
Crimes in the Sphere of Economic Activity,Amur Oblast,2009,,,False
Crimes in the Sphere of Economic Activity,Magadan Oblast,2009,,,False
Crimes in the Sphere of Economic Activity,Sakhalin Oblast,2009,,,False
Crimes in the Sphere of Economic Activity,Jewish Autonomous Oblast,2009,,,False
Crimes in the Sphere of Economic Activity,Chukotka Autonomous Okrug,2009,,,False
Murder,Russian Federation,2010,15324.0,10.7,True
Murder,Belgorod Oblast,2010,81.0,5.3,False
Murder,Bryansk Oblast,2010,127.0,9.9,False
Murder,Vladimir Oblast,2010,163.0,11.2,False
Murder,Voronezh Oblast,2010,135.0,5.8,False
Murder,Ivanovo Oblast,2010,111.0,10.4,False
Murder,Kaluga Oblast,2010,109.0,10.7,False
Murder,Kostroma Oblast,2010,54.0,8.0,False
Murder,Kursk Oblast,2010,69.0,6.1,False
Murder,Lipetsk Oblast,2010,98.0,8.3,False
Murder,Moscow Oblast,2010,731.0,10.4,False
Murder,Oryol Oblast,2010,61.0,7.7,False
Murder,Ryazan Oblast,2010,94.0,8.1,False
Murder,Smolensk Oblast,2010,89.0,9.0,False
Murder,Tambov Oblast,2010,78.0,7.1,False
Murder,Tver Oblast,2010,153.0,11.2,False
Murder,Tula Oblast,2010,151.0,9.7,False
Murder,Yaroslavl Oblast,2010,96.0,7.5,False
Murder,Moscow,2010,573.0,5.0,False
Murder,Republic of Karelia,2010,72.0,11.1,False
Murder,Komi Republic,2010,146.0,16.0,False
Murder,Arkhangelsk Oblast,2010,152.0,12.7,False
Murder,Nenets Autonomous Okrug,2010,9.0,21.4,False
Murder,Vologda Oblast,2010,143.0,11.8,False
Murder,Kaliningrad Oblast,2010,94.0,10.0,False
Murder,Leningrad Oblast,2010,254.0,14.9,False
Murder,Murmansk Oblast,2010,74.0,9.3,False
Murder,Novgorod Oblast,2010,94.0,14.7,False
Murder,Pskov Oblast,2010,71.0,10.4,False
Murder,Saint Petersburg,2010,423.0,8.8,False
Murder,Republic of Dagestan,2010,293.0,10.2,False
Murder,Republic of Ingushetia,2010,60.0,14.6,False
Murder,Kabardino-Balkar Republic,2010,93.0,10.8,False
Murder,Karachay-Cherkess Republic,2010,45.0,9.5,False
Murder,Republic of North Ossetia-Alania,2010,49.0,6.9,False
Murder,Chechen Republic,2010,101.0,8.1,False
Murder,Stavropol Krai,2010,218.0,7.8,False
Murder,Republic of Adygea,2010,26.0,5.9,False
Murder,Republic of Kalmykia,2010,33.0,11.4,False
Murder,Republic of Crimea,2010,,,False
Murder,Krasnodar Krai,2010,388.0,7.4,False
Murder,Astrakhan Oblast,2010,105.0,10.4,False
Murder,Volgograd Oblast,2010,254.0,9.7,False
Murder,Rostov Oblast,2010,298.0,7.0,False
Murder,Sevastopol,2010,,,False
Murder,Republic of Bashkortostan,2010,402.0,9.9,False
Murder,Mari El Republic,2010,113.0,16.2,False
Murder,Republic of Mordovia,2010,42.0,5.0,False
Murder,Republic of Tatarstan,2010,266.0,7.0,False
Murder,Udmurt Republic,2010,146.0,9.6,False
Murder,Chuvash Republic,2010,100.0,8.0,False
Murder,Perm Krai,2010,446.0,16.8,False
Murder,Kirov Oblast,2010,125.0,9.2,False
Murder,Nizhny Novgorod Oblast,2010,273.0,8.2,False
Murder,Orenburg Oblast,2010,272.0,13.3,False
Murder,Penza Oblast,2010,82.0,5.9,False
Murder,Samara Oblast,2010,326.0,10.1,False
Murder,Saratov Oblast,2010,181.0,7.1,False
Murder,Ulyanovsk Oblast,2010,126.0,9.7,False
Murder,Kurgan Oblast,2010,155.0,16.9,False
Murder,Sverdlovsk Oblast,2010,534.0,12.4,False
Murder,Tyumen Oblast,2010,192.0,14.4,False
Murder,Khanty–Mansi Autonomous Okrug – Yugra,2010,179.0,11.8,False
Murder,Yamalo-Nenets Autonomous Okrug,2010,79.0,15.1,False
Murder,Chelyabinsk Oblast,2010,464.0,13.3,False
Murder,Altai Republic,2010,42.0,20.4,False
Murder,Republic of Buryatia,2010,241.0,24.9,False
Murder,Tuva Republic,2010,170.0,55.3,False
Murder,Republic of Khakassia,2010,73.0,13.7,False
Murder,Altai Krai,2010,263.0,10.8,False
Murder,Zabaykalsky Krai,2010,384.0,34.6,False
Murder,Krasnoyarsk Krai,2010,392.0,13.8,False
Murder,Irkutsk Oblast,2010,538.0,22.0,False
Murder,Kemerovo Oblast,2010,462.0,16.7,False
Murder,Novosibirsk Oblast,2010,284.0,10.7,False
Murder,Omsk Oblast,2010,174.0,8.8,False
Murder,Tomsk Oblast,2010,132.0,12.7,False
Murder,Sakha (Yakutia) Republic,2010,180.0,18.8,False
Murder,Kamchatka Krai,2010,44.0,13.6,False
Murder,Primorsky Krai,2010,332.0,16.9,False
Murder,Khabarovsk Krai,2010,262.0,19.4,False
Murder,Amur Oblast,2010,150.0,18.0,False
Murder,Magadan Oblast,2010,30.0,18.9,False
Murder,Sakhalin Oblast,2010,71.0,14.2,False
Murder,Jewish Autonomous Oblast,2010,30.0,16.9,False
Murder,Chukotka Autonomous Okrug,2010,9.0,17.6,False
Intentional Bodily Harm,Russian Federation,2010,39745.0,27.8,True
Intentional Bodily Harm,Belgorod Oblast,2010,196.0,12.8,False
Intentional Bodily Harm,Bryansk Oblast,2010,272.0,21.1,False
Intentional Bodily Harm,Vladimir Oblast,2010,388.0,26.8,False
Intentional Bodily Harm,Voronezh Oblast,2010,354.0,15.2,False
Intentional Bodily Harm,Ivanovo Oblast,2010,300.0,28.1,False
Intentional Bodily Harm,Kaluga Oblast,2010,230.0,22.7,False
Intentional Bodily Harm,Kostroma Oblast,2010,153.0,22.7,False
Intentional Bodily Harm,Kursk Oblast,2010,234.0,20.6,False
Intentional Bodily Harm,Lipetsk Oblast,2010,209.0,17.8,False
Intentional Bodily Harm,Moscow Oblast,2010,1687.0,24.0,False
Intentional Bodily Harm,Oryol Oblast,2010,133.0,16.8,False
Intentional Bodily Harm,Ryazan Oblast,2010,200.0,17.2,False
Intentional Bodily Harm,Smolensk Oblast,2010,257.0,25.9,False
Intentional Bodily Harm,Tambov Oblast,2010,208.0,18.9,False
Intentional Bodily Harm,Tver Oblast,2010,387.0,28.3,False
Intentional Bodily Harm,Tula Oblast,2010,374.0,23.9,False
Intentional Bodily Harm,Yaroslavl Oblast,2010,322.0,25.2,False
Intentional Bodily Harm,Moscow,2010,1377.0,12.1,False
Intentional Bodily Harm,Republic of Karelia,2010,189.0,29.1,False
Intentional Bodily Harm,Komi Republic,2010,347.0,38.0,False
Intentional Bodily Harm,Arkhangelsk Oblast,2010,358.0,29.9,False
Intentional Bodily Harm,Nenets Autonomous Okrug,2010,18.0,42.7,False
Intentional Bodily Harm,Vologda Oblast,2010,404.0,33.4,False
Intentional Bodily Harm,Kaliningrad Oblast,2010,184.0,19.6,False
Intentional Bodily Harm,Leningrad Oblast,2010,474.0,27.8,False
Intentional Bodily Harm,Murmansk Oblast,2010,253.0,31.6,False
Intentional Bodily Harm,Novgorod Oblast,2010,171.0,26.7,False
Intentional Bodily Harm,Pskov Oblast,2010,204.0,29.9,False
Intentional Bodily Harm,Saint Petersburg,2010,585.0,12.1,False
Intentional Bodily Harm,Republic of Dagestan,2010,156.0,5.4,False
Intentional Bodily Harm,Republic of Ingushetia,2010,21.0,5.1,False
Intentional Bodily Harm,Kabardino-Balkar Republic,2010,95.0,11.1,False
Intentional Bodily Harm,Karachay-Cherkess Republic,2010,72.0,15.2,False
Intentional Bodily Harm,Republic of North Ossetia-Alania,2010,75.0,10.5,False
Intentional Bodily Harm,Chechen Republic,2010,18.0,1.4,False
Intentional Bodily Harm,Stavropol Krai,2010,520.0,18.7,False
Intentional Bodily Harm,Republic of Adygea,2010,71.0,16.1,False
Intentional Bodily Harm,Republic of Kalmykia,2010,65.0,22.4,False
Intentional Bodily Harm,Republic of Crimea,2010,,,False
Intentional Bodily Harm,Krasnodar Krai,2010,971.0,18.6,False
Intentional Bodily Harm,Astrakhan Oblast,2010,241.0,23.8,False
Intentional Bodily Harm,Volgograd Oblast,2010,610.0,23.3,False
Intentional Bodily Harm,Rostov Oblast,2010,742.0,17.3,False
Intentional Bodily Harm,Sevastopol,2010,,,False
Intentional Bodily Harm,Republic of Bashkortostan,2010,1093.0,26.9,False
Intentional Bodily Harm,Mari El Republic,2010,196.0,28.0,False
Intentional Bodily Harm,Republic of Mordovia,2010,157.0,18.7,False
Intentional Bodily Harm,Republic of Tatarstan,2010,717.0,18.9,False
Intentional Bodily Harm,Udmurt Republic,2010,531.0,34.8,False
Intentional Bodily Harm,Chuvash Republic,2010,265.0,21.1,False
Intentional Bodily Harm,Perm Krai,2010,1377.0,52.0,False
Intentional Bodily Harm,Kirov Oblast,2010,341.0,25.2,False
Intentional Bodily Harm,Nizhny Novgorod Oblast,2010,723.0,21.7,False
Intentional Bodily Harm,Orenburg Oblast,2010,678.0,33.2,False
Intentional Bodily Harm,Penza Oblast,2010,199.0,14.3,False
Intentional Bodily Harm,Samara Oblast,2010,757.0,23.5,False
Intentional Bodily Harm,Saratov Oblast,2010,410.0,16.2,False
Intentional Bodily Harm,Ulyanovsk Oblast,2010,355.0,27.3,False
Intentional Bodily Harm,Kurgan Oblast,2010,340.0,37.0,False
Intentional Bodily Harm,Sverdlovsk Oblast,2010,1539.0,35.7,False
Intentional Bodily Harm,Tyumen Oblast,2010,663.0,49.7,False
Intentional Bodily Harm,Khanty–Mansi Autonomous Okrug – Yugra,2010,515.0,33.9,False
Intentional Bodily Harm,Yamalo-Nenets Autonomous Okrug,2010,179.0,34.2,False
Intentional Bodily Harm,Chelyabinsk Oblast,2010,1350.0,38.8,False
Intentional Bodily Harm,Altai Republic,2010,122.0,59.4,False
Intentional Bodily Harm,Republic of Buryatia,2010,530.0,54.7,False
Intentional Bodily Harm,Tuva Republic,2010,602.0,195.9,False
Intentional Bodily Harm,Republic of Khakassia,2010,224.0,42.0,False
Intentional Bodily Harm,Altai Krai,2010,848.0,34.9,False
Intentional Bodily Harm,Zabaykalsky Krai,2010,854.0,77.0,False
Intentional Bodily Harm,Krasnoyarsk Krai,2010,1351.0,47.7,False
Intentional Bodily Harm,Irkutsk Oblast,2010,1595.0,65.4,False
Intentional Bodily Harm,Kemerovo Oblast,2010,1831.0,66.0,False
Intentional Bodily Harm,Novosibirsk Oblast,2010,863.0,32.4,False
Intentional Bodily Harm,Omsk Oblast,2010,605.0,30.5,False
Intentional Bodily Harm,Tomsk Oblast,2010,443.0,42.6,False
Intentional Bodily Harm,Sakha (Yakutia) Republic,2010,665.0,69.4,False
Intentional Bodily Harm,Kamchatka Krai,2010,103.0,31.9,False
Intentional Bodily Harm,Primorsky Krai,2010,845.0,43.0,False
Intentional Bodily Harm,Khabarovsk Krai,2010,697.0,51.7,False
Intentional Bodily Harm,Amur Oblast,2010,405.0,48.5,False
Intentional Bodily Harm,Magadan Oblast,2010,94.0,59.1,False
Intentional Bodily Harm,Sakhalin Oblast,2010,209.0,41.7,False
Intentional Bodily Harm,Jewish Autonomous Oblast,2010,109.0,61.4,False
Intentional Bodily Harm,Chukotka Autonomous Okrug,2010,54.0,105.5,False
Rape,Russian Federation,2010,4907.0,3.4,True
Rape,Belgorod Oblast,2010,11.0,0.7,False
Rape,Bryansk Oblast,2010,35.0,2.7,False
Rape,Vladimir Oblast,2010,45.0,3.1,False
Rape,Voronezh Oblast,2010,33.0,1.4,False
Rape,Ivanovo Oblast,2010,30.0,2.8,False
Rape,Kaluga Oblast,2010,55.0,5.4,False
Rape,Kostroma Oblast,2010,34.0,5.1,False
Rape,Kursk Oblast,2010,32.0,2.8,False
Rape,Lipetsk Oblast,2010,14.0,1.2,False
Rape,Moscow Oblast,2010,183.0,2.6,False
Rape,Oryol Oblast,2010,11.0,1.4,False
Rape,Ryazan Oblast,2010,23.0,2.0,False
Rape,Smolensk Oblast,2010,37.0,3.7,False
Rape,Tambov Oblast,2010,31.0,2.8,False
Rape,Tver Oblast,2010,55.0,4.0,False
Rape,Tula Oblast,2010,43.0,2.7,False
Rape,Yaroslavl Oblast,2010,38.0,3.0,False
Rape,Moscow,2010,372.0,3.3,False
Rape,Republic of Karelia,2010,13.0,2.0,False
Rape,Komi Republic,2010,51.0,5.6,False
Rape,Arkhangelsk Oblast,2010,71.0,5.9,False
Rape,Nenets Autonomous Okrug,2010,1.0,2.4,False
Rape,Vologda Oblast,2010,31.0,2.6,False
Rape,Kaliningrad Oblast,2010,18.0,1.9,False
Rape,Leningrad Oblast,2010,45.0,2.6,False
Rape,Murmansk Oblast,2010,6.0,0.8,False
Rape,Novgorod Oblast,2010,20.0,3.1,False
Rape,Pskov Oblast,2010,12.0,1.8,False
Rape,Saint Petersburg,2010,64.0,1.3,False
Rape,Republic of Dagestan,2010,40.0,1.4,False
Rape,Republic of Ingushetia,2010,2.0,0.5,False
Rape,Kabardino-Balkar Republic,2010,34.0,4.0,False
Rape,Karachay-Cherkess Republic,2010,32.0,6.8,False
Rape,Republic of North Ossetia-Alania,2010,21.0,3.0,False
Rape,Chechen Republic,2010,14.0,1.1,False
Rape,Stavropol Krai,2010,77.0,2.8,False
Rape,Republic of Adygea,2010,20.0,4.5,False
Rape,Republic of Kalmykia,2010,8.0,2.8,False
Rape,Republic of Crimea,2010,,,False
Rape,Krasnodar Krai,2010,137.0,2.6,False
Rape,Astrakhan Oblast,2010,85.0,8.4,False
Rape,Volgograd Oblast,2010,112.0,4.3,False
Rape,Rostov Oblast,2010,94.0,2.2,False
Rape,Sevastopol,2010,,,False
Rape,Republic of Bashkortostan,2010,159.0,3.9,False
Rape,Mari El Republic,2010,20.0,2.9,False
Rape,Republic of Mordovia,2010,14.0,1.7,False
Rape,Republic of Tatarstan,2010,83.0,2.2,False
Rape,Udmurt Republic,2010,93.0,6.1,False
Rape,Chuvash Republic,2010,67.0,5.3,False
Rape,Perm Krai,2010,171.0,6.5,False
Rape,Kirov Oblast,2010,33.0,2.4,False
Rape,Nizhny Novgorod Oblast,2010,153.0,4.6,False
Rape,Orenburg Oblast,2010,50.0,2.4,False
Rape,Penza Oblast,2010,57.0,4.1,False
Rape,Samara Oblast,2010,66.0,2.0,False
Rape,Saratov Oblast,2010,65.0,2.6,False
Rape,Ulyanovsk Oblast,2010,44.0,3.4,False
Rape,Kurgan Oblast,2010,65.0,7.1,False
Rape,Sverdlovsk Oblast,2010,251.0,5.8,False
Rape,Tyumen Oblast,2010,86.0,6.4,False
Rape,Khanty–Mansi Autonomous Okrug – Yugra,2010,45.0,3.0,False
Rape,Yamalo-Nenets Autonomous Okrug,2010,19.0,3.6,False
Rape,Chelyabinsk Oblast,2010,110.0,3.2,False
Rape,Altai Republic,2010,36.0,17.5,False
Rape,Republic of Buryatia,2010,51.0,5.3,False
Rape,Tuva Republic,2010,101.0,32.9,False
Rape,Republic of Khakassia,2010,19.0,3.6,False
Rape,Altai Krai,2010,82.0,3.4,False
Rape,Zabaykalsky Krai,2010,93.0,8.4,False
Rape,Krasnoyarsk Krai,2010,136.0,4.8,False
Rape,Irkutsk Oblast,2010,91.0,3.7,False
Rape,Kemerovo Oblast,2010,84.0,3.0,False
Rape,Novosibirsk Oblast,2010,74.0,2.8,False
Rape,Omsk Oblast,2010,77.0,3.9,False
Rape,Tomsk Oblast,2010,43.0,4.1,False
Rape,Sakha (Yakutia) Republic,2010,41.0,4.3,False
Rape,Kamchatka Krai,2010,17.0,5.3,False
Rape,Primorsky Krai,2010,54.0,2.7,False
Rape,Khabarovsk Krai,2010,46.0,3.4,False
Rape,Amur Oblast,2010,43.0,5.2,False
Rape,Magadan Oblast,2010,9.0,5.7,False
Rape,Sakhalin Oblast,2010,6.0,1.2,False
Rape,Jewish Autonomous Oblast,2010,18.0,10.1,False
Rape,Chukotka Autonomous Okrug,2010,5.0,9.8,False
Theft,Russian Federation,2010,1108369.0,776.0,True
Theft,Belgorod Oblast,2010,6696.0,437.1,False
Theft,Bryansk Oblast,2010,8882.0,690.4,False
Theft,Vladimir Oblast,2010,12123.0,836.2,False
Theft,Voronezh Oblast,2010,12742.0,545.7,False
Theft,Ivanovo Oblast,2010,7889.0,738.8,False
Theft,Kaluga Oblast,2010,7328.0,722.0,False
Theft,Kostroma Oblast,2010,3508.0,521.3,False
Theft,Kursk Oblast,2010,8970.0,790.3,False
Theft,Lipetsk Oblast,2010,7465.0,634.2,False
Theft,Moscow Oblast,2010,46143.0,656.9,False
Theft,Oryol Oblast,2010,5043.0,635.8,False
Theft,Ryazan Oblast,2010,3646.0,313.8,False
Theft,Smolensk Oblast,2010,8292.0,835.0,False
Theft,Tambov Oblast,2010,4728.0,430.0,False
Theft,Tver Oblast,2010,14934.0,1093.8,False
Theft,Tula Oblast,2010,5513.0,352.3,False
Theft,Yaroslavl Oblast,2010,10849.0,847.5,False
Theft,Moscow,2010,94642.0,831.5,False
Theft,Republic of Karelia,2010,5220.0,804.7,False
Theft,Komi Republic,2010,6783.0,743.8,False
Theft,Arkhangelsk Oblast,2010,10715.0,896.4,False
Theft,Nenets Autonomous Okrug,2010,344.0,816.8,False
Theft,Vologda Oblast,2010,10697.0,885.2,False
Theft,Kaliningrad Oblast,2010,8042.0,856.8,False
Theft,Leningrad Oblast,2010,13050.0,765.4,False
Theft,Murmansk Oblast,2010,7673.0,959.4,False
Theft,Novgorod Oblast,2010,5393.0,843.1,False
Theft,Pskov Oblast,2010,5731.0,840.5,False
Theft,Saint Petersburg,2010,24268.0,502.2,False
Theft,Republic of Dagestan,2010,2573.0,89.7,False
Theft,Republic of Ingushetia,2010,189.0,45.9,False
Theft,Kabardino-Balkar Republic,2010,3196.0,371.8,False
Theft,Karachay-Cherkess Republic,2010,1382.0,291.7,False
Theft,Republic of North Ossetia-Alania,2010,1851.0,260.1,False
Theft,Chechen Republic,2010,531.0,42.5,False
Theft,Stavropol Krai,2010,13201.0,475.2,False
Theft,Republic of Adygea,2010,1916.0,435.7,False
Theft,Republic of Kalmykia,2010,884.0,305.2,False
Theft,Republic of Crimea,2010,,,False
Theft,Krasnodar Krai,2010,25858.0,495.9,False
Theft,Astrakhan Oblast,2010,7855.0,776.9,False
Theft,Volgograd Oblast,2010,16973.0,649.3,False
Theft,Rostov Oblast,2010,27664.0,645.6,False
Theft,Sevastopol,2010,,,False
Theft,Republic of Bashkortostan,2010,29368.0,721.8,False
Theft,Mari El Republic,2010,4107.0,587.2,False
Theft,Republic of Mordovia,2010,2314.0,275.7,False
Theft,Republic of Tatarstan,2010,26901.0,710.8,False
Theft,Udmurt Republic,2010,13662.0,895.8,False
Theft,Chuvash Republic,2010,5997.0,477.5,False
Theft,Perm Krai,2010,35180.0,1328.2,False
Theft,Kirov Oblast,2010,9225.0,682.0,False
Theft,Nizhny Novgorod Oblast,2010,38485.0,1156.8,False
Theft,Orenburg Oblast,2010,14139.0,692.4,False
Theft,Penza Oblast,2010,6920.0,497.0,False
Theft,Samara Oblast,2010,27815.0,863.6,False
Theft,Saratov Oblast,2010,17275.0,681.3,False
Theft,Ulyanovsk Oblast,2010,6345.0,487.4,False
Theft,Kurgan Oblast,2010,7888.0,858.7,False
Theft,Sverdlovsk Oblast,2010,38478.0,893.1,False
Theft,Tyumen Oblast,2010,16921.0,1269.0,False
Theft,Khanty–Mansi Autonomous Okrug – Yugra,2010,13292.0,873.8,False
Theft,Yamalo-Nenets Autonomous Okrug,2010,2930.0,559.0,False
Theft,Chelyabinsk Oblast,2010,39672.0,1139.4,False
Theft,Altai Republic,2010,1760.0,856.9,False
Theft,Republic of Buryatia,2010,12098.0,1247.6,False
Theft,Tuva Republic,2010,1606.0,522.6,False
Theft,Republic of Khakassia,2010,5958.0,1118.4,False
Theft,Altai Krai,2010,21168.0,870.8,False
Theft,Zabaykalsky Krai,2010,13376.0,1206.2,False
Theft,Krasnoyarsk Krai,2010,31261.0,1103.5,False
Theft,Irkutsk Oblast,2010,27589.0,1130.5,False
Theft,Kemerovo Oblast,2010,28467.0,1026.6,False
Theft,Novosibirsk Oblast,2010,27079.0,1017.4,False
Theft,Omsk Oblast,2010,14895.0,750.8,False
Theft,Tomsk Oblast,2010,14953.0,1437.4,False
Theft,Sakha (Yakutia) Republic,2010,7360.0,768.0,False
Theft,Kamchatka Krai,2010,1730.0,535.3,False
Theft,Primorsky Krai,2010,22538.0,1146.9,False
Theft,Khabarovsk Krai,2010,14644.0,1085.4,False
Theft,Amur Oblast,2010,8475.0,1015.1,False
Theft,Magadan Oblast,2010,1166.0,733.3,False
Theft,Sakhalin Oblast,2010,4393.0,876.4,False
Theft,Jewish Autonomous Oblast,2010,1781.0,1003.4,False
Theft,Chukotka Autonomous Okrug,2010,304.0,594.0,False
Robbery without violence,Russian Federation,2010,164547.0,115.2,True
Robbery without violence,Belgorod Oblast,2010,746.0,48.7,False
Robbery without violence,Bryansk Oblast,2010,809.0,62.9,False
Robbery without violence,Vladimir Oblast,2010,1310.0,90.4,False
Robbery without violence,Voronezh Oblast,2010,1251.0,53.6,False
Robbery without violence,Ivanovo Oblast,2010,1009.0,94.5,False
Robbery without violence,Kaluga Oblast,2010,626.0,61.7,False
Robbery without violence,Kostroma Oblast,2010,549.0,81.6,False
Robbery without violence,Kursk Oblast,2010,735.0,64.8,False
Robbery without violence,Lipetsk Oblast,2010,1067.0,90.7,False
Robbery without violence,Moscow Oblast,2010,6422.0,91.4,False
Robbery without violence,Oryol Oblast,2010,424.0,53.5,False
Robbery without violence,Ryazan Oblast,2010,425.0,36.6,False
Robbery without violence,Smolensk Oblast,2010,1096.0,110.4,False
Robbery without violence,Tambov Oblast,2010,388.0,35.3,False
Robbery without violence,Tver Oblast,2010,1360.0,99.6,False
Robbery without violence,Tula Oblast,2010,793.0,50.7,False
Robbery without violence,Yaroslavl Oblast,2010,1693.0,132.3,False
Robbery without violence,Moscow,2010,15129.0,132.9,False
Robbery without violence,Republic of Karelia,2010,624.0,96.2,False
Robbery without violence,Komi Republic,2010,1083.0,118.8,False
Robbery without violence,Arkhangelsk Oblast,2010,1518.0,127.0,False
Robbery without violence,Nenets Autonomous Okrug,2010,26.0,61.7,False
Robbery without violence,Vologda Oblast,2010,1380.0,114.2,False
Robbery without violence,Kaliningrad Oblast,2010,1075.0,114.5,False
Robbery without violence,Leningrad Oblast,2010,1627.0,95.4,False
Robbery without violence,Murmansk Oblast,2010,942.0,117.8,False
Robbery without violence,Novgorod Oblast,2010,640.0,100.0,False
Robbery without violence,Pskov Oblast,2010,558.0,81.8,False
Robbery without violence,Saint Petersburg,2010,5448.0,112.7,False
Robbery without violence,Republic of Dagestan,2010,361.0,12.6,False
Robbery without violence,Republic of Ingushetia,2010,9.0,2.2,False
Robbery without violence,Kabardino-Balkar Republic,2010,415.0,48.3,False
Robbery without violence,Karachay-Cherkess Republic,2010,147.0,31.0,False
Robbery without violence,Republic of North Ossetia-Alania,2010,231.0,32.5,False
Robbery without violence,Chechen Republic,2010,33.0,2.6,False
Robbery without violence,Stavropol Krai,2010,1567.0,56.4,False
Robbery without violence,Republic of Adygea,2010,219.0,49.8,False
Robbery without violence,Republic of Kalmykia,2010,139.0,48.0,False
Robbery without violence,Republic of Crimea,2010,,,False
Robbery without violence,Krasnodar Krai,2010,2384.0,45.7,False
Robbery without violence,Astrakhan Oblast,2010,1118.0,110.6,False
Robbery without violence,Volgograd Oblast,2010,2862.0,109.5,False
Robbery without violence,Rostov Oblast,2010,3454.0,80.6,False
Robbery without violence,Sevastopol,2010,,,False
Robbery without violence,Republic of Bashkortostan,2010,3261.0,80.2,False
Robbery without violence,Mari El Republic,2010,687.0,98.2,False
Robbery without violence,Republic of Mordovia,2010,221.0,26.3,False
Robbery without violence,Republic of Tatarstan,2010,3096.0,81.8,False
Robbery without violence,Udmurt Republic,2010,2958.0,194.0,False
Robbery without violence,Chuvash Republic,2010,1035.0,82.4,False
Robbery without violence,Perm Krai,2010,6781.0,256.0,False
Robbery without violence,Kirov Oblast,2010,1010.0,74.7,False
Robbery without violence,Nizhny Novgorod Oblast,2010,7526.0,226.2,False
Robbery without violence,Orenburg Oblast,2010,1976.0,96.8,False
Robbery without violence,Penza Oblast,2010,645.0,46.3,False
Robbery without violence,Samara Oblast,2010,6140.0,190.6,False
Robbery without violence,Saratov Oblast,2010,2431.0,95.9,False
Robbery without violence,Ulyanovsk Oblast,2010,1017.0,78.1,False
Robbery without violence,Kurgan Oblast,2010,848.0,92.3,False
Robbery without violence,Sverdlovsk Oblast,2010,6375.0,148.0,False
Robbery without violence,Tyumen Oblast,2010,2449.0,183.7,False
Robbery without violence,Khanty–Mansi Autonomous Okrug – Yugra,2010,1531.0,100.6,False
Robbery without violence,Yamalo-Nenets Autonomous Okrug,2010,275.0,52.5,False
Robbery without violence,Chelyabinsk Oblast,2010,6700.0,192.4,False
Robbery without violence,Altai Republic,2010,134.0,65.2,False
Robbery without violence,Republic of Buryatia,2010,1457.0,150.2,False
Robbery without violence,Tuva Republic,2010,357.0,116.2,False
Robbery without violence,Republic of Khakassia,2010,563.0,105.7,False
Robbery without violence,Altai Krai,2010,2270.0,93.4,False
Robbery without violence,Zabaykalsky Krai,2010,1733.0,156.3,False
Robbery without violence,Krasnoyarsk Krai,2010,4220.0,149.0,False
Robbery without violence,Irkutsk Oblast,2010,6944.0,284.5,False
Robbery without violence,Kemerovo Oblast,2010,6199.0,223.6,False
Robbery without violence,Novosibirsk Oblast,2010,4590.0,172.5,False
Robbery without violence,Omsk Oblast,2010,1635.0,82.4,False
Robbery without violence,Tomsk Oblast,2010,2838.0,272.8,False
Robbery without violence,Sakha (Yakutia) Republic,2010,1278.0,133.4,False
Robbery without violence,Kamchatka Krai,2010,145.0,44.9,False
Robbery without violence,Primorsky Krai,2010,3322.0,169.0,False
Robbery without violence,Khabarovsk Krai,2010,2607.0,193.2,False
Robbery without violence,Amur Oblast,2010,1222.0,146.4,False
Robbery without violence,Magadan Oblast,2010,139.0,87.4,False
Robbery without violence,Sakhalin Oblast,2010,505.0,100.7,False
Robbery without violence,Jewish Autonomous Oblast,2010,209.0,117.7,False
Robbery without violence,Chukotka Autonomous Okrug,2010,17.0,33.2,False
Robbery with violence,Russian Federation,2010,24537.0,17.2,True
Robbery with violence,Belgorod Oblast,2010,98.0,6.4,False
Robbery with violence,Bryansk Oblast,2010,148.0,11.5,False
Robbery with violence,Vladimir Oblast,2010,276.0,19.0,False
Robbery with violence,Voronezh Oblast,2010,247.0,10.6,False
Robbery with violence,Ivanovo Oblast,2010,176.0,16.5,False
Robbery with violence,Kaluga Oblast,2010,182.0,17.9,False
Robbery with violence,Kostroma Oblast,2010,75.0,11.1,False
Robbery with violence,Kursk Oblast,2010,121.0,10.7,False
Robbery with violence,Lipetsk Oblast,2010,82.0,7.0,False
Robbery with violence,Moscow Oblast,2010,1429.0,20.3,False
Robbery with violence,Oryol Oblast,2010,75.0,9.5,False
Robbery with violence,Ryazan Oblast,2010,97.0,8.3,False
Robbery with violence,Smolensk Oblast,2010,181.0,18.2,False
Robbery with violence,Tambov Oblast,2010,64.0,5.8,False
Robbery with violence,Tver Oblast,2010,300.0,22.0,False
Robbery with violence,Tula Oblast,2010,187.0,12.0,False
Robbery with violence,Yaroslavl Oblast,2010,292.0,22.8,False
Robbery with violence,Moscow,2010,2872.0,25.2,False
Robbery with violence,Republic of Karelia,2010,79.0,12.2,False
Robbery with violence,Komi Republic,2010,116.0,12.7,False
Robbery with violence,Arkhangelsk Oblast,2010,246.0,20.6,False
Robbery with violence,Nenets Autonomous Okrug,2010,5.0,11.9,False
Robbery with violence,Vologda Oblast,2010,217.0,18.0,False
Robbery with violence,Kaliningrad Oblast,2010,133.0,14.2,False
Robbery with violence,Leningrad Oblast,2010,368.0,21.6,False
Robbery with violence,Murmansk Oblast,2010,89.0,11.1,False
Robbery with violence,Novgorod Oblast,2010,132.0,20.6,False
Robbery with violence,Pskov Oblast,2010,94.0,13.8,False
Robbery with violence,Saint Petersburg,2010,935.0,19.3,False
Robbery with violence,Republic of Dagestan,2010,127.0,4.4,False
Robbery with violence,Republic of Ingushetia,2010,26.0,6.3,False
Robbery with violence,Kabardino-Balkar Republic,2010,187.0,21.8,False
Robbery with violence,Karachay-Cherkess Republic,2010,63.0,13.3,False
Robbery with violence,Republic of North Ossetia-Alania,2010,66.0,9.3,False
Robbery with violence,Chechen Republic,2010,37.0,3.0,False
Robbery with violence,Stavropol Krai,2010,417.0,15.0,False
Robbery with violence,Republic of Adygea,2010,35.0,8.0,False
Robbery with violence,Republic of Kalmykia,2010,20.0,6.9,False
Robbery with violence,Republic of Crimea,2010,,,False
Robbery with violence,Krasnodar Krai,2010,494.0,9.5,False
Robbery with violence,Astrakhan Oblast,2010,209.0,20.7,False
Robbery with violence,Volgograd Oblast,2010,357.0,13.7,False
Robbery with violence,Rostov Oblast,2010,544.0,12.7,False
Robbery with violence,Sevastopol,2010,,,False
Robbery with violence,Republic of Bashkortostan,2010,404.0,9.9,False
Robbery with violence,Mari El Republic,2010,86.0,12.3,False
Robbery with violence,Republic of Mordovia,2010,60.0,7.1,False
Robbery with violence,Republic of Tatarstan,2010,452.0,11.9,False
Robbery with violence,Udmurt Republic,2010,319.0,20.9,False
Robbery with violence,Chuvash Republic,2010,122.0,9.7,False
Robbery with violence,Perm Krai,2010,726.0,27.4,False
Robbery with violence,Kirov Oblast,2010,131.0,9.7,False
Robbery with violence,Nizhny Novgorod Oblast,2010,558.0,16.8,False
Robbery with violence,Orenburg Oblast,2010,207.0,10.1,False
Robbery with violence,Penza Oblast,2010,78.0,5.6,False
Robbery with violence,Samara Oblast,2010,826.0,25.6,False
Robbery with violence,Saratov Oblast,2010,290.0,11.4,False
Robbery with violence,Ulyanovsk Oblast,2010,246.0,18.9,False
Robbery with violence,Kurgan Oblast,2010,118.0,12.8,False
Robbery with violence,Sverdlovsk Oblast,2010,780.0,18.1,False
Robbery with violence,Tyumen Oblast,2010,311.0,23.3,False
Robbery with violence,Khanty–Mansi Autonomous Okrug – Yugra,2010,225.0,14.8,False
Robbery with violence,Yamalo-Nenets Autonomous Okrug,2010,37.0,7.1,False
Robbery with violence,Chelyabinsk Oblast,2010,657.0,18.9,False
Robbery with violence,Altai Republic,2010,30.0,14.6,False
Robbery with violence,Republic of Buryatia,2010,128.0,13.2,False
Robbery with violence,Tuva Republic,2010,101.0,32.9,False
Robbery with violence,Republic of Khakassia,2010,50.0,9.4,False
Robbery with violence,Altai Krai,2010,234.0,9.6,False
Robbery with violence,Zabaykalsky Krai,2010,339.0,30.6,False
Robbery with violence,Krasnoyarsk Krai,2010,567.0,20.0,False
Robbery with violence,Irkutsk Oblast,2010,1042.0,42.7,False
Robbery with violence,Kemerovo Oblast,2010,862.0,31.1,False
Robbery with violence,Novosibirsk Oblast,2010,778.0,29.2,False
Robbery with violence,Omsk Oblast,2010,280.0,14.1,False
Robbery with violence,Tomsk Oblast,2010,190.0,18.3,False
Robbery with violence,Sakha (Yakutia) Republic,2010,164.0,17.1,False
Robbery with violence,Kamchatka Krai,2010,27.0,8.4,False
Robbery with violence,Primorsky Krai,2010,494.0,25.1,False
Robbery with violence,Khabarovsk Krai,2010,189.0,14.0,False
Robbery with violence,Amur Oblast,2010,126.0,15.1,False
Robbery with violence,Magadan Oblast,2010,19.0,11.9,False
Robbery with violence,Sakhalin Oblast,2010,59.0,11.8,False
Robbery with violence,Jewish Autonomous Oblast,2010,23.0,13.0,False
Robbery with violence,Chukotka Autonomous Okrug,2010,3.0,5.9,False
Extortion,Russian Federation,2010,6575.0,4.6,True
Extortion,Belgorod Oblast,2010,30.0,2.0,False
Extortion,Bryansk Oblast,2010,28.0,2.2,False
Extortion,Vladimir Oblast,2010,56.0,3.9,False
Extortion,Voronezh Oblast,2010,33.0,1.4,False
Extortion,Ivanovo Oblast,2010,41.0,3.8,False
Extortion,Kaluga Oblast,2010,35.0,3.4,False
Extortion,Kostroma Oblast,2010,38.0,5.6,False
Extortion,Kursk Oblast,2010,25.0,2.2,False
Extortion,Lipetsk Oblast,2010,12.0,1.0,False
Extortion,Moscow Oblast,2010,150.0,2.1,False
Extortion,Oryol Oblast,2010,17.0,2.1,False
Extortion,Ryazan Oblast,2010,1.0,0.1,False
Extortion,Smolensk Oblast,2010,93.0,9.4,False
Extortion,Tambov Oblast,2010,12.0,1.1,False
Extortion,Tver Oblast,2010,36.0,2.6,False
Extortion,Tula Oblast,2010,35.0,2.2,False
Extortion,Yaroslavl Oblast,2010,43.0,3.4,False
Extortion,Moscow,2010,234.0,2.1,False
Extortion,Republic of Karelia,2010,16.0,2.5,False
Extortion,Komi Republic,2010,101.0,11.1,False
Extortion,Arkhangelsk Oblast,2010,76.0,6.4,False
Extortion,Nenets Autonomous Okrug,2010,5.0,11.9,False
Extortion,Vologda Oblast,2010,65.0,5.4,False
Extortion,Kaliningrad Oblast,2010,28.0,3.0,False
Extortion,Leningrad Oblast,2010,71.0,4.2,False
Extortion,Murmansk Oblast,2010,38.0,4.8,False
Extortion,Novgorod Oblast,2010,16.0,2.5,False
Extortion,Pskov Oblast,2010,21.0,3.1,False
Extortion,Saint Petersburg,2010,159.0,3.3,False
Extortion,Republic of Dagestan,2010,44.0,1.5,False
Extortion,Republic of Ingushetia,2010,0.0,0.0,False
Extortion,Kabardino-Balkar Republic,2010,38.0,4.4,False
Extortion,Karachay-Cherkess Republic,2010,16.0,3.4,False
Extortion,Republic of North Ossetia-Alania,2010,6.0,0.8,False
Extortion,Chechen Republic,2010,8.0,0.6,False
Extortion,Stavropol Krai,2010,106.0,3.8,False
Extortion,Republic of Adygea,2010,11.0,2.5,False
Extortion,Republic of Kalmykia,2010,38.0,13.1,False
Extortion,Republic of Crimea,2010,,,False
Extortion,Krasnodar Krai,2010,119.0,2.3,False
Extortion,Astrakhan Oblast,2010,48.0,4.7,False
Extortion,Volgograd Oblast,2010,97.0,3.7,False
Extortion,Rostov Oblast,2010,70.0,1.6,False
Extortion,Sevastopol,2010,,,False
Extortion,Republic of Bashkortostan,2010,242.0,5.9,False
Extortion,Mari El Republic,2010,74.0,10.6,False
Extortion,Republic of Mordovia,2010,33.0,3.9,False
Extortion,Republic of Tatarstan,2010,186.0,4.9,False
Extortion,Udmurt Republic,2010,169.0,11.1,False
Extortion,Chuvash Republic,2010,146.0,11.6,False
Extortion,Perm Krai,2010,269.0,10.2,False
Extortion,Kirov Oblast,2010,43.0,3.2,False
Extortion,Nizhny Novgorod Oblast,2010,177.0,5.3,False
Extortion,Orenburg Oblast,2010,87.0,4.3,False
Extortion,Penza Oblast,2010,32.0,2.3,False
Extortion,Samara Oblast,2010,191.0,5.9,False
Extortion,Saratov Oblast,2010,52.0,2.1,False
Extortion,Ulyanovsk Oblast,2010,69.0,5.3,False
Extortion,Kurgan Oblast,2010,78.0,8.5,False
Extortion,Sverdlovsk Oblast,2010,275.0,6.4,False
Extortion,Tyumen Oblast,2010,70.0,5.2,False
Extortion,Khanty–Mansi Autonomous Okrug – Yugra,2010,150.0,9.9,False
Extortion,Yamalo-Nenets Autonomous Okrug,2010,22.0,4.2,False
Extortion,Chelyabinsk Oblast,2010,120.0,3.4,False
Extortion,Altai Republic,2010,9.0,4.4,False
Extortion,Republic of Buryatia,2010,96.0,9.9,False
Extortion,Tuva Republic,2010,12.0,3.9,False
Extortion,Republic of Khakassia,2010,18.0,3.4,False
Extortion,Altai Krai,2010,57.0,2.3,False
Extortion,Zabaykalsky Krai,2010,118.0,10.6,False
Extortion,Krasnoyarsk Krai,2010,136.0,4.8,False
Extortion,Irkutsk Oblast,2010,159.0,6.5,False
Extortion,Kemerovo Oblast,2010,115.0,4.1,False
Extortion,Novosibirsk Oblast,2010,152.0,5.7,False
Extortion,Omsk Oblast,2010,32.0,1.6,False
Extortion,Tomsk Oblast,2010,79.0,7.6,False
Extortion,Sakha (Yakutia) Republic,2010,48.0,5.0,False
Extortion,Kamchatka Krai,2010,10.0,3.1,False
Extortion,Primorsky Krai,2010,138.0,7.0,False
Extortion,Khabarovsk Krai,2010,82.0,6.1,False
Extortion,Amur Oblast,2010,30.0,3.6,False
Extortion,Magadan Oblast,2010,6.0,3.8,False
Extortion,Sakhalin Oblast,2010,11.0,2.2,False
Extortion,Jewish Autonomous Oblast,2010,6.0,3.4,False
Extortion,Chukotka Autonomous Okrug,2010,1.0,2.0,False
Hooliganism,Russian Federation,2010,7219.0,5.1,True
Hooliganism,Belgorod Oblast,2010,21.0,1.4,False
Hooliganism,Bryansk Oblast,2010,59.0,4.6,False
Hooliganism,Vladimir Oblast,2010,62.0,4.3,False
Hooliganism,Voronezh Oblast,2010,40.0,1.7,False
Hooliganism,Ivanovo Oblast,2010,48.0,4.5,False
Hooliganism,Kaluga Oblast,2010,25.0,2.5,False
Hooliganism,Kostroma Oblast,2010,18.0,2.7,False
Hooliganism,Kursk Oblast,2010,10.0,0.9,False
Hooliganism,Lipetsk Oblast,2010,28.0,2.4,False
Hooliganism,Moscow Oblast,2010,406.0,5.8,False
Hooliganism,Oryol Oblast,2010,73.0,9.2,False
Hooliganism,Ryazan Oblast,2010,7.0,0.6,False
Hooliganism,Smolensk Oblast,2010,138.0,13.9,False
Hooliganism,Tambov Oblast,2010,58.0,5.3,False
Hooliganism,Tver Oblast,2010,92.0,6.7,False
Hooliganism,Tula Oblast,2010,32.0,2.0,False
Hooliganism,Yaroslavl Oblast,2010,16.0,1.2,False
Hooliganism,Moscow,2010,1174.0,10.3,False
Hooliganism,Republic of Karelia,2010,25.0,3.9,False
Hooliganism,Komi Republic,2010,66.0,7.2,False
Hooliganism,Arkhangelsk Oblast,2010,36.0,3.0,False
Hooliganism,Nenets Autonomous Okrug,2010,5.0,11.9,False
Hooliganism,Vologda Oblast,2010,128.0,10.6,False
Hooliganism,Kaliningrad Oblast,2010,18.0,1.9,False
Hooliganism,Leningrad Oblast,2010,60.0,3.5,False
Hooliganism,Murmansk Oblast,2010,49.0,6.1,False
Hooliganism,Novgorod Oblast,2010,28.0,4.4,False
Hooliganism,Pskov Oblast,2010,16.0,2.3,False
Hooliganism,Saint Petersburg,2010,209.0,4.3,False
Hooliganism,Republic of Dagestan,2010,103.0,3.6,False
Hooliganism,Republic of Ingushetia,2010,30.0,7.3,False
Hooliganism,Kabardino-Balkar Republic,2010,38.0,4.4,False
Hooliganism,Karachay-Cherkess Republic,2010,19.0,4.0,False
Hooliganism,Republic of North Ossetia-Alania,2010,13.0,1.8,False
Hooliganism,Chechen Republic,2010,9.0,0.7,False
Hooliganism,Stavropol Krai,2010,175.0,6.3,False
Hooliganism,Republic of Adygea,2010,5.0,1.1,False
Hooliganism,Republic of Kalmykia,2010,29.0,10.0,False
Hooliganism,Republic of Crimea,2010,,,False
Hooliganism,Krasnodar Krai,2010,109.0,2.1,False
Hooliganism,Astrakhan Oblast,2010,61.0,6.0,False
Hooliganism,Volgograd Oblast,2010,147.0,5.6,False
Hooliganism,Rostov Oblast,2010,111.0,2.6,False
Hooliganism,Sevastopol,2010,,,False
Hooliganism,Republic of Bashkortostan,2010,188.0,4.6,False
Hooliganism,Mari El Republic,2010,72.0,10.3,False
Hooliganism,Republic of Mordovia,2010,16.0,1.9,False
Hooliganism,Republic of Tatarstan,2010,296.0,7.8,False
Hooliganism,Udmurt Republic,2010,96.0,6.3,False
Hooliganism,Chuvash Republic,2010,82.0,6.5,False
Hooliganism,Perm Krai,2010,110.0,4.2,False
Hooliganism,Kirov Oblast,2010,62.0,4.6,False
Hooliganism,Nizhny Novgorod Oblast,2010,80.0,2.4,False
Hooliganism,Orenburg Oblast,2010,45.0,2.2,False
Hooliganism,Penza Oblast,2010,9.0,0.6,False
Hooliganism,Samara Oblast,2010,213.0,6.6,False
Hooliganism,Saratov Oblast,2010,49.0,1.9,False
Hooliganism,Ulyanovsk Oblast,2010,57.0,4.4,False
Hooliganism,Kurgan Oblast,2010,158.0,17.2,False
Hooliganism,Sverdlovsk Oblast,2010,185.0,4.3,False
Hooliganism,Tyumen Oblast,2010,231.0,17.3,False
Hooliganism,Khanty–Mansi Autonomous Okrug – Yugra,2010,250.0,16.4,False
Hooliganism,Yamalo-Nenets Autonomous Okrug,2010,11.0,2.1,False
Hooliganism,Chelyabinsk Oblast,2010,206.0,5.9,False
Hooliganism,Altai Republic,2010,5.0,2.4,False
Hooliganism,Republic of Buryatia,2010,89.0,9.2,False
Hooliganism,Tuva Republic,2010,33.0,10.7,False
Hooliganism,Republic of Khakassia,2010,9.0,1.7,False
Hooliganism,Altai Krai,2010,12.0,0.5,False
Hooliganism,Zabaykalsky Krai,2010,30.0,2.7,False
Hooliganism,Krasnoyarsk Krai,2010,99.0,3.5,False
Hooliganism,Irkutsk Oblast,2010,180.0,7.4,False
Hooliganism,Kemerovo Oblast,2010,33.0,1.2,False
Hooliganism,Novosibirsk Oblast,2010,132.0,5.0,False
Hooliganism,Omsk Oblast,2010,30.0,1.5,False
Hooliganism,Tomsk Oblast,2010,9.0,0.9,False
Hooliganism,Sakha (Yakutia) Republic,2010,38.0,4.0,False
Hooliganism,Kamchatka Krai,2010,2.0,0.6,False
Hooliganism,Primorsky Krai,2010,102.0,5.2,False
Hooliganism,Khabarovsk Krai,2010,31.0,2.3,False
Hooliganism,Amur Oblast,2010,12.0,1.4,False
Hooliganism,Magadan Oblast,2010,1.0,0.6,False
Hooliganism,Sakhalin Oblast,2010,5.0,1.0,False
Hooliganism,Jewish Autonomous Oblast,2010,1.0,0.6,False
Hooliganism,Chukotka Autonomous Okrug,2010,1.0,2.0,False
Crimes in the Sphere of Economic Activity,Russian Federation,2010,276435.0,193.5,True
Crimes in the Sphere of Economic Activity,Belgorod Oblast,2010,2438.0,159.2,False
Crimes in the Sphere of Economic Activity,Bryansk Oblast,2010,2881.0,223.9,False
Crimes in the Sphere of Economic Activity,Vladimir Oblast,2010,3117.0,215.0,False
Crimes in the Sphere of Economic Activity,Voronezh Oblast,2010,3543.0,151.7,False
Crimes in the Sphere of Economic Activity,Ivanovo Oblast,2010,2591.0,242.7,False
Crimes in the Sphere of Economic Activity,Kaluga Oblast,2010,2815.0,277.3,False
Crimes in the Sphere of Economic Activity,Kostroma Oblast,2010,1612.0,239.5,False
Crimes in the Sphere of Economic Activity,Kursk Oblast,2010,2170.0,191.2,False
Crimes in the Sphere of Economic Activity,Lipetsk Oblast,2010,2073.0,176.1,False
Crimes in the Sphere of Economic Activity,Moscow Oblast,2010,16314.0,232.3,False
Crimes in the Sphere of Economic Activity,Oryol Oblast,2010,2229.0,281.0,False
Crimes in the Sphere of Economic Activity,Ryazan Oblast,2010,2026.0,174.4,False
Crimes in the Sphere of Economic Activity,Smolensk Oblast,2010,3493.0,351.8,False
Crimes in the Sphere of Economic Activity,Tambov Oblast,2010,1854.0,168.6,False
Crimes in the Sphere of Economic Activity,Tver Oblast,2010,2743.0,200.9,False
Crimes in the Sphere of Economic Activity,Tula Oblast,2010,2642.0,168.9,False
Crimes in the Sphere of Economic Activity,Yaroslavl Oblast,2010,1692.0,132.2,False
Crimes in the Sphere of Economic Activity,Moscow,2010,14721.0,129.3,False
Crimes in the Sphere of Economic Activity,Republic of Karelia,2010,1696.0,261.4,False
Crimes in the Sphere of Economic Activity,Komi Republic,2010,1554.0,170.4,False
Crimes in the Sphere of Economic Activity,Arkhangelsk Oblast,2010,2009.0,168.1,False
Crimes in the Sphere of Economic Activity,Nenets Autonomous Okrug,2010,76.0,180.5,False
Crimes in the Sphere of Economic Activity,Vologda Oblast,2010,2114.0,174.9,False
Crimes in the Sphere of Economic Activity,Kaliningrad Oblast,2010,2306.0,245.7,False
Crimes in the Sphere of Economic Activity,Leningrad Oblast,2010,3350.0,196.5,False
Crimes in the Sphere of Economic Activity,Murmansk Oblast,2010,1186.0,148.3,False
Crimes in the Sphere of Economic Activity,Novgorod Oblast,2010,1526.0,238.6,False
Crimes in the Sphere of Economic Activity,Pskov Oblast,2010,1117.0,163.8,False
Crimes in the Sphere of Economic Activity,Saint Petersburg,2010,7034.0,145.5,False
Crimes in the Sphere of Economic Activity,Republic of Dagestan,2010,2315.0,80.7,False
Crimes in the Sphere of Economic Activity,Republic of Ingushetia,2010,226.0,54.9,False
Crimes in the Sphere of Economic Activity,Kabardino-Balkar Republic,2010,1385.0,161.1,False
Crimes in the Sphere of Economic Activity,Karachay-Cherkess Republic,2010,840.0,177.3,False
Crimes in the Sphere of Economic Activity,Republic of North Ossetia-Alania,2010,1322.0,185.7,False
Crimes in the Sphere of Economic Activity,Chechen Republic,2010,685.0,54.8,False
Crimes in the Sphere of Economic Activity,Stavropol Krai,2010,5054.0,181.9,False
Crimes in the Sphere of Economic Activity,Republic of Adygea,2010,603.0,137.1,False
Crimes in the Sphere of Economic Activity,Republic of Kalmykia,2010,833.0,287.6,False
Crimes in the Sphere of Economic Activity,Republic of Crimea,2010,,,False
Crimes in the Sphere of Economic Activity,Krasnodar Krai,2010,6104.0,117.1,False
Crimes in the Sphere of Economic Activity,Astrakhan Oblast,2010,6693.0,661.9,False
Crimes in the Sphere of Economic Activity,Volgograd Oblast,2010,6927.0,265.0,False
Crimes in the Sphere of Economic Activity,Rostov Oblast,2010,6746.0,157.4,False
Crimes in the Sphere of Economic Activity,Sevastopol,2010,,,False
Crimes in the Sphere of Economic Activity,Republic of Bashkortostan,2010,7499.0,184.3,False
Crimes in the Sphere of Economic Activity,Mari El Republic,2010,1056.0,151.0,False
Crimes in the Sphere of Economic Activity,Republic of Mordovia,2010,2308.0,275.0,False
Crimes in the Sphere of Economic Activity,Republic of Tatarstan,2010,4820.0,127.4,False
Crimes in the Sphere of Economic Activity,Udmurt Republic,2010,2827.0,185.4,False
Crimes in the Sphere of Economic Activity,Chuvash Republic,2010,2800.0,223.0,False
Crimes in the Sphere of Economic Activity,Perm Krai,2010,3511.0,132.6,False
Crimes in the Sphere of Economic Activity,Kirov Oblast,2010,1782.0,131.7,False
Crimes in the Sphere of Economic Activity,Nizhny Novgorod Oblast,2010,9797.0,294.5,False
Crimes in the Sphere of Economic Activity,Orenburg Oblast,2010,2594.0,127.0,False
Crimes in the Sphere of Economic Activity,Penza Oblast,2010,2102.0,151.0,False
Crimes in the Sphere of Economic Activity,Samara Oblast,2010,4455.0,138.3,False
Crimes in the Sphere of Economic Activity,Saratov Oblast,2010,3424.0,135.0,False
Crimes in the Sphere of Economic Activity,Ulyanovsk Oblast,2010,1775.0,136.4,False
Crimes in the Sphere of Economic Activity,Kurgan Oblast,2010,1627.0,177.1,False
Crimes in the Sphere of Economic Activity,Sverdlovsk Oblast,2010,7609.0,176.6,False
Crimes in the Sphere of Economic Activity,Tyumen Oblast,2010,3631.0,272.3,False
Crimes in the Sphere of Economic Activity,Khanty–Mansi Autonomous Okrug – Yugra,2010,3369.0,221.5,False
Crimes in the Sphere of Economic Activity,Yamalo-Nenets Autonomous Okrug,2010,1318.0,251.5,False
Crimes in the Sphere of Economic Activity,Chelyabinsk Oblast,2010,8825.0,253.5,False
Crimes in the Sphere of Economic Activity,Altai Republic,2010,340.0,165.5,False
Crimes in the Sphere of Economic Activity,Republic of Buryatia,2010,1197.0,123.4,False
Crimes in the Sphere of Economic Activity,Tuva Republic,2010,386.0,125.6,False
Crimes in the Sphere of Economic Activity,Republic of Khakassia,2010,563.0,105.7,False
Crimes in the Sphere of Economic Activity,Altai Krai,2010,2849.0,117.2,False
Crimes in the Sphere of Economic Activity,Zabaykalsky Krai,2010,1533.0,138.2,False
Crimes in the Sphere of Economic Activity,Krasnoyarsk Krai,2010,3903.0,137.8,False
Crimes in the Sphere of Economic Activity,Irkutsk Oblast,2010,3206.0,131.4,False
Crimes in the Sphere of Economic Activity,Kemerovo Oblast,2010,3075.0,110.9,False
Crimes in the Sphere of Economic Activity,Novosibirsk Oblast,2010,9319.0,350.1,False
Crimes in the Sphere of Economic Activity,Omsk Oblast,2010,4477.0,225.7,False
Crimes in the Sphere of Economic Activity,Tomsk Oblast,2010,1413.0,135.8,False
Crimes in the Sphere of Economic Activity,Sakha (Yakutia) Republic,2010,2266.0,236.5,False
Crimes in the Sphere of Economic Activity,Kamchatka Krai,2010,905.0,280.0,False
Crimes in the Sphere of Economic Activity,Primorsky Krai,2010,2852.0,145.1,False
Crimes in the Sphere of Economic Activity,Khabarovsk Krai,2010,1815.0,134.5,False
Crimes in the Sphere of Economic Activity,Amur Oblast,2010,577.0,69.1,False
Crimes in the Sphere of Economic Activity,Magadan Oblast,2010,475.0,298.7,False
Crimes in the Sphere of Economic Activity,Sakhalin Oblast,2010,1524.0,304.0,False
Crimes in the Sphere of Economic Activity,Jewish Autonomous Oblast,2010,192.0,108.2,False
Crimes in the Sphere of Economic Activity,Chukotka Autonomous Okrug,2010,119.0,232.5,False
Murder,Russian Federation,2011,14091.0,9.9,True
Murder,Belgorod Oblast,2011,83.0,5.4,False
Murder,Bryansk Oblast,2011,108.0,8.5,False
Murder,Vladimir Oblast,2011,138.0,9.6,False
Murder,Voronezh Oblast,2011,136.0,5.8,False
Murder,Ivanovo Oblast,2011,73.0,6.9,False
Murder,Kaluga Oblast,2011,98.0,9.7,False
Murder,Kostroma Oblast,2011,53.0,8.0,False
Murder,Kursk Oblast,2011,74.0,6.6,False
Murder,Lipetsk Oblast,2011,114.0,9.7,False
Murder,Moscow Oblast,2011,680.0,9.9,False
Murder,Oryol Oblast,2011,72.0,9.2,False
Murder,Ryazan Oblast,2011,77.0,6.7,False
Murder,Smolensk Oblast,2011,78.0,7.9,False
Murder,Tambov Oblast,2011,77.0,7.1,False
Murder,Tver Oblast,2011,154.0,11.4,False
Murder,Tula Oblast,2011,113.0,7.3,False
Murder,Yaroslavl Oblast,2011,88.0,6.9,False
Murder,Moscow,2011,487.0,4.1,False
Murder,Republic of Karelia,2011,84.0,13.1,False
Murder,Komi Republic,2011,122.0,13.6,False
Murder,Arkhangelsk Oblast,2011,142.0,12.0,False
Murder,Nenets Autonomous Okrug,2011,6.0,14.3,False
Murder,Vologda Oblast,2011,125.0,10.4,False
Murder,Kaliningrad Oblast,2011,66.0,7.0,False
Murder,Leningrad Oblast,2011,228.0,13.3,False
Murder,Murmansk Oblast,2011,50.0,6.3,False
Murder,Novgorod Oblast,2011,80.0,12.6,False
Murder,Pskov Oblast,2011,64.0,9.5,False
Murder,Saint Petersburg,2011,310.0,6.3,False
Murder,Republic of Dagestan,2011,305.0,10.5,False
Murder,Republic of Ingushetia,2011,49.0,11.8,False
Murder,Kabardino-Balkar Republic,2011,110.0,12.8,False
Murder,Karachay-Cherkess Republic,2011,59.0,12.4,False
Murder,Republic of North Ossetia-Alania,2011,48.0,6.7,False
Murder,Chechen Republic,2011,90.0,7.1,False
Murder,Stavropol Krai,2011,152.0,5.5,False
Murder,Republic of Adygea,2011,23.0,5.2,False
Murder,Republic of Kalmykia,2011,37.0,12.8,False
Murder,Republic of Crimea,2011,,,False
Murder,Krasnodar Krai,2011,327.0,6.3,False
Murder,Astrakhan Oblast,2011,106.0,10.5,False
Murder,Volgograd Oblast,2011,240.0,9.2,False
Murder,Rostov Oblast,2011,280.0,6.5,False
Murder,Sevastopol,2011,,,False
Murder,Republic of Bashkortostan,2011,375.0,9.2,False
Murder,Mari El Republic,2011,87.0,12.5,False
Murder,Republic of Mordovia,2011,60.0,7.2,False
Murder,Republic of Tatarstan,2011,277.0,7.3,False
Murder,Udmurt Republic,2011,144.0,9.5,False
Murder,Chuvash Republic,2011,97.0,7.8,False
Murder,Perm Krai,2011,388.0,14.7,False
Murder,Kirov Oblast,2011,93.0,6.9,False
Murder,Nizhny Novgorod Oblast,2011,261.0,7.9,False
Murder,Orenburg Oblast,2011,239.0,11.8,False
Murder,Penza Oblast,2011,62.0,4.5,False
Murder,Samara Oblast,2011,264.0,8.2,False
Murder,Saratov Oblast,2011,166.0,6.6,False
Murder,Ulyanovsk Oblast,2011,117.0,9.1,False
Murder,Kurgan Oblast,2011,147.0,16.2,False
Murder,Sverdlovsk Oblast,2011,498.0,11.6,False
Murder,Tyumen Oblast,2011,160.0,11.9,False
Murder,Khanty–Mansi Autonomous Okrug – Yugra,2011,139.0,9.0,False
Murder,Yamalo-Nenets Autonomous Okrug,2011,73.0,13.9,False
Murder,Chelyabinsk Oblast,2011,432.0,12.4,False
Murder,Altai Republic,2011,30.0,14.5,False
Murder,Republic of Buryatia,2011,208.0,21.4,False
Murder,Tuva Republic,2011,137.0,44.5,False
Murder,Republic of Khakassia,2011,102.0,19.2,False
Murder,Altai Krai,2011,284.0,11.7,False
Murder,Zabaykalsky Krai,2011,323.0,29.2,False
Murder,Krasnoyarsk Krai,2011,365.0,12.9,False
Murder,Irkutsk Oblast,2011,549.0,22.6,False
Murder,Kemerovo Oblast,2011,494.0,17.9,False
Murder,Novosibirsk Oblast,2011,293.0,11.0,False
Murder,Omsk Oblast,2011,167.0,8.4,False
Murder,Tomsk Oblast,2011,80.0,7.6,False
Murder,Sakha (Yakutia) Republic,2011,166.0,17.3,False
Murder,Kamchatka Krai,2011,34.0,10.6,False
Murder,Primorsky Krai,2011,309.0,15.8,False
Murder,Khabarovsk Krai,2011,209.0,15.6,False
Murder,Amur Oblast,2011,190.0,22.9,False
Murder,Magadan Oblast,2011,30.0,19.2,False
Murder,Sakhalin Oblast,2011,76.0,15.3,False
Murder,Jewish Autonomous Oblast,2011,38.0,21.6,False
Murder,Chukotka Autonomous Okrug,2011,13.0,25.8,False
Intentional Bodily Harm,Russian Federation,2011,38512.0,27.0,True
Intentional Bodily Harm,Belgorod Oblast,2011,192.0,12.5,False
Intentional Bodily Harm,Bryansk Oblast,2011,297.0,23.3,False
Intentional Bodily Harm,Vladimir Oblast,2011,355.0,24.6,False
Intentional Bodily Harm,Voronezh Oblast,2011,373.0,16.0,False
Intentional Bodily Harm,Ivanovo Oblast,2011,260.0,24.5,False
Intentional Bodily Harm,Kaluga Oblast,2011,272.0,27.0,False
Intentional Bodily Harm,Kostroma Oblast,2011,131.0,19.7,False
Intentional Bodily Harm,Kursk Oblast,2011,214.0,19.0,False
Intentional Bodily Harm,Lipetsk Oblast,2011,245.0,20.9,False
Intentional Bodily Harm,Moscow Oblast,2011,1714.0,24.9,False
Intentional Bodily Harm,Oryol Oblast,2011,131.0,16.7,False
Intentional Bodily Harm,Ryazan Oblast,2011,206.0,17.9,False
Intentional Bodily Harm,Smolensk Oblast,2011,240.0,24.4,False
Intentional Bodily Harm,Tambov Oblast,2011,164.0,15.1,False
Intentional Bodily Harm,Tver Oblast,2011,406.0,30.1,False
Intentional Bodily Harm,Tula Oblast,2011,346.0,22.3,False
Intentional Bodily Harm,Yaroslavl Oblast,2011,291.0,22.9,False
Intentional Bodily Harm,Moscow,2011,1362.0,11.6,False
Intentional Bodily Harm,Republic of Karelia,2011,193.0,30.0,False
Intentional Bodily Harm,Komi Republic,2011,361.0,40.1,False
Intentional Bodily Harm,Arkhangelsk Oblast,2011,377.0,31.9,False
Intentional Bodily Harm,Nenets Autonomous Okrug,2011,17.0,40.4,False
Intentional Bodily Harm,Vologda Oblast,2011,411.0,34.2,False
Intentional Bodily Harm,Kaliningrad Oblast,2011,199.0,21.1,False
Intentional Bodily Harm,Leningrad Oblast,2011,435.0,25.3,False
Intentional Bodily Harm,Murmansk Oblast,2011,249.0,31.4,False
Intentional Bodily Harm,Novgorod Oblast,2011,198.0,31.3,False
Intentional Bodily Harm,Pskov Oblast,2011,191.0,28.5,False
Intentional Bodily Harm,Saint Petersburg,2011,601.0,12.3,False
Intentional Bodily Harm,Republic of Dagestan,2011,137.0,4.7,False
Intentional Bodily Harm,Republic of Ingushetia,2011,15.0,3.6,False
Intentional Bodily Harm,Kabardino-Balkar Republic,2011,81.0,9.4,False
Intentional Bodily Harm,Karachay-Cherkess Republic,2011,79.0,16.5,False
Intentional Bodily Harm,Republic of North Ossetia-Alania,2011,68.0,9.5,False
Intentional Bodily Harm,Chechen Republic,2011,9.0,0.7,False
Intentional Bodily Harm,Stavropol Krai,2011,463.0,16.6,False
Intentional Bodily Harm,Republic of Adygea,2011,69.0,15.7,False
Intentional Bodily Harm,Republic of Kalmykia,2011,72.0,24.9,False
Intentional Bodily Harm,Republic of Crimea,2011,,,False
Intentional Bodily Harm,Krasnodar Krai,2011,957.0,18.3,False
Intentional Bodily Harm,Astrakhan Oblast,2011,199.0,19.7,False
Intentional Bodily Harm,Volgograd Oblast,2011,581.0,22.3,False
Intentional Bodily Harm,Rostov Oblast,2011,685.0,16.0,False
Intentional Bodily Harm,Sevastopol,2011,,,False
Intentional Bodily Harm,Republic of Bashkortostan,2011,1108.0,27.2,False
Intentional Bodily Harm,Mari El Republic,2011,187.0,26.9,False
Intentional Bodily Harm,Republic of Mordovia,2011,174.0,20.9,False
Intentional Bodily Harm,Republic of Tatarstan,2011,722.0,19.1,False
Intentional Bodily Harm,Udmurt Republic,2011,473.0,31.1,False
Intentional Bodily Harm,Chuvash Republic,2011,245.0,19.6,False
Intentional Bodily Harm,Perm Krai,2011,1346.0,51.1,False
Intentional Bodily Harm,Kirov Oblast,2011,300.0,22.4,False
Intentional Bodily Harm,Nizhny Novgorod Oblast,2011,710.0,21.5,False
Intentional Bodily Harm,Orenburg Oblast,2011,650.0,32.0,False
Intentional Bodily Harm,Penza Oblast,2011,259.0,18.7,False
Intentional Bodily Harm,Samara Oblast,2011,704.0,21.9,False
Intentional Bodily Harm,Saratov Oblast,2011,420.0,16.7,False
Intentional Bodily Harm,Ulyanovsk Oblast,2011,371.0,28.7,False
Intentional Bodily Harm,Kurgan Oblast,2011,289.0,31.8,False
Intentional Bodily Harm,Sverdlovsk Oblast,2011,1483.0,34.5,False
Intentional Bodily Harm,Tyumen Oblast,2011,618.0,46.0,False
Intentional Bodily Harm,Khanty–Mansi Autonomous Okrug – Yugra,2011,526.0,34.2,False
Intentional Bodily Harm,Yamalo-Nenets Autonomous Okrug,2011,200.0,38.1,False
Intentional Bodily Harm,Chelyabinsk Oblast,2011,1279.0,36.8,False
Intentional Bodily Harm,Altai Republic,2011,110.0,53.3,False
Intentional Bodily Harm,Republic of Buryatia,2011,527.0,54.2,False
Intentional Bodily Harm,Tuva Republic,2011,568.0,184.3,False
Intentional Bodily Harm,Republic of Khakassia,2011,214.0,40.2,False
Intentional Bodily Harm,Altai Krai,2011,801.0,33.1,False
Intentional Bodily Harm,Zabaykalsky Krai,2011,785.0,71.0,False
Intentional Bodily Harm,Krasnoyarsk Krai,2011,1238.0,43.8,False
Intentional Bodily Harm,Irkutsk Oblast,2011,1533.0,63.1,False
Intentional Bodily Harm,Kemerovo Oblast,2011,1685.0,61.0,False
Intentional Bodily Harm,Novosibirsk Oblast,2011,794.0,29.8,False
Intentional Bodily Harm,Omsk Oblast,2011,648.0,32.8,False
Intentional Bodily Harm,Tomsk Oblast,2011,418.0,39.9,False
Intentional Bodily Harm,Sakha (Yakutia) Republic,2011,632.0,66.0,False
Intentional Bodily Harm,Kamchatka Krai,2011,107.0,33.3,False
Intentional Bodily Harm,Primorsky Krai,2011,816.0,41.8,False
Intentional Bodily Harm,Khabarovsk Krai,2011,655.0,48.8,False
Intentional Bodily Harm,Amur Oblast,2011,451.0,54.4,False
Intentional Bodily Harm,Magadan Oblast,2011,83.0,53.0,False
Intentional Bodily Harm,Sakhalin Oblast,2011,208.0,41.9,False
Intentional Bodily Harm,Jewish Autonomous Oblast,2011,129.0,73.2,False
Intentional Bodily Harm,Chukotka Autonomous Okrug,2011,44.0,87.4,False
Rape,Russian Federation,2011,4801.0,3.4,True
Rape,Belgorod Oblast,2011,16.0,1.0,False
Rape,Bryansk Oblast,2011,24.0,1.9,False
Rape,Vladimir Oblast,2011,51.0,3.5,False
Rape,Voronezh Oblast,2011,44.0,1.9,False
Rape,Ivanovo Oblast,2011,48.0,4.5,False
Rape,Kaluga Oblast,2011,56.0,5.5,False
Rape,Kostroma Oblast,2011,23.0,3.5,False
Rape,Kursk Oblast,2011,42.0,3.7,False
Rape,Lipetsk Oblast,2011,15.0,1.3,False
Rape,Moscow Oblast,2011,207.0,3.0,False
Rape,Oryol Oblast,2011,9.0,1.1,False
Rape,Ryazan Oblast,2011,19.0,1.6,False
Rape,Smolensk Oblast,2011,23.0,2.3,False
Rape,Tambov Oblast,2011,22.0,2.0,False
Rape,Tver Oblast,2011,40.0,3.0,False
Rape,Tula Oblast,2011,31.0,2.0,False
Rape,Yaroslavl Oblast,2011,36.0,2.8,False
Rape,Moscow,2011,321.0,2.7,False
Rape,Republic of Karelia,2011,17.0,2.6,False
Rape,Komi Republic,2011,44.0,4.9,False
Rape,Arkhangelsk Oblast,2011,139.0,11.8,False
Rape,Nenets Autonomous Okrug,2011,2.0,4.8,False
Rape,Vologda Oblast,2011,41.0,3.4,False
Rape,Kaliningrad Oblast,2011,15.0,1.6,False
Rape,Leningrad Oblast,2011,60.0,3.5,False
Rape,Murmansk Oblast,2011,6.0,0.8,False
Rape,Novgorod Oblast,2011,17.0,2.7,False
Rape,Pskov Oblast,2011,11.0,1.6,False
Rape,Saint Petersburg,2011,110.0,2.2,False
Rape,Republic of Dagestan,2011,47.0,1.6,False
Rape,Republic of Ingushetia,2011,1.0,0.2,False
Rape,Kabardino-Balkar Republic,2011,30.0,3.5,False
Rape,Karachay-Cherkess Republic,2011,17.0,3.6,False
Rape,Republic of North Ossetia-Alania,2011,13.0,1.8,False
Rape,Chechen Republic,2011,8.0,0.6,False
Rape,Stavropol Krai,2011,105.0,3.8,False
Rape,Republic of Adygea,2011,12.0,2.7,False
Rape,Republic of Kalmykia,2011,16.0,5.5,False
Rape,Republic of Crimea,2011,,,False
Rape,Krasnodar Krai,2011,134.0,2.6,False
Rape,Astrakhan Oblast,2011,45.0,4.5,False
Rape,Volgograd Oblast,2011,87.0,3.3,False
Rape,Rostov Oblast,2011,110.0,2.6,False
Rape,Sevastopol,2011,,,False
Rape,Republic of Bashkortostan,2011,122.0,3.0,False
Rape,Mari El Republic,2011,43.0,6.2,False
Rape,Republic of Mordovia,2011,15.0,1.8,False
Rape,Republic of Tatarstan,2011,223.0,5.9,False
Rape,Udmurt Republic,2011,86.0,5.7,False
Rape,Chuvash Republic,2011,78.0,6.2,False
Rape,Perm Krai,2011,159.0,6.0,False
Rape,Kirov Oblast,2011,37.0,2.8,False
Rape,Nizhny Novgorod Oblast,2011,61.0,1.8,False
Rape,Orenburg Oblast,2011,50.0,2.5,False
Rape,Penza Oblast,2011,40.0,2.9,False
Rape,Samara Oblast,2011,60.0,1.9,False
Rape,Saratov Oblast,2011,53.0,2.1,False
Rape,Ulyanovsk Oblast,2011,55.0,4.3,False
Rape,Kurgan Oblast,2011,31.0,3.4,False
Rape,Sverdlovsk Oblast,2011,201.0,4.7,False
Rape,Tyumen Oblast,2011,73.0,5.4,False
Rape,Khanty–Mansi Autonomous Okrug – Yugra,2011,46.0,3.0,False
Rape,Yamalo-Nenets Autonomous Okrug,2011,33.0,6.3,False
Rape,Chelyabinsk Oblast,2011,80.0,2.3,False
Rape,Altai Republic,2011,22.0,10.7,False
Rape,Republic of Buryatia,2011,46.0,4.7,False
Rape,Tuva Republic,2011,93.0,30.2,False
Rape,Republic of Khakassia,2011,44.0,8.3,False
Rape,Altai Krai,2011,75.0,3.1,False
Rape,Zabaykalsky Krai,2011,80.0,7.2,False
Rape,Krasnoyarsk Krai,2011,121.0,4.3,False
Rape,Irkutsk Oblast,2011,78.0,3.2,False
Rape,Kemerovo Oblast,2011,99.0,3.6,False
Rape,Novosibirsk Oblast,2011,97.0,3.6,False
Rape,Omsk Oblast,2011,56.0,2.8,False
Rape,Tomsk Oblast,2011,29.0,2.8,False
Rape,Sakha (Yakutia) Republic,2011,63.0,6.6,False
Rape,Kamchatka Krai,2011,17.0,5.3,False
Rape,Primorsky Krai,2011,88.0,4.5,False
Rape,Khabarovsk Krai,2011,37.0,2.8,False
Rape,Amur Oblast,2011,42.0,5.1,False
Rape,Magadan Oblast,2011,3.0,1.9,False
Rape,Sakhalin Oblast,2011,10.0,2.0,False
Rape,Jewish Autonomous Oblast,2011,9.0,5.1,False
Rape,Chukotka Autonomous Okrug,2011,2.0,4.0,False
Theft,Russian Federation,2011,1038566.0,727.0,True
Theft,Belgorod Oblast,2011,6730.0,439.2,False
Theft,Bryansk Oblast,2011,7639.0,599.0,False
Theft,Vladimir Oblast,2011,11280.0,782.7,False
Theft,Voronezh Oblast,2011,13147.0,563.1,False
Theft,Ivanovo Oblast,2011,7454.0,703.1,False
Theft,Kaluga Oblast,2011,6444.0,638.5,False
Theft,Kostroma Oblast,2011,3141.0,471.3,False
Theft,Kursk Oblast,2011,8312.0,738.4,False
Theft,Lipetsk Oblast,2011,7159.0,610.8,False
Theft,Moscow Oblast,2011,48623.0,707.7,False
Theft,Oryol Oblast,2011,4770.0,607.2,False
Theft,Ryazan Oblast,2011,3874.0,336.3,False
Theft,Smolensk Oblast,2011,7233.0,735.9,False
Theft,Tambov Oblast,2011,5030.0,461.6,False
Theft,Tver Oblast,2011,14318.0,1060.5,False
Theft,Tula Oblast,2011,5367.0,346.2,False
Theft,Yaroslavl Oblast,2011,9301.0,731.8,False
Theft,Moscow,2011,95332.0,809.5,False
Theft,Republic of Karelia,2011,5729.0,891.6,False
Theft,Komi Republic,2011,5923.0,658.7,False
Theft,Arkhangelsk Oblast,2011,11391.0,963.1,False
Theft,Nenets Autonomous Okrug,2011,329.0,781.4,False
Theft,Vologda Oblast,2011,11812.0,983.4,False
Theft,Kaliningrad Oblast,2011,7670.0,814.4,False
Theft,Leningrad Oblast,2011,10918.0,635.3,False
Theft,Murmansk Oblast,2011,6958.0,876.2,False
Theft,Novgorod Oblast,2011,4668.0,737.7,False
Theft,Pskov Oblast,2011,5935.0,884.1,False
Theft,Saint Petersburg,2011,22463.0,458.5,False
Theft,Republic of Dagestan,2011,2219.0,76.1,False
Theft,Republic of Ingushetia,2011,216.0,52.1,False
Theft,Kabardino-Balkar Republic,2011,2957.0,343.9,False
Theft,Karachay-Cherkess Republic,2011,1096.0,229.6,False
Theft,Republic of North Ossetia-Alania,2011,1321.0,185.4,False
Theft,Chechen Republic,2011,552.0,43.3,False
Theft,Stavropol Krai,2011,12938.0,464.5,False
Theft,Republic of Adygea,2011,1823.0,414.4,False
Theft,Republic of Kalmykia,2011,953.0,329.9,False
Theft,Republic of Crimea,2011,,,False
Theft,Krasnodar Krai,2011,27173.0,519.6,False
Theft,Astrakhan Oblast,2011,7213.0,714.3,False
Theft,Volgograd Oblast,2011,16322.0,626.0,False
Theft,Rostov Oblast,2011,27041.0,632.5,False
Theft,Sevastopol,2011,,,False
Theft,Republic of Bashkortostan,2011,28141.0,691.1,False
Theft,Mari El Republic,2011,3473.0,499.4,False
Theft,Republic of Mordovia,2011,2169.0,260.3,False
Theft,Republic of Tatarstan,2011,24508.0,647.1,False
Theft,Udmurt Republic,2011,11174.0,734.9,False
Theft,Chuvash Republic,2011,6175.0,493.8,False
Theft,Perm Krai,2011,26160.0,993.3,False
Theft,Kirov Oblast,2011,8367.0,625.0,False
Theft,Nizhny Novgorod Oblast,2011,30345.0,917.4,False
Theft,Orenburg Oblast,2011,13689.0,673.8,False
Theft,Penza Oblast,2011,6012.0,434.4,False
Theft,Samara Oblast,2011,27191.0,845.7,False
Theft,Saratov Oblast,2011,14226.0,564.7,False
Theft,Ulyanovsk Oblast,2011,6202.0,480.6,False
Theft,Kurgan Oblast,2011,7465.0,821.4,False
Theft,Sverdlovsk Oblast,2011,30528.0,710.4,False
Theft,Tyumen Oblast,2011,15081.0,1122.8,False
Theft,Khanty–Mansi Autonomous Okrug – Yugra,2011,12620.0,821.0,False
Theft,Yamalo-Nenets Autonomous Okrug,2011,3219.0,613.2,False
Theft,Chelyabinsk Oblast,2011,35392.0,1018.3,False
Theft,Altai Republic,2011,1769.0,856.5,False
Theft,Republic of Buryatia,2011,10575.0,1088.5,False
Theft,Tuva Republic,2011,1636.0,530.9,False
Theft,Republic of Khakassia,2011,5355.0,1006.0,False
Theft,Altai Krai,2011,20104.0,831.7,False
Theft,Zabaykalsky Krai,2011,14259.0,1289.1,False
Theft,Krasnoyarsk Krai,2011,28928.0,1022.5,False
Theft,Irkutsk Oblast,2011,25956.0,1069.0,False
Theft,Kemerovo Oblast,2011,29985.0,1085.9,False
Theft,Novosibirsk Oblast,2011,25379.0,951.8,False
Theft,Omsk Oblast,2011,12916.0,653.5,False
Theft,Tomsk Oblast,2011,11073.0,1056.0,False
Theft,Sakha (Yakutia) Republic,2011,6716.0,700.9,False
Theft,Kamchatka Krai,2011,2167.0,673.7,False
Theft,Primorsky Krai,2011,21923.0,1122.2,False
Theft,Khabarovsk Krai,2011,13379.0,996.3,False
Theft,Amur Oblast,2011,8872.0,1070.6,False
Theft,Magadan Oblast,2011,1155.0,737.9,False
Theft,Sakhalin Oblast,2011,4047.0,814.7,False
Theft,Jewish Autonomous Oblast,2011,1724.0,977.9,False
Theft,Chukotka Autonomous Okrug,2011,280.0,556.2,False
Robbery without violence,Russian Federation,2011,127772.0,89.4,True
Robbery without violence,Belgorod Oblast,2011,581.0,37.9,False
Robbery without violence,Bryansk Oblast,2011,563.0,44.1,False
Robbery without violence,Vladimir Oblast,2011,1193.0,82.8,False
Robbery without violence,Voronezh Oblast,2011,1132.0,48.5,False
Robbery without violence,Ivanovo Oblast,2011,917.0,86.5,False
Robbery without violence,Kaluga Oblast,2011,534.0,52.9,False
Robbery without violence,Kostroma Oblast,2011,414.0,62.1,False
Robbery without violence,Kursk Oblast,2011,556.0,49.4,False
Robbery without violence,Lipetsk Oblast,2011,840.0,71.7,False
Robbery without violence,Moscow Oblast,2011,5564.0,81.0,False
Robbery without violence,Oryol Oblast,2011,316.0,40.2,False
Robbery without violence,Ryazan Oblast,2011,421.0,36.6,False
Robbery without violence,Smolensk Oblast,2011,839.0,85.4,False
Robbery without violence,Tambov Oblast,2011,380.0,34.9,False
Robbery without violence,Tver Oblast,2011,1237.0,91.6,False
Robbery without violence,Tula Oblast,2011,605.0,39.0,False
Robbery without violence,Yaroslavl Oblast,2011,1126.0,88.6,False
Robbery without violence,Moscow,2011,12704.0,107.9,False
Robbery without violence,Republic of Karelia,2011,629.0,97.9,False
Robbery without violence,Komi Republic,2011,749.0,83.3,False
Robbery without violence,Arkhangelsk Oblast,2011,1259.0,106.4,False
Robbery without violence,Nenets Autonomous Okrug,2011,16.0,38.0,False
Robbery without violence,Vologda Oblast,2011,1283.0,106.8,False
Robbery without violence,Kaliningrad Oblast,2011,881.0,93.5,False
Robbery without violence,Leningrad Oblast,2011,987.0,57.4,False
Robbery without violence,Murmansk Oblast,2011,773.0,97.3,False
Robbery without violence,Novgorod Oblast,2011,484.0,76.5,False
Robbery without violence,Pskov Oblast,2011,421.0,62.7,False
Robbery without violence,Saint Petersburg,2011,4013.0,81.9,False
Robbery without violence,Republic of Dagestan,2011,265.0,9.1,False
Robbery without violence,Republic of Ingushetia,2011,15.0,3.6,False
Robbery without violence,Kabardino-Balkar Republic,2011,332.0,38.6,False
Robbery without violence,Karachay-Cherkess Republic,2011,136.0,28.5,False
Robbery without violence,Republic of North Ossetia-Alania,2011,181.0,25.4,False
Robbery without violence,Chechen Republic,2011,15.0,1.2,False
Robbery without violence,Stavropol Krai,2011,1355.0,48.6,False
Robbery without violence,Republic of Adygea,2011,181.0,41.1,False
Robbery without violence,Republic of Kalmykia,2011,109.0,37.7,False
Robbery without violence,Republic of Crimea,2011,,,False
Robbery without violence,Krasnodar Krai,2011,2177.0,41.6,False
Robbery without violence,Astrakhan Oblast,2011,952.0,94.3,False
Robbery without violence,Volgograd Oblast,2011,2169.0,83.2,False
Robbery without violence,Rostov Oblast,2011,3050.0,71.3,False
Robbery without violence,Sevastopol,2011,,,False
Robbery without violence,Republic of Bashkortostan,2011,2862.0,70.3,False
Robbery without violence,Mari El Republic,2011,514.0,73.9,False
Robbery without violence,Republic of Mordovia,2011,201.0,24.1,False
Robbery without violence,Republic of Tatarstan,2011,2467.0,65.1,False
Robbery without violence,Udmurt Republic,2011,2084.0,137.1,False
Robbery without violence,Chuvash Republic,2011,865.0,69.2,False
Robbery without violence,Perm Krai,2011,4054.0,153.9,False
Robbery without violence,Kirov Oblast,2011,809.0,60.4,False
Robbery without violence,Nizhny Novgorod Oblast,2011,4924.0,148.9,False
Robbery without violence,Orenburg Oblast,2011,1556.0,76.6,False
Robbery without violence,Penza Oblast,2011,513.0,37.1,False
Robbery without violence,Samara Oblast,2011,4461.0,138.7,False
Robbery without violence,Saratov Oblast,2011,1721.0,68.3,False
Robbery without violence,Ulyanovsk Oblast,2011,922.0,71.4,False
Robbery without violence,Kurgan Oblast,2011,649.0,71.4,False
Robbery without violence,Sverdlovsk Oblast,2011,4028.0,93.7,False
Robbery without violence,Tyumen Oblast,2011,1859.0,138.4,False
Robbery without violence,Khanty–Mansi Autonomous Okrug – Yugra,2011,1166.0,75.9,False
Robbery without violence,Yamalo-Nenets Autonomous Okrug,2011,285.0,54.3,False
Robbery without violence,Chelyabinsk Oblast,2011,4636.0,133.4,False
Robbery without violence,Altai Republic,2011,111.0,53.7,False
Robbery without violence,Republic of Buryatia,2011,1131.0,116.4,False
Robbery without violence,Tuva Republic,2011,340.0,110.3,False
Robbery without violence,Republic of Khakassia,2011,448.0,84.2,False
Robbery without violence,Altai Krai,2011,1826.0,75.5,False
Robbery without violence,Zabaykalsky Krai,2011,1463.0,132.3,False
Robbery without violence,Krasnoyarsk Krai,2011,3284.0,116.1,False
Robbery without violence,Irkutsk Oblast,2011,5238.0,215.7,False
Robbery without violence,Kemerovo Oblast,2011,5829.0,211.1,False
Robbery without violence,Novosibirsk Oblast,2011,3202.0,120.1,False
Robbery without violence,Omsk Oblast,2011,1256.0,63.5,False
Robbery without violence,Tomsk Oblast,2011,1532.0,146.1,False
Robbery without violence,Sakha (Yakutia) Republic,2011,1035.0,108.0,False
Robbery without violence,Kamchatka Krai,2011,196.0,60.9,False
Robbery without violence,Primorsky Krai,2011,2893.0,148.1,False
Robbery without violence,Khabarovsk Krai,2011,2107.0,156.9,False
Robbery without violence,Amur Oblast,2011,956.0,115.4,False
Robbery without violence,Magadan Oblast,2011,127.0,81.1,False
Robbery without violence,Sakhalin Oblast,2011,486.0,97.8,False
Robbery without violence,Jewish Autonomous Oblast,2011,182.0,103.2,False
Robbery without violence,Chukotka Autonomous Okrug,2011,16.0,31.8,False
Robbery with violence,Russian Federation,2011,20080.0,14.1,True
Robbery with violence,Belgorod Oblast,2011,58.0,3.8,False
Robbery with violence,Bryansk Oblast,2011,99.0,7.8,False
Robbery with violence,Vladimir Oblast,2011,253.0,17.6,False
Robbery with violence,Voronezh Oblast,2011,252.0,10.8,False
Robbery with violence,Ivanovo Oblast,2011,146.0,13.8,False
Robbery with violence,Kaluga Oblast,2011,169.0,16.7,False
Robbery with violence,Kostroma Oblast,2011,61.0,9.2,False
Robbery with violence,Kursk Oblast,2011,86.0,7.6,False
Robbery with violence,Lipetsk Oblast,2011,80.0,6.8,False
Robbery with violence,Moscow Oblast,2011,1281.0,18.6,False
Robbery with violence,Oryol Oblast,2011,62.0,7.9,False
Robbery with violence,Ryazan Oblast,2011,75.0,6.5,False
Robbery with violence,Smolensk Oblast,2011,101.0,10.3,False
Robbery with violence,Tambov Oblast,2011,53.0,4.9,False
Robbery with violence,Tver Oblast,2011,237.0,17.6,False
Robbery with violence,Tula Oblast,2011,133.0,8.6,False
Robbery with violence,Yaroslavl Oblast,2011,201.0,15.8,False
Robbery with violence,Moscow,2011,2481.0,21.1,False
Robbery with violence,Republic of Karelia,2011,69.0,10.7,False
Robbery with violence,Komi Republic,2011,70.0,7.8,False
Robbery with violence,Arkhangelsk Oblast,2011,162.0,13.7,False
Robbery with violence,Nenets Autonomous Okrug,2011,4.0,9.5,False
Robbery with violence,Vologda Oblast,2011,164.0,13.7,False
Robbery with violence,Kaliningrad Oblast,2011,100.0,10.6,False
Robbery with violence,Leningrad Oblast,2011,225.0,13.1,False
Robbery with violence,Murmansk Oblast,2011,87.0,11.0,False
Robbery with violence,Novgorod Oblast,2011,78.0,12.3,False
Robbery with violence,Pskov Oblast,2011,81.0,12.1,False
Robbery with violence,Saint Petersburg,2011,897.0,18.3,False
Robbery with violence,Republic of Dagestan,2011,157.0,5.4,False
Robbery with violence,Republic of Ingushetia,2011,25.0,6.0,False
Robbery with violence,Kabardino-Balkar Republic,2011,121.0,14.1,False
Robbery with violence,Karachay-Cherkess Republic,2011,49.0,10.3,False
Robbery with violence,Republic of North Ossetia-Alania,2011,51.0,7.2,False
Robbery with violence,Chechen Republic,2011,38.0,3.0,False
Robbery with violence,Stavropol Krai,2011,299.0,10.7,False
Robbery with violence,Republic of Adygea,2011,20.0,4.5,False
Robbery with violence,Republic of Kalmykia,2011,18.0,6.2,False
Robbery with violence,Republic of Crimea,2011,,,False
Robbery with violence,Krasnodar Krai,2011,403.0,7.7,False
Robbery with violence,Astrakhan Oblast,2011,151.0,15.0,False
Robbery with violence,Volgograd Oblast,2011,252.0,9.7,False
Robbery with violence,Rostov Oblast,2011,544.0,12.7,False
Robbery with violence,Sevastopol,2011,,,False
Robbery with violence,Republic of Bashkortostan,2011,391.0,9.6,False
Robbery with violence,Mari El Republic,2011,75.0,10.8,False
Robbery with violence,Republic of Mordovia,2011,41.0,4.9,False
Robbery with violence,Republic of Tatarstan,2011,352.0,9.3,False
Robbery with violence,Udmurt Republic,2011,225.0,14.8,False
Robbery with violence,Chuvash Republic,2011,119.0,9.5,False
Robbery with violence,Perm Krai,2011,485.0,18.4,False
Robbery with violence,Kirov Oblast,2011,102.0,7.6,False
Robbery with violence,Nizhny Novgorod Oblast,2011,466.0,14.1,False
Robbery with violence,Orenburg Oblast,2011,169.0,8.3,False
Robbery with violence,Penza Oblast,2011,60.0,4.3,False
Robbery with violence,Samara Oblast,2011,669.0,20.8,False
Robbery with violence,Saratov Oblast,2011,192.0,7.6,False
Robbery with violence,Ulyanovsk Oblast,2011,201.0,15.6,False
Robbery with violence,Kurgan Oblast,2011,78.0,8.6,False
Robbery with violence,Sverdlovsk Oblast,2011,597.0,13.9,False
Robbery with violence,Tyumen Oblast,2011,204.0,15.2,False
Robbery with violence,Khanty–Mansi Autonomous Okrug – Yugra,2011,171.0,11.1,False
Robbery with violence,Yamalo-Nenets Autonomous Okrug,2011,42.0,8.0,False
Robbery with violence,Chelyabinsk Oblast,2011,585.0,16.8,False
Robbery with violence,Altai Republic,2011,15.0,7.3,False
Robbery with violence,Republic of Buryatia,2011,128.0,13.2,False
Robbery with violence,Tuva Republic,2011,64.0,20.8,False
Robbery with violence,Republic of Khakassia,2011,60.0,11.3,False
Robbery with violence,Altai Krai,2011,198.0,8.2,False
Robbery with violence,Zabaykalsky Krai,2011,283.0,25.6,False
Robbery with violence,Krasnoyarsk Krai,2011,503.0,17.8,False
Robbery with violence,Irkutsk Oblast,2011,823.0,33.9,False
Robbery with violence,Kemerovo Oblast,2011,775.0,28.1,False
Robbery with violence,Novosibirsk Oblast,2011,547.0,20.5,False
Robbery with violence,Omsk Oblast,2011,336.0,17.0,False
Robbery with violence,Tomsk Oblast,2011,116.0,11.1,False
Robbery with violence,Sakha (Yakutia) Republic,2011,105.0,11.0,False
Robbery with violence,Kamchatka Krai,2011,20.0,6.2,False
Robbery with violence,Primorsky Krai,2011,425.0,21.8,False
Robbery with violence,Khabarovsk Krai,2011,167.0,12.4,False
Robbery with violence,Amur Oblast,2011,123.0,14.8,False
Robbery with violence,Magadan Oblast,2011,26.0,16.6,False
Robbery with violence,Sakhalin Oblast,2011,33.0,6.6,False
Robbery with violence,Jewish Autonomous Oblast,2011,19.0,10.8,False
Robbery with violence,Chukotka Autonomous Okrug,2011,2.0,4.0,False
Extortion,Russian Federation,2011,5915.0,4.1,True
Extortion,Belgorod Oblast,2011,29.0,1.9,False
Extortion,Bryansk Oblast,2011,22.0,1.7,False
Extortion,Vladimir Oblast,2011,62.0,4.3,False
Extortion,Voronezh Oblast,2011,44.0,1.9,False
Extortion,Ivanovo Oblast,2011,31.0,2.9,False
Extortion,Kaluga Oblast,2011,39.0,3.9,False
Extortion,Kostroma Oblast,2011,41.0,6.2,False
Extortion,Kursk Oblast,2011,9.0,0.8,False
Extortion,Lipetsk Oblast,2011,22.0,1.9,False
Extortion,Moscow Oblast,2011,146.0,2.1,False
Extortion,Oryol Oblast,2011,6.0,0.8,False
Extortion,Ryazan Oblast,2011,10.0,0.9,False
Extortion,Smolensk Oblast,2011,48.0,4.9,False
Extortion,Tambov Oblast,2011,16.0,1.5,False
Extortion,Tver Oblast,2011,36.0,2.7,False
Extortion,Tula Oblast,2011,22.0,1.4,False
Extortion,Yaroslavl Oblast,2011,23.0,1.8,False
Extortion,Moscow,2011,176.0,1.5,False
Extortion,Republic of Karelia,2011,8.0,1.2,False
Extortion,Komi Republic,2011,76.0,8.5,False
Extortion,Arkhangelsk Oblast,2011,74.0,6.3,False
Extortion,Nenets Autonomous Okrug,2011,5.0,11.9,False
Extortion,Vologda Oblast,2011,47.0,3.9,False
Extortion,Kaliningrad Oblast,2011,18.0,1.9,False
Extortion,Leningrad Oblast,2011,129.0,7.5,False
Extortion,Murmansk Oblast,2011,33.0,4.2,False
Extortion,Novgorod Oblast,2011,17.0,2.7,False
Extortion,Pskov Oblast,2011,25.0,3.7,False
Extortion,Saint Petersburg,2011,135.0,2.8,False
Extortion,Republic of Dagestan,2011,74.0,2.5,False
Extortion,Republic of Ingushetia,2011,5.0,1.2,False
Extortion,Kabardino-Balkar Republic,2011,20.0,2.3,False
Extortion,Karachay-Cherkess Republic,2011,34.0,7.1,False
Extortion,Republic of North Ossetia-Alania,2011,13.0,1.8,False
Extortion,Chechen Republic,2011,18.0,1.4,False
Extortion,Stavropol Krai,2011,77.0,2.8,False
Extortion,Republic of Adygea,2011,25.0,5.7,False
Extortion,Republic of Kalmykia,2011,37.0,12.8,False
Extortion,Republic of Crimea,2011,,,False
Extortion,Krasnodar Krai,2011,126.0,2.4,False
Extortion,Astrakhan Oblast,2011,64.0,6.3,False
Extortion,Volgograd Oblast,2011,105.0,4.0,False
Extortion,Rostov Oblast,2011,71.0,1.7,False
Extortion,Sevastopol,2011,,,False
Extortion,Republic of Bashkortostan,2011,170.0,4.2,False
Extortion,Mari El Republic,2011,35.0,5.0,False
Extortion,Republic of Mordovia,2011,18.0,2.2,False
Extortion,Republic of Tatarstan,2011,174.0,4.6,False
Extortion,Udmurt Republic,2011,71.0,4.7,False
Extortion,Chuvash Republic,2011,148.0,11.8,False
Extortion,Perm Krai,2011,129.0,4.9,False
Extortion,Kirov Oblast,2011,66.0,4.9,False
Extortion,Nizhny Novgorod Oblast,2011,283.0,8.6,False
Extortion,Orenburg Oblast,2011,68.0,3.3,False
Extortion,Penza Oblast,2011,26.0,1.9,False
Extortion,Samara Oblast,2011,162.0,5.0,False
Extortion,Saratov Oblast,2011,63.0,2.5,False
Extortion,Ulyanovsk Oblast,2011,68.0,5.3,False
Extortion,Kurgan Oblast,2011,32.0,3.5,False
Extortion,Sverdlovsk Oblast,2011,141.0,3.3,False
Extortion,Tyumen Oblast,2011,193.0,14.4,False
Extortion,Khanty–Mansi Autonomous Okrug – Yugra,2011,151.0,9.8,False
Extortion,Yamalo-Nenets Autonomous Okrug,2011,36.0,6.9,False
Extortion,Chelyabinsk Oblast,2011,105.0,3.0,False
Extortion,Altai Republic,2011,7.0,3.4,False
Extortion,Republic of Buryatia,2011,82.0,8.4,False
Extortion,Tuva Republic,2011,6.0,1.9,False
Extortion,Republic of Khakassia,2011,26.0,4.9,False
Extortion,Altai Krai,2011,81.0,3.4,False
Extortion,Zabaykalsky Krai,2011,116.0,10.5,False
Extortion,Krasnoyarsk Krai,2011,119.0,4.2,False
Extortion,Irkutsk Oblast,2011,125.0,5.1,False
Extortion,Kemerovo Oblast,2011,112.0,4.1,False
Extortion,Novosibirsk Oblast,2011,127.0,4.8,False
Extortion,Omsk Oblast,2011,20.0,1.0,False
Extortion,Tomsk Oblast,2011,16.0,1.5,False
Extortion,Sakha (Yakutia) Republic,2011,40.0,4.2,False
Extortion,Kamchatka Krai,2011,12.0,3.7,False
Extortion,Primorsky Krai,2011,123.0,6.3,False
Extortion,Khabarovsk Krai,2011,37.0,2.8,False
Extortion,Amur Oblast,2011,56.0,6.8,False
Extortion,Magadan Oblast,2011,3.0,1.9,False
Extortion,Sakhalin Oblast,2011,11.0,2.2,False
Extortion,Jewish Autonomous Oblast,2011,5.0,2.8,False
Extortion,Chukotka Autonomous Okrug,2011,0.0,0.0,False
Hooliganism,Russian Federation,2011,5635.0,3.9,True
Hooliganism,Belgorod Oblast,2011,24.0,1.6,False
Hooliganism,Bryansk Oblast,2011,65.0,5.1,False
Hooliganism,Vladimir Oblast,2011,46.0,3.2,False
Hooliganism,Voronezh Oblast,2011,43.0,1.8,False
Hooliganism,Ivanovo Oblast,2011,67.0,6.3,False
Hooliganism,Kaluga Oblast,2011,38.0,3.8,False
Hooliganism,Kostroma Oblast,2011,18.0,2.7,False
Hooliganism,Kursk Oblast,2011,14.0,1.2,False
Hooliganism,Lipetsk Oblast,2011,26.0,2.2,False
Hooliganism,Moscow Oblast,2011,291.0,4.2,False
Hooliganism,Oryol Oblast,2011,28.0,3.6,False
Hooliganism,Ryazan Oblast,2011,12.0,1.0,False
Hooliganism,Smolensk Oblast,2011,94.0,9.6,False
Hooliganism,Tambov Oblast,2011,58.0,5.3,False
Hooliganism,Tver Oblast,2011,68.0,5.0,False
Hooliganism,Tula Oblast,2011,18.0,1.2,False
Hooliganism,Yaroslavl Oblast,2011,15.0,1.2,False
Hooliganism,Moscow,2011,871.0,7.4,False
Hooliganism,Republic of Karelia,2011,26.0,4.0,False
Hooliganism,Komi Republic,2011,39.0,4.3,False
Hooliganism,Arkhangelsk Oblast,2011,41.0,3.5,False
Hooliganism,Nenets Autonomous Okrug,2011,2.0,4.8,False
Hooliganism,Vologda Oblast,2011,130.0,10.8,False
Hooliganism,Kaliningrad Oblast,2011,14.0,1.5,False
Hooliganism,Leningrad Oblast,2011,62.0,3.6,False
Hooliganism,Murmansk Oblast,2011,48.0,6.0,False
Hooliganism,Novgorod Oblast,2011,29.0,4.6,False
Hooliganism,Pskov Oblast,2011,11.0,1.6,False
Hooliganism,Saint Petersburg,2011,186.0,3.8,False
Hooliganism,Republic of Dagestan,2011,78.0,2.7,False
Hooliganism,Republic of Ingushetia,2011,7.0,1.7,False
Hooliganism,Kabardino-Balkar Republic,2011,18.0,2.1,False
Hooliganism,Karachay-Cherkess Republic,2011,6.0,1.3,False
Hooliganism,Republic of North Ossetia-Alania,2011,17.0,2.4,False
Hooliganism,Chechen Republic,2011,10.0,0.8,False
Hooliganism,Stavropol Krai,2011,128.0,4.6,False
Hooliganism,Republic of Adygea,2011,11.0,2.5,False
Hooliganism,Republic of Kalmykia,2011,19.0,6.6,False
Hooliganism,Republic of Crimea,2011,,,False
Hooliganism,Krasnodar Krai,2011,112.0,2.1,False
Hooliganism,Astrakhan Oblast,2011,48.0,4.8,False
Hooliganism,Volgograd Oblast,2011,108.0,4.1,False
Hooliganism,Rostov Oblast,2011,75.0,1.8,False
Hooliganism,Sevastopol,2011,,,False
Hooliganism,Republic of Bashkortostan,2011,138.0,3.4,False
Hooliganism,Mari El Republic,2011,109.0,15.7,False
Hooliganism,Republic of Mordovia,2011,9.0,1.1,False
Hooliganism,Republic of Tatarstan,2011,227.0,6.0,False
Hooliganism,Udmurt Republic,2011,118.0,7.8,False
Hooliganism,Chuvash Republic,2011,71.0,5.7,False
Hooliganism,Perm Krai,2011,85.0,3.2,False
Hooliganism,Kirov Oblast,2011,52.0,3.9,False
Hooliganism,Nizhny Novgorod Oblast,2011,50.0,1.5,False
Hooliganism,Orenburg Oblast,2011,26.0,1.3,False
Hooliganism,Penza Oblast,2011,6.0,0.4,False
Hooliganism,Samara Oblast,2011,125.0,3.9,False
Hooliganism,Saratov Oblast,2011,43.0,1.7,False
Hooliganism,Ulyanovsk Oblast,2011,41.0,3.2,False
Hooliganism,Kurgan Oblast,2011,160.0,17.6,False
Hooliganism,Sverdlovsk Oblast,2011,113.0,2.6,False
Hooliganism,Tyumen Oblast,2011,120.0,8.9,False
Hooliganism,Khanty–Mansi Autonomous Okrug – Yugra,2011,208.0,13.5,False
Hooliganism,Yamalo-Nenets Autonomous Okrug,2011,12.0,2.3,False
Hooliganism,Chelyabinsk Oblast,2011,161.0,4.6,False
Hooliganism,Altai Republic,2011,1.0,0.5,False
Hooliganism,Republic of Buryatia,2011,40.0,4.1,False
Hooliganism,Tuva Republic,2011,10.0,3.2,False
Hooliganism,Republic of Khakassia,2011,12.0,2.3,False
Hooliganism,Altai Krai,2011,17.0,0.7,False
Hooliganism,Zabaykalsky Krai,2011,24.0,2.2,False
Hooliganism,Krasnoyarsk Krai,2011,103.0,3.6,False
Hooliganism,Irkutsk Oblast,2011,105.0,4.3,False
Hooliganism,Kemerovo Oblast,2011,58.0,2.1,False
Hooliganism,Novosibirsk Oblast,2011,80.0,3.0,False
Hooliganism,Omsk Oblast,2011,28.0,1.4,False
Hooliganism,Tomsk Oblast,2011,13.0,1.2,False
Hooliganism,Sakha (Yakutia) Republic,2011,15.0,1.6,False
Hooliganism,Kamchatka Krai,2011,7.0,2.2,False
Hooliganism,Primorsky Krai,2011,67.0,3.4,False
Hooliganism,Khabarovsk Krai,2011,25.0,1.9,False
Hooliganism,Amur Oblast,2011,17.0,2.1,False
Hooliganism,Magadan Oblast,2011,1.0,0.6,False
Hooliganism,Sakhalin Oblast,2011,3.0,0.6,False
Hooliganism,Jewish Autonomous Oblast,2011,3.0,1.7,False
Hooliganism,Chukotka Autonomous Okrug,2011,0.0,0.0,False
Crimes in the Sphere of Economic Activity,Russian Federation,2011,202454.0,141.7,True
Crimes in the Sphere of Economic Activity,Belgorod Oblast,2011,2004.0,130.8,False
Crimes in the Sphere of Economic Activity,Bryansk Oblast,2011,1839.0,144.2,False
Crimes in the Sphere of Economic Activity,Vladimir Oblast,2011,2420.0,167.9,False
Crimes in the Sphere of Economic Activity,Voronezh Oblast,2011,2795.0,119.7,False
Crimes in the Sphere of Economic Activity,Ivanovo Oblast,2011,1630.0,153.8,False
Crimes in the Sphere of Economic Activity,Kaluga Oblast,2011,1916.0,189.9,False
Crimes in the Sphere of Economic Activity,Kostroma Oblast,2011,1518.0,227.8,False
Crimes in the Sphere of Economic Activity,Kursk Oblast,2011,1561.0,138.7,False
Crimes in the Sphere of Economic Activity,Lipetsk Oblast,2011,1438.0,122.7,False
Crimes in the Sphere of Economic Activity,Moscow Oblast,2011,11056.0,160.9,False
Crimes in the Sphere of Economic Activity,Oryol Oblast,2011,1870.0,238.0,False
Crimes in the Sphere of Economic Activity,Ryazan Oblast,2011,1224.0,106.3,False
Crimes in the Sphere of Economic Activity,Smolensk Oblast,2011,2436.0,247.8,False
Crimes in the Sphere of Economic Activity,Tambov Oblast,2011,1633.0,149.9,False
Crimes in the Sphere of Economic Activity,Tver Oblast,2011,2747.0,203.5,False
Crimes in the Sphere of Economic Activity,Tula Oblast,2011,2251.0,145.2,False
Crimes in the Sphere of Economic Activity,Yaroslavl Oblast,2011,1093.0,86.0,False
Crimes in the Sphere of Economic Activity,Moscow,2011,9441.0,80.2,False
Crimes in the Sphere of Economic Activity,Republic of Karelia,2011,1189.0,185.0,False
Crimes in the Sphere of Economic Activity,Komi Republic,2011,1014.0,112.8,False
Crimes in the Sphere of Economic Activity,Arkhangelsk Oblast,2011,1344.0,113.6,False
Crimes in the Sphere of Economic Activity,Nenets Autonomous Okrug,2011,60.0,142.5,False
Crimes in the Sphere of Economic Activity,Vologda Oblast,2011,1533.0,127.6,False
Crimes in the Sphere of Economic Activity,Kaliningrad Oblast,2011,987.0,104.8,False
Crimes in the Sphere of Economic Activity,Leningrad Oblast,2011,2619.0,152.4,False
Crimes in the Sphere of Economic Activity,Murmansk Oblast,2011,867.0,109.2,False
Crimes in the Sphere of Economic Activity,Novgorod Oblast,2011,1582.0,250.0,False
Crimes in the Sphere of Economic Activity,Pskov Oblast,2011,655.0,97.6,False
Crimes in the Sphere of Economic Activity,Saint Petersburg,2011,4410.0,90.0,False
Crimes in the Sphere of Economic Activity,Republic of Dagestan,2011,1941.0,66.6,False
Crimes in the Sphere of Economic Activity,Republic of Ingushetia,2011,427.0,103.0,False
Crimes in the Sphere of Economic Activity,Kabardino-Balkar Republic,2011,900.0,104.7,False
Crimes in the Sphere of Economic Activity,Karachay-Cherkess Republic,2011,830.0,173.9,False
Crimes in the Sphere of Economic Activity,Republic of North Ossetia-Alania,2011,1440.0,202.1,False
Crimes in the Sphere of Economic Activity,Chechen Republic,2011,390.0,30.6,False
Crimes in the Sphere of Economic Activity,Stavropol Krai,2011,4426.0,158.9,False
Crimes in the Sphere of Economic Activity,Republic of Adygea,2011,524.0,119.1,False
Crimes in the Sphere of Economic Activity,Republic of Kalmykia,2011,463.0,160.3,False
Crimes in the Sphere of Economic Activity,Republic of Crimea,2011,,,False
Crimes in the Sphere of Economic Activity,Krasnodar Krai,2011,5489.0,105.0,False
Crimes in the Sphere of Economic Activity,Astrakhan Oblast,2011,2006.0,198.7,False
Crimes in the Sphere of Economic Activity,Volgograd Oblast,2011,4455.0,170.9,False
Crimes in the Sphere of Economic Activity,Rostov Oblast,2011,3389.0,79.3,False
Crimes in the Sphere of Economic Activity,Sevastopol,2011,,,False
Crimes in the Sphere of Economic Activity,Republic of Bashkortostan,2011,6862.0,168.5,False
Crimes in the Sphere of Economic Activity,Mari El Republic,2011,803.0,115.5,False
Crimes in the Sphere of Economic Activity,Republic of Mordovia,2011,1733.0,208.0,False
Crimes in the Sphere of Economic Activity,Republic of Tatarstan,2011,4416.0,116.6,False
Crimes in the Sphere of Economic Activity,Udmurt Republic,2011,2339.0,153.8,False
Crimes in the Sphere of Economic Activity,Chuvash Republic,2011,2459.0,196.6,False
Crimes in the Sphere of Economic Activity,Perm Krai,2011,2663.0,101.1,False
Crimes in the Sphere of Economic Activity,Kirov Oblast,2011,1533.0,114.5,False
Crimes in the Sphere of Economic Activity,Nizhny Novgorod Oblast,2011,7573.0,229.0,False
Crimes in the Sphere of Economic Activity,Orenburg Oblast,2011,1732.0,85.3,False
Crimes in the Sphere of Economic Activity,Penza Oblast,2011,1168.0,84.4,False
Crimes in the Sphere of Economic Activity,Samara Oblast,2011,3729.0,116.0,False
Crimes in the Sphere of Economic Activity,Saratov Oblast,2011,3353.0,133.1,False
Crimes in the Sphere of Economic Activity,Ulyanovsk Oblast,2011,1533.0,118.8,False
Crimes in the Sphere of Economic Activity,Kurgan Oblast,2011,1480.0,162.8,False
Crimes in the Sphere of Economic Activity,Sverdlovsk Oblast,2011,6194.0,144.1,False
Crimes in the Sphere of Economic Activity,Tyumen Oblast,2011,3131.0,233.1,False
Crimes in the Sphere of Economic Activity,Khanty–Mansi Autonomous Okrug – Yugra,2011,2434.0,158.3,False
Crimes in the Sphere of Economic Activity,Yamalo-Nenets Autonomous Okrug,2011,864.0,164.6,False
Crimes in the Sphere of Economic Activity,Chelyabinsk Oblast,2011,7607.0,218.9,False
Crimes in the Sphere of Economic Activity,Altai Republic,2011,260.0,125.9,False
Crimes in the Sphere of Economic Activity,Republic of Buryatia,2011,755.0,77.7,False
Crimes in the Sphere of Economic Activity,Tuva Republic,2011,200.0,64.9,False
Crimes in the Sphere of Economic Activity,Republic of Khakassia,2011,420.0,78.9,False
Crimes in the Sphere of Economic Activity,Altai Krai,2011,2430.0,100.5,False
Crimes in the Sphere of Economic Activity,Zabaykalsky Krai,2011,1487.0,134.4,False
Crimes in the Sphere of Economic Activity,Krasnoyarsk Krai,2011,2449.0,86.6,False
Crimes in the Sphere of Economic Activity,Irkutsk Oblast,2011,1926.0,79.3,False
Crimes in the Sphere of Economic Activity,Kemerovo Oblast,2011,2228.0,80.7,False
Crimes in the Sphere of Economic Activity,Novosibirsk Oblast,2011,4872.0,182.7,False
Crimes in the Sphere of Economic Activity,Omsk Oblast,2011,3289.0,166.4,False
Crimes in the Sphere of Economic Activity,Tomsk Oblast,2011,1107.0,105.6,False
Crimes in the Sphere of Economic Activity,Sakha (Yakutia) Republic,2011,1558.0,162.6,False
Crimes in the Sphere of Economic Activity,Kamchatka Krai,2011,485.0,150.8,False
Crimes in the Sphere of Economic Activity,Primorsky Krai,2011,1577.0,80.7,False
Crimes in the Sphere of Economic Activity,Khabarovsk Krai,2011,816.0,60.8,False
Crimes in the Sphere of Economic Activity,Amur Oblast,2011,429.0,51.8,False
Crimes in the Sphere of Economic Activity,Magadan Oblast,2011,284.0,181.4,False
Crimes in the Sphere of Economic Activity,Sakhalin Oblast,2011,551.0,110.9,False
Crimes in the Sphere of Economic Activity,Jewish Autonomous Oblast,2011,204.0,115.7,False
Crimes in the Sphere of Economic Activity,Chukotka Autonomous Okrug,2011,65.0,129.1,False
Murder,Russian Federation,2012,13059.0,9.1,True
Murder,Belgorod Oblast,2012,65.0,4.2,False
Murder,Bryansk Oblast,2012,116.0,9.2,False
Murder,Vladimir Oblast,2012,147.0,10.3,False
Murder,Voronezh Oblast,2012,112.0,4.8,False
Murder,Ivanovo Oblast,2012,94.0,9.0,False
Murder,Kaluga Oblast,2012,93.0,9.2,False
Murder,Kostroma Oblast,2012,47.0,7.1,False
Murder,Kursk Oblast,2012,69.0,6.2,False
Murder,Lipetsk Oblast,2012,96.0,8.2,False
Murder,Moscow Oblast,2012,623.0,8.6,False
Murder,Oryol Oblast,2012,51.0,6.5,False
Murder,Ryazan Oblast,2012,69.0,6.0,False
Murder,Smolensk Oblast,2012,73.0,7.5,False
Murder,Tambov Oblast,2012,72.0,6.7,False
Murder,Tver Oblast,2012,126.0,9.4,False
Murder,Tula Oblast,2012,114.0,7.4,False
Murder,Yaroslavl Oblast,2012,76.0,6.0,False
Murder,Moscow,2012,445.0,3.8,False
Murder,Republic of Karelia,2012,56.0,8.8,False
Murder,Komi Republic,2012,118.0,13.4,False
Murder,Arkhangelsk Oblast,2012,123.0,10.6,False
Murder,Nenets Autonomous Okrug,2012,4.0,9.5,False
Murder,Vologda Oblast,2012,106.0,8.8,False
Murder,Kaliningrad Oblast,2012,57.0,6.0,False
Murder,Leningrad Oblast,2012,200.0,11.5,False
Murder,Murmansk Oblast,2012,59.0,7.5,False
Murder,Novgorod Oblast,2012,73.0,11.6,False
Murder,Pskov Oblast,2012,60.0,9.0,False
Murder,Saint Petersburg,2012,303.0,6.1,False
Murder,Republic of Dagestan,2012,213.0,7.3,False
Murder,Republic of Ingushetia,2012,22.0,5.1,False
Murder,Kabardino-Balkar Republic,2012,87.0,10.1,False
Murder,Karachay-Cherkess Republic,2012,54.0,11.4,False
Murder,Republic of North Ossetia-Alania,2012,46.0,6.5,False
Murder,Chechen Republic,2012,66.0,5.1,False
Murder,Stavropol Krai,2012,149.0,5.3,False
Murder,Republic of Adygea,2012,27.0,6.1,False
Murder,Republic of Kalmykia,2012,33.0,11.5,False
Murder,Republic of Crimea,2012,,,False
Murder,Krasnodar Krai,2012,355.0,6.7,False
Murder,Astrakhan Oblast,2012,107.0,10.6,False
Murder,Volgograd Oblast,2012,195.0,7.5,False
Murder,Rostov Oblast,2012,274.0,6.4,False
Murder,Sevastopol,2012,,,False
Murder,Republic of Bashkortostan,2012,376.0,9.2,False
Murder,Mari El Republic,2012,74.0,10.7,False
Murder,Republic of Mordovia,2012,43.0,5.2,False
Murder,Republic of Tatarstan,2012,289.0,7.6,False
Murder,Udmurt Republic,2012,125.0,8.3,False
Murder,Chuvash Republic,2012,80.0,6.4,False
Murder,Perm Krai,2012,363.0,13.8,False
Murder,Kirov Oblast,2012,103.0,7.8,False
Murder,Nizhny Novgorod Oblast,2012,254.0,7.7,False
Murder,Orenburg Oblast,2012,243.0,12.0,False
Murder,Penza Oblast,2012,74.0,5.4,False
Murder,Samara Oblast,2012,250.0,7.8,False
Murder,Saratov Oblast,2012,160.0,6.4,False
Murder,Ulyanovsk Oblast,2012,122.0,9.5,False
Murder,Kurgan Oblast,2012,149.0,16.7,False
Murder,Sverdlovsk Oblast,2012,449.0,10.4,False
Murder,Tyumen Oblast,2012,152.0,11.1,False
Murder,Khanty–Mansi Autonomous Okrug – Yugra,2012,134.0,8.6,False
Murder,Yamalo-Nenets Autonomous Okrug,2012,74.0,13.9,False
Murder,Chelyabinsk Oblast,2012,383.0,11.0,False
Murder,Altai Republic,2012,34.0,16.4,False
Murder,Republic of Buryatia,2012,209.0,21.5,False
Murder,Tuva Republic,2012,150.0,48.4,False
Murder,Republic of Khakassia,2012,79.0,14.8,False
Murder,Altai Krai,2012,238.0,9.9,False
Murder,Zabaykalsky Krai,2012,329.0,30.0,False
Murder,Krasnoyarsk Krai,2012,372.0,13.1,False
Murder,Irkutsk Oblast,2012,494.0,20.4,False
Murder,Kemerovo Oblast,2012,393.0,14.3,False
Murder,Novosibirsk Oblast,2012,267.0,9.9,False
Murder,Omsk Oblast,2012,145.0,7.4,False
Murder,Tomsk Oblast,2012,106.0,10.0,False
Murder,Sakha (Yakutia) Republic,2012,163.0,17.0,False
Murder,Kamchatka Krai,2012,25.0,7.9,False
Murder,Primorsky Krai,2012,254.0,13.0,False
Murder,Khabarovsk Krai,2012,228.0,17.0,False
Murder,Amur Oblast,2012,158.0,19.3,False
Murder,Magadan Oblast,2012,25.0,16.2,False
Murder,Sakhalin Oblast,2012,90.0,18.2,False
Murder,Jewish Autonomous Oblast,2012,37.0,21.3,False
Murder,Chukotka Autonomous Okrug,2012,13.0,25.6,False
Intentional Bodily Harm,Russian Federation,2012,37091.0,25.9,True
Intentional Bodily Harm,Belgorod Oblast,2012,211.0,13.7,False
Intentional Bodily Harm,Bryansk Oblast,2012,255.0,20.2,False
Intentional Bodily Harm,Vladimir Oblast,2012,312.0,21.8,False
Intentional Bodily Harm,Voronezh Oblast,2012,375.0,16.1,False
Intentional Bodily Harm,Ivanovo Oblast,2012,217.0,20.7,False
Intentional Bodily Harm,Kaluga Oblast,2012,286.0,28.2,False
Intentional Bodily Harm,Kostroma Oblast,2012,124.0,18.9,False
Intentional Bodily Harm,Kursk Oblast,2012,208.0,18.6,False
Intentional Bodily Harm,Lipetsk Oblast,2012,195.0,16.7,False
Intentional Bodily Harm,Moscow Oblast,2012,1600.0,22.1,False
Intentional Bodily Harm,Oryol Oblast,2012,137.0,17.5,False
Intentional Bodily Harm,Ryazan Oblast,2012,212.0,18.4,False
Intentional Bodily Harm,Smolensk Oblast,2012,229.0,23.4,False
Intentional Bodily Harm,Tambov Oblast,2012,156.0,14.4,False
Intentional Bodily Harm,Tver Oblast,2012,315.0,23.5,False
Intentional Bodily Harm,Tula Oblast,2012,304.0,19.6,False
Intentional Bodily Harm,Yaroslavl Oblast,2012,298.0,23.5,False
Intentional Bodily Harm,Moscow,2012,1438.0,12.3,False
Intentional Bodily Harm,Republic of Karelia,2012,184.0,29.0,False
Intentional Bodily Harm,Komi Republic,2012,351.0,39.7,False
Intentional Bodily Harm,Arkhangelsk Oblast,2012,354.0,30.5,False
Intentional Bodily Harm,Nenets Autonomous Okrug,2012,23.0,54.6,False
Intentional Bodily Harm,Vologda Oblast,2012,378.0,31.5,False
Intentional Bodily Harm,Kaliningrad Oblast,2012,196.0,20.7,False
Intentional Bodily Harm,Leningrad Oblast,2012,397.0,22.8,False
Intentional Bodily Harm,Murmansk Oblast,2012,220.0,28.1,False
Intentional Bodily Harm,Novgorod Oblast,2012,180.0,28.6,False
Intentional Bodily Harm,Pskov Oblast,2012,220.0,33.1,False
Intentional Bodily Harm,Saint Petersburg,2012,593.0,11.9,False
Intentional Bodily Harm,Republic of Dagestan,2012,116.0,4.0,False
Intentional Bodily Harm,Republic of Ingushetia,2012,13.0,3.0,False
Intentional Bodily Harm,Kabardino-Balkar Republic,2012,75.0,8.7,False
Intentional Bodily Harm,Karachay-Cherkess Republic,2012,43.0,9.1,False
Intentional Bodily Harm,Republic of North Ossetia-Alania,2012,52.0,7.3,False
Intentional Bodily Harm,Chechen Republic,2012,26.0,2.0,False
Intentional Bodily Harm,Stavropol Krai,2012,469.0,16.8,False
Intentional Bodily Harm,Republic of Adygea,2012,41.0,9.2,False
Intentional Bodily Harm,Republic of Kalmykia,2012,57.0,19.9,False
Intentional Bodily Harm,Republic of Crimea,2012,,,False
Intentional Bodily Harm,Krasnodar Krai,2012,923.0,17.4,False
Intentional Bodily Harm,Astrakhan Oblast,2012,227.0,22.4,False
Intentional Bodily Harm,Volgograd Oblast,2012,556.0,21.4,False
Intentional Bodily Harm,Rostov Oblast,2012,652.0,15.3,False
Intentional Bodily Harm,Sevastopol,2012,,,False
Intentional Bodily Harm,Republic of Bashkortostan,2012,1105.0,27.1,False
Intentional Bodily Harm,Mari El Republic,2012,169.0,24.4,False
Intentional Bodily Harm,Republic of Mordovia,2012,166.0,20.1,False
Intentional Bodily Harm,Republic of Tatarstan,2012,671.0,17.6,False
Intentional Bodily Harm,Udmurt Republic,2012,512.0,33.8,False
Intentional Bodily Harm,Chuvash Republic,2012,224.0,18.0,False
Intentional Bodily Harm,Perm Krai,2012,1210.0,46.0,False
Intentional Bodily Harm,Kirov Oblast,2012,306.0,23.2,False
Intentional Bodily Harm,Nizhny Novgorod Oblast,2012,655.0,19.9,False
Intentional Bodily Harm,Orenburg Oblast,2012,637.0,31.6,False
Intentional Bodily Harm,Penza Oblast,2012,248.0,18.0,False
Intentional Bodily Harm,Samara Oblast,2012,693.0,21.5,False
Intentional Bodily Harm,Saratov Oblast,2012,478.0,19.0,False
Intentional Bodily Harm,Ulyanovsk Oblast,2012,335.0,26.2,False
Intentional Bodily Harm,Kurgan Oblast,2012,323.0,36.2,False
Intentional Bodily Harm,Sverdlovsk Oblast,2012,1522.0,35.3,False
Intentional Bodily Harm,Tyumen Oblast,2012,562.0,41.1,False
Intentional Bodily Harm,Khanty–Mansi Autonomous Okrug – Yugra,2012,452.0,28.9,False
Intentional Bodily Harm,Yamalo-Nenets Autonomous Okrug,2012,239.0,44.9,False
Intentional Bodily Harm,Chelyabinsk Oblast,2012,1257.0,36.1,False
Intentional Bodily Harm,Altai Republic,2012,111.0,53.5,False
Intentional Bodily Harm,Republic of Buryatia,2012,544.0,56.0,False
Intentional Bodily Harm,Tuva Republic,2012,554.0,178.9,False
Intentional Bodily Harm,Republic of Khakassia,2012,294.0,55.2,False
Intentional Bodily Harm,Altai Krai,2012,728.0,30.4,False
Intentional Bodily Harm,Zabaykalsky Krai,2012,735.0,67.1,False
Intentional Bodily Harm,Krasnoyarsk Krai,2012,1209.0,42.6,False
Intentional Bodily Harm,Irkutsk Oblast,2012,1544.0,63.7,False
Intentional Bodily Harm,Kemerovo Oblast,2012,1539.0,56.0,False
Intentional Bodily Harm,Novosibirsk Oblast,2012,696.0,25.9,False
Intentional Bodily Harm,Omsk Oblast,2012,650.0,33.0,False
Intentional Bodily Harm,Tomsk Oblast,2012,376.0,35.6,False
Intentional Bodily Harm,Sakha (Yakutia) Republic,2012,599.0,62.6,False
Intentional Bodily Harm,Kamchatka Krai,2012,108.0,33.9,False
Intentional Bodily Harm,Primorsky Krai,2012,858.0,44.0,False
Intentional Bodily Harm,Khabarovsk Krai,2012,633.0,47.2,False
Intentional Bodily Harm,Amur Oblast,2012,388.0,47.3,False
Intentional Bodily Harm,Magadan Oblast,2012,72.0,46.7,False
Intentional Bodily Harm,Sakhalin Oblast,2012,185.0,37.5,False
Intentional Bodily Harm,Jewish Autonomous Oblast,2012,87.0,50.0,False
Intentional Bodily Harm,Chukotka Autonomous Okrug,2012,52.0,102.5,False
Rape,Russian Federation,2012,4486.0,3.1,True
Rape,Belgorod Oblast,2012,27.0,1.8,False
Rape,Bryansk Oblast,2012,24.0,1.9,False
Rape,Vladimir Oblast,2012,50.0,3.5,False
Rape,Voronezh Oblast,2012,42.0,1.8,False
Rape,Ivanovo Oblast,2012,33.0,3.1,False
Rape,Kaluga Oblast,2012,47.0,4.6,False
Rape,Kostroma Oblast,2012,15.0,2.3,False
Rape,Kursk Oblast,2012,33.0,2.9,False
Rape,Lipetsk Oblast,2012,17.0,1.5,False
Rape,Moscow Oblast,2012,192.0,2.7,False
Rape,Oryol Oblast,2012,15.0,1.9,False
Rape,Ryazan Oblast,2012,12.0,1.0,False
Rape,Smolensk Oblast,2012,34.0,3.5,False
Rape,Tambov Oblast,2012,22.0,2.0,False
Rape,Tver Oblast,2012,55.0,4.1,False
Rape,Tula Oblast,2012,36.0,2.3,False
Rape,Yaroslavl Oblast,2012,31.0,2.4,False
Rape,Moscow,2012,249.0,2.1,False
Rape,Republic of Karelia,2012,16.0,2.5,False
Rape,Komi Republic,2012,51.0,5.8,False
Rape,Arkhangelsk Oblast,2012,63.0,5.4,False
Rape,Nenets Autonomous Okrug,2012,0.0,0.0,False
Rape,Vologda Oblast,2012,33.0,2.8,False
Rape,Kaliningrad Oblast,2012,15.0,1.6,False
Rape,Leningrad Oblast,2012,36.0,2.1,False
Rape,Murmansk Oblast,2012,20.0,2.6,False
Rape,Novgorod Oblast,2012,21.0,3.3,False
Rape,Pskov Oblast,2012,14.0,2.1,False
Rape,Saint Petersburg,2012,101.0,2.0,False
Rape,Republic of Dagestan,2012,59.0,2.0,False
Rape,Republic of Ingushetia,2012,4.0,0.9,False
Rape,Kabardino-Balkar Republic,2012,22.0,2.6,False
Rape,Karachay-Cherkess Republic,2012,30.0,6.3,False
Rape,Republic of North Ossetia-Alania,2012,8.0,1.1,False
Rape,Chechen Republic,2012,7.0,0.5,False
Rape,Stavropol Krai,2012,95.0,3.4,False
Rape,Republic of Adygea,2012,34.0,7.6,False
Rape,Republic of Kalmykia,2012,9.0,3.1,False
Rape,Republic of Crimea,2012,,,False
Rape,Krasnodar Krai,2012,129.0,2.4,False
Rape,Astrakhan Oblast,2012,65.0,6.4,False
Rape,Volgograd Oblast,2012,82.0,3.2,False
Rape,Rostov Oblast,2012,90.0,2.1,False
Rape,Sevastopol,2012,,,False
Rape,Republic of Bashkortostan,2012,208.0,5.1,False
Rape,Mari El Republic,2012,18.0,2.6,False
Rape,Republic of Mordovia,2012,11.0,1.3,False
Rape,Republic of Tatarstan,2012,67.0,1.8,False
Rape,Udmurt Republic,2012,80.0,5.3,False
Rape,Chuvash Republic,2012,96.0,7.7,False
Rape,Perm Krai,2012,166.0,6.3,False
Rape,Kirov Oblast,2012,48.0,3.6,False
Rape,Nizhny Novgorod Oblast,2012,63.0,1.9,False
Rape,Orenburg Oblast,2012,57.0,2.8,False
Rape,Penza Oblast,2012,37.0,2.7,False
Rape,Samara Oblast,2012,56.0,1.7,False
Rape,Saratov Oblast,2012,46.0,1.8,False
Rape,Ulyanovsk Oblast,2012,42.0,3.3,False
Rape,Kurgan Oblast,2012,50.0,5.6,False
Rape,Sverdlovsk Oblast,2012,166.0,3.9,False
Rape,Tyumen Oblast,2012,65.0,4.8,False
Rape,Khanty–Mansi Autonomous Okrug – Yugra,2012,29.0,1.9,False
Rape,Yamalo-Nenets Autonomous Okrug,2012,45.0,8.4,False
Rape,Chelyabinsk Oblast,2012,97.0,2.8,False
Rape,Altai Republic,2012,17.0,8.2,False
Rape,Republic of Buryatia,2012,40.0,4.1,False
Rape,Tuva Republic,2012,62.0,20.0,False
Rape,Republic of Khakassia,2012,20.0,3.8,False
Rape,Altai Krai,2012,64.0,2.7,False
Rape,Zabaykalsky Krai,2012,86.0,7.9,False
Rape,Krasnoyarsk Krai,2012,110.0,3.9,False
Rape,Irkutsk Oblast,2012,90.0,3.7,False
Rape,Kemerovo Oblast,2012,91.0,3.3,False
Rape,Novosibirsk Oblast,2012,102.0,3.8,False
Rape,Omsk Oblast,2012,83.0,4.2,False
Rape,Tomsk Oblast,2012,17.0,1.6,False
Rape,Sakha (Yakutia) Republic,2012,56.0,5.9,False
Rape,Kamchatka Krai,2012,26.0,8.2,False
Rape,Primorsky Krai,2012,102.0,5.2,False
Rape,Khabarovsk Krai,2012,32.0,2.4,False
Rape,Amur Oblast,2012,44.0,5.4,False
Rape,Magadan Oblast,2012,13.0,8.4,False
Rape,Sakhalin Oblast,2012,6.0,1.2,False
Rape,Jewish Autonomous Oblast,2012,10.0,5.7,False
Rape,Chukotka Autonomous Okrug,2012,1.0,2.0,False
Theft,Russian Federation,2012,992238.0,693.0,True
Theft,Belgorod Oblast,2012,6579.0,428.2,False
Theft,Bryansk Oblast,2012,7660.0,606.2,False
Theft,Vladimir Oblast,2012,10123.0,706.2,False
Theft,Voronezh Oblast,2012,14465.0,620.1,False
Theft,Ivanovo Oblast,2012,6928.0,660.4,False
Theft,Kaluga Oblast,2012,6230.0,614.5,False
Theft,Kostroma Oblast,2012,3066.0,466.1,False
Theft,Kursk Oblast,2012,7085.0,632.0,False
Theft,Lipetsk Oblast,2012,5942.0,508.7,False
Theft,Moscow Oblast,2012,47378.0,654.1,False
Theft,Oryol Oblast,2012,5180.0,663.3,False
Theft,Ryazan Oblast,2012,3794.0,330.0,False
Theft,Smolensk Oblast,2012,6911.0,706.4,False
Theft,Tambov Oblast,2012,4221.0,390.0,False
Theft,Tver Oblast,2012,11721.0,873.5,False
Theft,Tula Oblast,2012,5150.0,332.2,False
Theft,Yaroslavl Oblast,2012,8307.0,654.5,False
Theft,Moscow,2012,102161.0,875.5,False
Theft,Republic of Karelia,2012,4803.0,756.3,False
Theft,Komi Republic,2012,5741.0,650.1,False
Theft,Arkhangelsk Oblast,2012,10649.0,916.5,False
Theft,Nenets Autonomous Okrug,2012,275.0,652.3,False
Theft,Vologda Oblast,2012,10754.0,897.4,False
Theft,Kaliningrad Oblast,2012,7402.0,781.6,False
Theft,Leningrad Oblast,2012,8949.0,513.6,False
Theft,Murmansk Oblast,2012,5520.0,705.7,False
Theft,Novgorod Oblast,2012,5592.0,888.7,False
Theft,Pskov Oblast,2012,5247.0,788.6,False
Theft,Saint Petersburg,2012,22371.0,449.7,False
Theft,Republic of Dagestan,2012,2193.0,74.7,False
Theft,Republic of Ingushetia,2012,155.0,36.1,False
Theft,Kabardino-Balkar Republic,2012,3021.0,350.6,False
Theft,Karachay-Cherkess Republic,2012,994.0,209.4,False
Theft,Republic of North Ossetia-Alania,2012,1215.0,171.4,False
Theft,Chechen Republic,2012,688.0,52.8,False
Theft,Stavropol Krai,2012,13035.0,465.9,False
Theft,Republic of Adygea,2012,1438.0,323.1,False
Theft,Republic of Kalmykia,2012,991.0,346.1,False
Theft,Republic of Crimea,2012,,,False
Theft,Krasnodar Krai,2012,26553.0,501.3,False
Theft,Astrakhan Oblast,2012,6660.0,658.4,False
Theft,Volgograd Oblast,2012,15908.0,612.2,False
Theft,Rostov Oblast,2012,24759.0,580.6,False
Theft,Sevastopol,2012,,,False
Theft,Republic of Bashkortostan,2012,26007.0,638.6,False
Theft,Mari El Republic,2012,3555.0,513.0,False
Theft,Republic of Mordovia,2012,2335.0,282.6,False
Theft,Republic of Tatarstan,2012,22818.0,598.5,False
Theft,Udmurt Republic,2012,10936.0,721.9,False
Theft,Chuvash Republic,2012,5290.0,424.7,False
Theft,Perm Krai,2012,28298.0,1076.5,False
Theft,Kirov Oblast,2012,8110.0,614.5,False
Theft,Nizhny Novgorod Oblast,2012,21515.0,653.2,False
Theft,Orenburg Oblast,2012,13334.0,661.1,False
Theft,Penza Oblast,2012,5132.0,373.2,False
Theft,Samara Oblast,2012,26274.0,816.7,False
Theft,Saratov Oblast,2012,11652.0,463.3,False
Theft,Ulyanovsk Oblast,2012,6603.0,515.5,False
Theft,Kurgan Oblast,2012,6684.0,748.4,False
Theft,Sverdlovsk Oblast,2012,29773.0,691.2,False
Theft,Tyumen Oblast,2012,11906.0,871.5,False
Theft,Khanty–Mansi Autonomous Okrug – Yugra,2012,9987.0,639.3,False
Theft,Yamalo-Nenets Autonomous Okrug,2012,3160.0,593.0,False
Theft,Chelyabinsk Oblast,2012,31712.0,911.2,False
Theft,Altai Republic,2012,1736.0,836.9,False
Theft,Republic of Buryatia,2012,10345.0,1065.1,False
Theft,Tuva Republic,2012,1771.0,571.9,False
Theft,Republic of Khakassia,2012,5381.0,1010.6,False
Theft,Altai Krai,2012,18068.0,753.8,False
Theft,Zabaykalsky Krai,2012,14486.0,1322.3,False
Theft,Krasnoyarsk Krai,2012,26654.0,938.9,False
Theft,Irkutsk Oblast,2012,28071.0,1157.6,False
Theft,Kemerovo Oblast,2012,28523.0,1037.3,False
Theft,Novosibirsk Oblast,2012,23327.0,867.7,False
Theft,Omsk Oblast,2012,12993.0,658.8,False
Theft,Tomsk Oblast,2012,10986.0,1039.1,False
Theft,Sakha (Yakutia) Republic,2012,4989.0,521.7,False
Theft,Kamchatka Krai,2012,2291.0,719.9,False
Theft,Primorsky Krai,2012,24145.0,1239.2,False
Theft,Khabarovsk Krai,2012,12165.0,906.8,False
Theft,Amur Oblast,2012,8525.0,1038.8,False
Theft,Magadan Oblast,2012,1134.0,734.9,False
Theft,Sakhalin Oblast,2012,4139.0,838.3,False
Theft,Jewish Autonomous Oblast,2012,1810.0,1040.7,False
Theft,Chukotka Autonomous Okrug,2012,279.0,549.9,False
Robbery without violence,Russian Federation,2012,110063.0,76.9,True
Robbery without violence,Belgorod Oblast,2012,547.0,35.6,False
Robbery without violence,Bryansk Oblast,2012,514.0,40.7,False
Robbery without violence,Vladimir Oblast,2012,1092.0,76.2,False
Robbery without violence,Voronezh Oblast,2012,1196.0,51.3,False
Robbery without violence,Ivanovo Oblast,2012,784.0,74.7,False
Robbery without violence,Kaluga Oblast,2012,536.0,52.9,False
Robbery without violence,Kostroma Oblast,2012,260.0,39.5,False
Robbery without violence,Kursk Oblast,2012,443.0,39.5,False
Robbery without violence,Lipetsk Oblast,2012,632.0,54.1,False
Robbery without violence,Moscow Oblast,2012,5052.0,69.7,False
Robbery without violence,Oryol Oblast,2012,381.0,48.8,False
Robbery without violence,Ryazan Oblast,2012,351.0,30.5,False
Robbery without violence,Smolensk Oblast,2012,634.0,64.8,False
Robbery without violence,Tambov Oblast,2012,279.0,25.8,False
Robbery without violence,Tver Oblast,2012,823.0,61.3,False
Robbery without violence,Tula Oblast,2012,526.0,33.9,False
Robbery without violence,Yaroslavl Oblast,2012,872.0,68.7,False
Robbery without violence,Moscow,2012,13277.0,113.8,False
Robbery without violence,Republic of Karelia,2012,396.0,62.4,False
Robbery without violence,Komi Republic,2012,646.0,73.2,False
Robbery without violence,Arkhangelsk Oblast,2012,1061.0,91.3,False
Robbery without violence,Nenets Autonomous Okrug,2012,12.0,28.5,False
Robbery without violence,Vologda Oblast,2012,1119.0,93.4,False
Robbery without violence,Kaliningrad Oblast,2012,794.0,83.8,False
Robbery without violence,Leningrad Oblast,2012,662.0,38.0,False
Robbery without violence,Murmansk Oblast,2012,575.0,73.5,False
Robbery without violence,Novgorod Oblast,2012,423.0,67.2,False
Robbery without violence,Pskov Oblast,2012,376.0,56.5,False
Robbery without violence,Saint Petersburg,2012,3734.0,75.1,False
Robbery without violence,Republic of Dagestan,2012,267.0,9.1,False
Robbery without violence,Republic of Ingushetia,2012,7.0,1.6,False
Robbery without violence,Kabardino-Balkar Republic,2012,242.0,28.1,False
Robbery without violence,Karachay-Cherkess Republic,2012,93.0,19.6,False
Robbery without violence,Republic of North Ossetia-Alania,2012,117.0,16.5,False
Robbery without violence,Chechen Republic,2012,14.0,1.1,False
Robbery without violence,Stavropol Krai,2012,1306.0,46.7,False
Robbery without violence,Republic of Adygea,2012,117.0,26.3,False
Robbery without violence,Republic of Kalmykia,2012,89.0,31.1,False
Robbery without violence,Republic of Crimea,2012,,,False
Robbery without violence,Krasnodar Krai,2012,1938.0,36.6,False
Robbery without violence,Astrakhan Oblast,2012,770.0,76.1,False
Robbery without violence,Volgograd Oblast,2012,2097.0,80.7,False
Robbery without violence,Rostov Oblast,2012,2824.0,66.2,False
Robbery without violence,Sevastopol,2012,,,False
Robbery without violence,Republic of Bashkortostan,2012,1889.0,46.4,False
Robbery without violence,Mari El Republic,2012,483.0,69.7,False
Robbery without violence,Republic of Mordovia,2012,199.0,24.1,False
Robbery without violence,Republic of Tatarstan,2012,2234.0,58.6,False
Robbery without violence,Udmurt Republic,2012,1635.0,107.9,False
Robbery without violence,Chuvash Republic,2012,756.0,60.7,False
Robbery without violence,Perm Krai,2012,3680.0,140.0,False
Robbery without violence,Kirov Oblast,2012,792.0,60.0,False
Robbery without violence,Nizhny Novgorod Oblast,2012,3002.0,91.1,False
Robbery without violence,Orenburg Oblast,2012,1441.0,71.4,False
Robbery without violence,Penza Oblast,2012,418.0,30.4,False
Robbery without violence,Samara Oblast,2012,3692.0,114.8,False
Robbery without violence,Saratov Oblast,2012,1290.0,51.3,False
Robbery without violence,Ulyanovsk Oblast,2012,783.0,61.1,False
Robbery without violence,Kurgan Oblast,2012,571.0,63.9,False
Robbery without violence,Sverdlovsk Oblast,2012,3359.0,78.0,False
Robbery without violence,Tyumen Oblast,2012,1209.0,88.5,False
Robbery without violence,Khanty–Mansi Autonomous Okrug – Yugra,2012,682.0,43.7,False
Robbery without violence,Yamalo-Nenets Autonomous Okrug,2012,190.0,35.7,False
Robbery without violence,Chelyabinsk Oblast,2012,3761.0,108.1,False
Robbery without violence,Altai Republic,2012,99.0,47.7,False
Robbery without violence,Republic of Buryatia,2012,1041.0,107.2,False
Robbery without violence,Tuva Republic,2012,313.0,101.1,False
Robbery without violence,Republic of Khakassia,2012,434.0,81.5,False
Robbery without violence,Altai Krai,2012,1366.0,57.0,False
Robbery without violence,Zabaykalsky Krai,2012,1241.0,113.3,False
Robbery without violence,Krasnoyarsk Krai,2012,2882.0,101.5,False
Robbery without violence,Irkutsk Oblast,2012,5021.0,207.1,False
Robbery without violence,Kemerovo Oblast,2012,4752.0,172.8,False
Robbery without violence,Novosibirsk Oblast,2012,2725.0,101.4,False
Robbery without violence,Omsk Oblast,2012,1170.0,59.3,False
Robbery without violence,Tomsk Oblast,2012,1410.0,133.4,False
Robbery without violence,Sakha (Yakutia) Republic,2012,611.0,63.9,False
Robbery without violence,Kamchatka Krai,2012,198.0,62.2,False
Robbery without violence,Primorsky Krai,2012,2629.0,134.9,False
Robbery without violence,Khabarovsk Krai,2012,1692.0,126.1,False
Robbery without violence,Amur Oblast,2012,908.0,110.6,False
Robbery without violence,Magadan Oblast,2012,107.0,69.3,False
Robbery without violence,Sakhalin Oblast,2012,391.0,79.2,False
Robbery without violence,Jewish Autonomous Oblast,2012,151.0,86.8,False
Robbery without violence,Chukotka Autonomous Okrug,2012,24.0,47.3,False
Robbery with violence,Russian Federation,2012,18622.0,13.0,True
Robbery with violence,Belgorod Oblast,2012,74.0,4.8,False
Robbery with violence,Bryansk Oblast,2012,81.0,6.4,False
Robbery with violence,Vladimir Oblast,2012,228.0,15.9,False
Robbery with violence,Voronezh Oblast,2012,239.0,10.2,False
Robbery with violence,Ivanovo Oblast,2012,133.0,12.7,False
Robbery with violence,Kaluga Oblast,2012,127.0,12.5,False
Robbery with violence,Kostroma Oblast,2012,44.0,6.7,False
Robbery with violence,Kursk Oblast,2012,57.0,5.1,False
Robbery with violence,Lipetsk Oblast,2012,73.0,6.2,False
Robbery with violence,Moscow Oblast,2012,1130.0,15.6,False
Robbery with violence,Oryol Oblast,2012,64.0,8.2,False
Robbery with violence,Ryazan Oblast,2012,79.0,6.9,False
Robbery with violence,Smolensk Oblast,2012,98.0,10.0,False
Robbery with violence,Tambov Oblast,2012,48.0,4.4,False
Robbery with violence,Tver Oblast,2012,164.0,12.2,False
Robbery with violence,Tula Oblast,2012,103.0,6.6,False
Robbery with violence,Yaroslavl Oblast,2012,152.0,12.0,False
Robbery with violence,Moscow,2012,2880.0,24.7,False
Robbery with violence,Republic of Karelia,2012,49.0,7.7,False
Robbery with violence,Komi Republic,2012,94.0,10.6,False
Robbery with violence,Arkhangelsk Oblast,2012,182.0,15.7,False
Robbery with violence,Nenets Autonomous Okrug,2012,2.0,4.7,False
Robbery with violence,Vologda Oblast,2012,127.0,10.6,False
Robbery with violence,Kaliningrad Oblast,2012,103.0,10.9,False
Robbery with violence,Leningrad Oblast,2012,268.0,15.4,False
Robbery with violence,Murmansk Oblast,2012,54.0,6.9,False
Robbery with violence,Novgorod Oblast,2012,63.0,10.0,False
Robbery with violence,Pskov Oblast,2012,61.0,9.2,False
Robbery with violence,Saint Petersburg,2012,807.0,16.2,False
Robbery with violence,Republic of Dagestan,2012,207.0,7.1,False
Robbery with violence,Republic of Ingushetia,2012,13.0,3.0,False
Robbery with violence,Kabardino-Balkar Republic,2012,88.0,10.2,False
Robbery with violence,Karachay-Cherkess Republic,2012,25.0,5.3,False
Robbery with violence,Republic of North Ossetia-Alania,2012,44.0,6.2,False
Robbery with violence,Chechen Republic,2012,31.0,2.4,False
Robbery with violence,Stavropol Krai,2012,297.0,10.6,False
Robbery with violence,Republic of Adygea,2012,23.0,5.2,False
Robbery with violence,Republic of Kalmykia,2012,14.0,4.9,False
Robbery with violence,Republic of Crimea,2012,,,False
Robbery with violence,Krasnodar Krai,2012,432.0,8.2,False
Robbery with violence,Astrakhan Oblast,2012,118.0,11.7,False
Robbery with violence,Volgograd Oblast,2012,262.0,10.1,False
Robbery with violence,Rostov Oblast,2012,484.0,11.4,False
Robbery with violence,Sevastopol,2012,,,False
Robbery with violence,Republic of Bashkortostan,2012,290.0,7.1,False
Robbery with violence,Mari El Republic,2012,66.0,9.5,False
Robbery with violence,Republic of Mordovia,2012,45.0,5.4,False
Robbery with violence,Republic of Tatarstan,2012,377.0,9.9,False
Robbery with violence,Udmurt Republic,2012,196.0,12.9,False
Robbery with violence,Chuvash Republic,2012,105.0,8.4,False
Robbery with violence,Perm Krai,2012,435.0,16.5,False
Robbery with violence,Kirov Oblast,2012,104.0,7.9,False
Robbery with violence,Nizhny Novgorod Oblast,2012,374.0,11.4,False
Robbery with violence,Orenburg Oblast,2012,170.0,8.4,False
Robbery with violence,Penza Oblast,2012,63.0,4.6,False
Robbery with violence,Samara Oblast,2012,481.0,15.0,False
Robbery with violence,Saratov Oblast,2012,163.0,6.5,False
Robbery with violence,Ulyanovsk Oblast,2012,185.0,14.4,False
Robbery with violence,Kurgan Oblast,2012,76.0,8.5,False
Robbery with violence,Sverdlovsk Oblast,2012,554.0,12.9,False
Robbery with violence,Tyumen Oblast,2012,189.0,13.8,False
Robbery with violence,Khanty–Mansi Autonomous Okrug – Yugra,2012,145.0,9.3,False
Robbery with violence,Yamalo-Nenets Autonomous Okrug,2012,35.0,6.6,False
Robbery with violence,Chelyabinsk Oblast,2012,463.0,13.3,False
Robbery with violence,Altai Republic,2012,16.0,7.7,False
Robbery with violence,Republic of Buryatia,2012,101.0,10.4,False
Robbery with violence,Tuva Republic,2012,76.0,24.5,False
Robbery with violence,Republic of Khakassia,2012,43.0,8.1,False
Robbery with violence,Altai Krai,2012,164.0,6.8,False
Robbery with violence,Zabaykalsky Krai,2012,283.0,25.8,False
Robbery with violence,Krasnoyarsk Krai,2012,428.0,15.1,False
Robbery with violence,Irkutsk Oblast,2012,739.0,30.5,False
Robbery with violence,Kemerovo Oblast,2012,629.0,22.9,False
Robbery with violence,Novosibirsk Oblast,2012,511.0,19.0,False
Robbery with violence,Omsk Oblast,2012,257.0,13.0,False
Robbery with violence,Tomsk Oblast,2012,131.0,12.4,False
Robbery with violence,Sakha (Yakutia) Republic,2012,86.0,9.0,False
Robbery with violence,Kamchatka Krai,2012,18.0,5.7,False
Robbery with violence,Primorsky Krai,2012,452.0,23.2,False
Robbery with violence,Khabarovsk Krai,2012,178.0,13.3,False
Robbery with violence,Amur Oblast,2012,124.0,15.1,False
Robbery with violence,Magadan Oblast,2012,20.0,13.0,False
Robbery with violence,Sakhalin Oblast,2012,35.0,7.1,False
Robbery with violence,Jewish Autonomous Oblast,2012,24.0,13.8,False
Robbery with violence,Chukotka Autonomous Okrug,2012,3.0,5.9,False
Extortion,Russian Federation,2012,5989.0,4.2,True
Extortion,Belgorod Oblast,2012,29.0,1.9,False
Extortion,Bryansk Oblast,2012,25.0,2.0,False
Extortion,Vladimir Oblast,2012,26.0,1.8,False
Extortion,Voronezh Oblast,2012,118.0,5.1,False
Extortion,Ivanovo Oblast,2012,24.0,2.3,False
Extortion,Kaluga Oblast,2012,48.0,4.7,False
Extortion,Kostroma Oblast,2012,29.0,4.4,False
Extortion,Kursk Oblast,2012,15.0,1.3,False
Extortion,Lipetsk Oblast,2012,39.0,3.3,False
Extortion,Moscow Oblast,2012,189.0,2.6,False
Extortion,Oryol Oblast,2012,14.0,1.8,False
Extortion,Ryazan Oblast,2012,5.0,0.4,False
Extortion,Smolensk Oblast,2012,100.0,10.2,False
Extortion,Tambov Oblast,2012,13.0,1.2,False
Extortion,Tver Oblast,2012,25.0,1.9,False
Extortion,Tula Oblast,2012,13.0,0.8,False
Extortion,Yaroslavl Oblast,2012,35.0,2.8,False
Extortion,Moscow,2012,264.0,2.3,False
Extortion,Republic of Karelia,2012,9.0,1.4,False
Extortion,Komi Republic,2012,71.0,8.0,False
Extortion,Arkhangelsk Oblast,2012,66.0,5.7,False
Extortion,Nenets Autonomous Okrug,2012,0.0,0.0,False
Extortion,Vologda Oblast,2012,32.0,2.7,False
Extortion,Kaliningrad Oblast,2012,7.0,0.7,False
Extortion,Leningrad Oblast,2012,29.0,1.7,False
Extortion,Murmansk Oblast,2012,23.0,2.9,False
Extortion,Novgorod Oblast,2012,13.0,2.1,False
Extortion,Pskov Oblast,2012,23.0,3.5,False
Extortion,Saint Petersburg,2012,67.0,1.3,False
Extortion,Republic of Dagestan,2012,90.0,3.1,False
Extortion,Republic of Ingushetia,2012,5.0,1.2,False
Extortion,Kabardino-Balkar Republic,2012,25.0,2.9,False
Extortion,Karachay-Cherkess Republic,2012,24.0,5.1,False
Extortion,Republic of North Ossetia-Alania,2012,9.0,1.3,False
Extortion,Chechen Republic,2012,8.0,0.6,False
Extortion,Stavropol Krai,2012,107.0,3.8,False
Extortion,Republic of Adygea,2012,11.0,2.5,False
Extortion,Republic of Kalmykia,2012,20.0,7.0,False
Extortion,Republic of Crimea,2012,,,False
Extortion,Krasnodar Krai,2012,92.0,1.7,False
Extortion,Astrakhan Oblast,2012,49.0,4.8,False
Extortion,Volgograd Oblast,2012,87.0,3.3,False
Extortion,Rostov Oblast,2012,56.0,1.3,False
Extortion,Sevastopol,2012,,,False
Extortion,Republic of Bashkortostan,2012,154.0,3.8,False
Extortion,Mari El Republic,2012,36.0,5.2,False
Extortion,Republic of Mordovia,2012,32.0,3.9,False
Extortion,Republic of Tatarstan,2012,139.0,3.6,False
Extortion,Udmurt Republic,2012,81.0,5.3,False
Extortion,Chuvash Republic,2012,71.0,5.7,False
Extortion,Perm Krai,2012,108.0,4.1,False
Extortion,Kirov Oblast,2012,99.0,7.5,False
Extortion,Nizhny Novgorod Oblast,2012,866.0,26.3,False
Extortion,Orenburg Oblast,2012,45.0,2.2,False
Extortion,Penza Oblast,2012,20.0,1.5,False
Extortion,Samara Oblast,2012,143.0,4.4,False
Extortion,Saratov Oblast,2012,61.0,2.4,False
Extortion,Ulyanovsk Oblast,2012,86.0,6.7,False
Extortion,Kurgan Oblast,2012,53.0,5.9,False
Extortion,Sverdlovsk Oblast,2012,105.0,2.4,False
Extortion,Tyumen Oblast,2012,234.0,17.1,False
Extortion,Khanty–Mansi Autonomous Okrug – Yugra,2012,105.0,6.7,False
Extortion,Yamalo-Nenets Autonomous Okrug,2012,24.0,4.5,False
Extortion,Chelyabinsk Oblast,2012,141.0,4.1,False
Extortion,Altai Republic,2012,6.0,2.9,False
Extortion,Republic of Buryatia,2012,108.0,11.1,False
Extortion,Tuva Republic,2012,3.0,1.0,False
Extortion,Republic of Khakassia,2012,7.0,1.3,False
Extortion,Altai Krai,2012,97.0,4.0,False
Extortion,Zabaykalsky Krai,2012,98.0,8.9,False
Extortion,Krasnoyarsk Krai,2012,108.0,3.8,False
Extortion,Irkutsk Oblast,2012,91.0,3.8,False
Extortion,Kemerovo Oblast,2012,111.0,4.0,False
Extortion,Novosibirsk Oblast,2012,137.0,5.1,False
Extortion,Omsk Oblast,2012,13.0,0.7,False
Extortion,Tomsk Oblast,2012,45.0,4.3,False
Extortion,Sakha (Yakutia) Republic,2012,25.0,2.6,False
Extortion,Kamchatka Krai,2012,6.0,1.9,False
Extortion,Primorsky Krai,2012,161.0,8.3,False
Extortion,Khabarovsk Krai,2012,40.0,3.0,False
Extortion,Amur Oblast,2012,37.0,4.5,False
Extortion,Magadan Oblast,2012,8.0,5.2,False
Extortion,Sakhalin Oblast,2012,10.0,2.0,False
Extortion,Jewish Autonomous Oblast,2012,7.0,4.0,False
Extortion,Chukotka Autonomous Okrug,2012,2.0,3.9,False
Hooliganism,Russian Federation,2012,5155.0,3.6,True
Hooliganism,Belgorod Oblast,2012,14.0,0.9,False
Hooliganism,Bryansk Oblast,2012,44.0,3.5,False
Hooliganism,Vladimir Oblast,2012,41.0,2.9,False
Hooliganism,Voronezh Oblast,2012,48.0,2.1,False
Hooliganism,Ivanovo Oblast,2012,38.0,3.6,False
Hooliganism,Kaluga Oblast,2012,27.0,2.7,False
Hooliganism,Kostroma Oblast,2012,26.0,4.0,False
Hooliganism,Kursk Oblast,2012,16.0,1.4,False
Hooliganism,Lipetsk Oblast,2012,17.0,1.5,False
Hooliganism,Moscow Oblast,2012,242.0,3.3,False
Hooliganism,Oryol Oblast,2012,29.0,3.7,False
Hooliganism,Ryazan Oblast,2012,7.0,0.6,False
Hooliganism,Smolensk Oblast,2012,51.0,5.2,False
Hooliganism,Tambov Oblast,2012,34.0,3.1,False
Hooliganism,Tver Oblast,2012,38.0,2.8,False
Hooliganism,Tula Oblast,2012,18.0,1.2,False
Hooliganism,Yaroslavl Oblast,2012,28.0,2.2,False
Hooliganism,Moscow,2012,805.0,6.9,False
Hooliganism,Republic of Karelia,2012,20.0,3.1,False
Hooliganism,Komi Republic,2012,44.0,5.0,False
Hooliganism,Arkhangelsk Oblast,2012,45.0,3.9,False
Hooliganism,Nenets Autonomous Okrug,2012,0.0,0.0,False
Hooliganism,Vologda Oblast,2012,173.0,14.4,False
Hooliganism,Kaliningrad Oblast,2012,20.0,2.1,False
Hooliganism,Leningrad Oblast,2012,38.0,2.2,False
Hooliganism,Murmansk Oblast,2012,31.0,4.0,False
Hooliganism,Novgorod Oblast,2012,39.0,6.2,False
Hooliganism,Pskov Oblast,2012,9.0,1.4,False
Hooliganism,Saint Petersburg,2012,168.0,3.4,False
Hooliganism,Republic of Dagestan,2012,48.0,1.6,False
Hooliganism,Republic of Ingushetia,2012,13.0,3.0,False
Hooliganism,Kabardino-Balkar Republic,2012,23.0,2.7,False
Hooliganism,Karachay-Cherkess Republic,2012,3.0,0.6,False
Hooliganism,Republic of North Ossetia-Alania,2012,9.0,1.3,False
Hooliganism,Chechen Republic,2012,4.0,0.3,False
Hooliganism,Stavropol Krai,2012,147.0,5.3,False
Hooliganism,Republic of Adygea,2012,5.0,1.1,False
Hooliganism,Republic of Kalmykia,2012,14.0,4.9,False
Hooliganism,Republic of Crimea,2012,,,False
Hooliganism,Krasnodar Krai,2012,109.0,2.1,False
Hooliganism,Astrakhan Oblast,2012,42.0,4.2,False
Hooliganism,Volgograd Oblast,2012,119.0,4.6,False
Hooliganism,Rostov Oblast,2012,79.0,1.9,False
Hooliganism,Sevastopol,2012,,,False
Hooliganism,Republic of Bashkortostan,2012,107.0,2.6,False
Hooliganism,Mari El Republic,2012,52.0,7.5,False
Hooliganism,Republic of Mordovia,2012,24.0,2.9,False
Hooliganism,Republic of Tatarstan,2012,259.0,6.8,False
Hooliganism,Udmurt Republic,2012,149.0,9.8,False
Hooliganism,Chuvash Republic,2012,85.0,6.8,False
Hooliganism,Perm Krai,2012,115.0,4.4,False
Hooliganism,Kirov Oblast,2012,87.0,6.6,False
Hooliganism,Nizhny Novgorod Oblast,2012,48.0,1.5,False
Hooliganism,Orenburg Oblast,2012,21.0,1.0,False
Hooliganism,Penza Oblast,2012,13.0,0.9,False
Hooliganism,Samara Oblast,2012,132.0,4.1,False
Hooliganism,Saratov Oblast,2012,35.0,1.4,False
Hooliganism,Ulyanovsk Oblast,2012,43.0,3.4,False
Hooliganism,Kurgan Oblast,2012,98.0,11.0,False
Hooliganism,Sverdlovsk Oblast,2012,126.0,2.9,False
Hooliganism,Tyumen Oblast,2012,78.0,5.7,False
Hooliganism,Khanty–Mansi Autonomous Okrug – Yugra,2012,150.0,9.6,False
Hooliganism,Yamalo-Nenets Autonomous Okrug,2012,9.0,1.7,False
Hooliganism,Chelyabinsk Oblast,2012,171.0,4.9,False
Hooliganism,Altai Republic,2012,4.0,1.9,False
Hooliganism,Republic of Buryatia,2012,45.0,4.6,False
Hooliganism,Tuva Republic,2012,9.0,2.9,False
Hooliganism,Republic of Khakassia,2012,9.0,1.7,False
Hooliganism,Altai Krai,2012,18.0,0.8,False
Hooliganism,Zabaykalsky Krai,2012,26.0,2.4,False
Hooliganism,Krasnoyarsk Krai,2012,58.0,2.0,False
Hooliganism,Irkutsk Oblast,2012,92.0,3.8,False
Hooliganism,Kemerovo Oblast,2012,44.0,1.6,False
Hooliganism,Novosibirsk Oblast,2012,91.0,3.4,False
Hooliganism,Omsk Oblast,2012,23.0,1.2,False
Hooliganism,Tomsk Oblast,2012,7.0,0.7,False
Hooliganism,Sakha (Yakutia) Republic,2012,12.0,1.3,False
Hooliganism,Kamchatka Krai,2012,7.0,2.2,False
Hooliganism,Primorsky Krai,2012,58.0,3.0,False
Hooliganism,Khabarovsk Krai,2012,14.0,1.0,False
Hooliganism,Amur Oblast,2012,12.0,1.5,False
Hooliganism,Magadan Oblast,2012,1.0,0.6,False
Hooliganism,Sakhalin Oblast,2012,9.0,1.8,False
Hooliganism,Jewish Autonomous Oblast,2012,3.0,1.7,False
Hooliganism,Chukotka Autonomous Okrug,2012,2.0,3.9,False
Crimes in the Sphere of Economic Activity,Russian Federation,2012,172975.0,120.8,True
Crimes in the Sphere of Economic Activity,Belgorod Oblast,2012,1533.0,99.8,False
Crimes in the Sphere of Economic Activity,Bryansk Oblast,2012,1322.0,104.6,False
Crimes in the Sphere of Economic Activity,Vladimir Oblast,2012,1658.0,115.7,False
Crimes in the Sphere of Economic Activity,Voronezh Oblast,2012,1993.0,85.4,False
Crimes in the Sphere of Economic Activity,Ivanovo Oblast,2012,1079.0,102.9,False
Crimes in the Sphere of Economic Activity,Kaluga Oblast,2012,1489.0,146.9,False
Crimes in the Sphere of Economic Activity,Kostroma Oblast,2012,1168.0,177.6,False
Crimes in the Sphere of Economic Activity,Kursk Oblast,2012,1223.0,109.1,False
Crimes in the Sphere of Economic Activity,Lipetsk Oblast,2012,1114.0,95.4,False
Crimes in the Sphere of Economic Activity,Moscow Oblast,2012,9436.0,130.3,False
Crimes in the Sphere of Economic Activity,Oryol Oblast,2012,1749.0,224.0,False
Crimes in the Sphere of Economic Activity,Ryazan Oblast,2012,1075.0,93.5,False
Crimes in the Sphere of Economic Activity,Smolensk Oblast,2012,1823.0,186.3,False
Crimes in the Sphere of Economic Activity,Tambov Oblast,2012,794.0,73.4,False
Crimes in the Sphere of Economic Activity,Tver Oblast,2012,2904.0,216.4,False
Crimes in the Sphere of Economic Activity,Tula Oblast,2012,1920.0,123.9,False
Crimes in the Sphere of Economic Activity,Yaroslavl Oblast,2012,1219.0,96.0,False
Crimes in the Sphere of Economic Activity,Moscow,2012,9485.0,81.3,False
Crimes in the Sphere of Economic Activity,Republic of Karelia,2012,1068.0,168.2,False
Crimes in the Sphere of Economic Activity,Komi Republic,2012,1046.0,118.4,False
Crimes in the Sphere of Economic Activity,Arkhangelsk Oblast,2012,1344.0,115.7,False
Crimes in the Sphere of Economic Activity,Nenets Autonomous Okrug,2012,40.0,94.9,False
Crimes in the Sphere of Economic Activity,Vologda Oblast,2012,1362.0,113.7,False
Crimes in the Sphere of Economic Activity,Kaliningrad Oblast,2012,948.0,100.1,False
Crimes in the Sphere of Economic Activity,Leningrad Oblast,2012,1396.0,80.1,False
Crimes in the Sphere of Economic Activity,Murmansk Oblast,2012,945.0,120.8,False
Crimes in the Sphere of Economic Activity,Novgorod Oblast,2012,920.0,146.2,False
Crimes in the Sphere of Economic Activity,Pskov Oblast,2012,631.0,94.8,False
Crimes in the Sphere of Economic Activity,Saint Petersburg,2012,2994.0,60.2,False
Crimes in the Sphere of Economic Activity,Republic of Dagestan,2012,2238.0,76.3,False
Crimes in the Sphere of Economic Activity,Republic of Ingushetia,2012,396.0,92.3,False
Crimes in the Sphere of Economic Activity,Kabardino-Balkar Republic,2012,928.0,107.7,False
Crimes in the Sphere of Economic Activity,Karachay-Cherkess Republic,2012,814.0,171.4,False
Crimes in the Sphere of Economic Activity,Republic of North Ossetia-Alania,2012,1266.0,178.6,False
Crimes in the Sphere of Economic Activity,Chechen Republic,2012,419.0,32.2,False
Crimes in the Sphere of Economic Activity,Stavropol Krai,2012,4318.0,154.3,False
Crimes in the Sphere of Economic Activity,Republic of Adygea,2012,527.0,118.4,False
Crimes in the Sphere of Economic Activity,Republic of Kalmykia,2012,405.0,141.4,False
Crimes in the Sphere of Economic Activity,Republic of Crimea,2012,,,False
Crimes in the Sphere of Economic Activity,Krasnodar Krai,2012,4910.0,92.7,False
Crimes in the Sphere of Economic Activity,Astrakhan Oblast,2012,1760.0,174.0,False
Crimes in the Sphere of Economic Activity,Volgograd Oblast,2012,3293.0,126.7,False
Crimes in the Sphere of Economic Activity,Rostov Oblast,2012,3116.0,73.1,False
Crimes in the Sphere of Economic Activity,Sevastopol,2012,,,False
Crimes in the Sphere of Economic Activity,Republic of Bashkortostan,2012,7038.0,172.8,False
Crimes in the Sphere of Economic Activity,Mari El Republic,2012,515.0,74.3,False
Crimes in the Sphere of Economic Activity,Republic of Mordovia,2012,1484.0,179.6,False
Crimes in the Sphere of Economic Activity,Republic of Tatarstan,2012,3754.0,98.5,False
Crimes in the Sphere of Economic Activity,Udmurt Republic,2012,1694.0,111.8,False
Crimes in the Sphere of Economic Activity,Chuvash Republic,2012,1867.0,149.9,False
Crimes in the Sphere of Economic Activity,Perm Krai,2012,3210.0,122.1,False
Crimes in the Sphere of Economic Activity,Kirov Oblast,2012,1564.0,118.5,False
Crimes in the Sphere of Economic Activity,Nizhny Novgorod Oblast,2012,7807.0,237.0,False
Crimes in the Sphere of Economic Activity,Orenburg Oblast,2012,1216.0,60.3,False
Crimes in the Sphere of Economic Activity,Penza Oblast,2012,987.0,71.8,False
Crimes in the Sphere of Economic Activity,Samara Oblast,2012,3019.0,93.8,False
Crimes in the Sphere of Economic Activity,Saratov Oblast,2012,2792.0,111.0,False
Crimes in the Sphere of Economic Activity,Ulyanovsk Oblast,2012,1236.0,96.5,False
Crimes in the Sphere of Economic Activity,Kurgan Oblast,2012,1148.0,128.5,False
Crimes in the Sphere of Economic Activity,Sverdlovsk Oblast,2012,5475.0,127.1,False
Crimes in the Sphere of Economic Activity,Tyumen Oblast,2012,2533.0,185.4,False
Crimes in the Sphere of Economic Activity,Khanty–Mansi Autonomous Okrug – Yugra,2012,2368.0,151.6,False
Crimes in the Sphere of Economic Activity,Yamalo-Nenets Autonomous Okrug,2012,819.0,153.7,False
Crimes in the Sphere of Economic Activity,Chelyabinsk Oblast,2012,6248.0,179.5,False
Crimes in the Sphere of Economic Activity,Altai Republic,2012,334.0,161.0,False
Crimes in the Sphere of Economic Activity,Republic of Buryatia,2012,766.0,78.9,False
Crimes in the Sphere of Economic Activity,Tuva Republic,2012,164.0,53.0,False
Crimes in the Sphere of Economic Activity,Republic of Khakassia,2012,479.0,90.0,False
Crimes in the Sphere of Economic Activity,Altai Krai,2012,1749.0,73.0,False
Crimes in the Sphere of Economic Activity,Zabaykalsky Krai,2012,1708.0,155.9,False
Crimes in the Sphere of Economic Activity,Krasnoyarsk Krai,2012,2647.0,93.2,False
Crimes in the Sphere of Economic Activity,Irkutsk Oblast,2012,1753.0,72.3,False
Crimes in the Sphere of Economic Activity,Kemerovo Oblast,2012,2997.0,109.0,False
Crimes in the Sphere of Economic Activity,Novosibirsk Oblast,2012,3494.0,130.0,False
Crimes in the Sphere of Economic Activity,Omsk Oblast,2012,3025.0,153.4,False
Crimes in the Sphere of Economic Activity,Tomsk Oblast,2012,1649.0,156.0,False
Crimes in the Sphere of Economic Activity,Sakha (Yakutia) Republic,2012,595.0,62.2,False
Crimes in the Sphere of Economic Activity,Kamchatka Krai,2012,458.0,143.9,False
Crimes in the Sphere of Economic Activity,Primorsky Krai,2012,1347.0,69.1,False
Crimes in the Sphere of Economic Activity,Khabarovsk Krai,2012,825.0,61.5,False
Crimes in the Sphere of Economic Activity,Amur Oblast,2012,276.0,33.6,False
Crimes in the Sphere of Economic Activity,Magadan Oblast,2012,142.0,92.0,False
Crimes in the Sphere of Economic Activity,Sakhalin Oblast,2012,532.0,107.8,False
Crimes in the Sphere of Economic Activity,Jewish Autonomous Oblast,2012,135.0,77.6,False
Crimes in the Sphere of Economic Activity,Chukotka Autonomous Okrug,2012,64.0,126.1,False
Murder,Russian Federation,2013,12151.0,8.5,True
Murder,Belgorod Oblast,2013,78.0,5.1,False
Murder,Bryansk Oblast,2013,89.0,7.1,False
Murder,Vladimir Oblast,2013,118.0,8.3,False
Murder,Voronezh Oblast,2013,121.0,5.2,False
Murder,Ivanovo Oblast,2013,74.0,7.1,False
Murder,Kaluga Oblast,2013,87.0,8.6,False
Murder,Kostroma Oblast,2013,37.0,5.7,False
Murder,Kursk Oblast,2013,65.0,5.8,False
Murder,Lipetsk Oblast,2013,93.0,8.0,False
Murder,Moscow Oblast,2013,507.0,6.9,False
Murder,Oryol Oblast,2013,60.0,7.7,False
Murder,Ryazan Oblast,2013,70.0,6.1,False
Murder,Smolensk Oblast,2013,61.0,6.3,False
Murder,Tambov Oblast,2013,59.0,5.5,False
Murder,Tver Oblast,2013,112.0,8.4,False
Murder,Tula Oblast,2013,130.0,8.4,False
Murder,Yaroslavl Oblast,2013,92.0,7.3,False
Murder,Moscow,2013,419.0,3.5,False
Murder,Republic of Karelia,2013,64.0,10.2,False
Murder,Komi Republic,2013,110.0,12.7,False
Murder,Arkhangelsk Oblast,2013,104.0,9.1,False
Murder,Nenets Autonomous Okrug,2013,9.0,21.3,False
Murder,Vologda Oblast,2013,92.0,7.7,False
Murder,Kaliningrad Oblast,2013,58.0,6.1,False
Murder,Leningrad Oblast,2013,162.0,9.2,False
Murder,Murmansk Oblast,2013,60.0,7.8,False
Murder,Novgorod Oblast,2013,72.0,11.5,False
Murder,Pskov Oblast,2013,71.0,10.8,False
Murder,Saint Petersburg,2013,241.0,4.8,False
Murder,Republic of Dagestan,2013,227.0,7.7,False
Murder,Republic of Ingushetia,2013,23.0,5.2,False
Murder,Kabardino-Balkar Republic,2013,41.0,4.7,False
Murder,Karachay-Cherkess Republic,2013,58.0,12.3,False
Murder,Republic of North Ossetia-Alania,2013,39.0,5.5,False
Murder,Chechen Republic,2013,53.0,4.0,False
Murder,Stavropol Krai,2013,177.0,6.3,False
Murder,Republic of Adygea,2013,20.0,4.4,False
Murder,Republic of Kalmykia,2013,25.0,8.8,False
Murder,Republic of Crimea,2013,,,False
Murder,Krasnodar Krai,2013,345.0,6.4,False
Murder,Astrakhan Oblast,2013,59.0,5.9,False
Murder,Volgograd Oblast,2013,191.0,7.4,False
Murder,Rostov Oblast,2013,232.0,5.4,False
Murder,Sevastopol,2013,,,False
Murder,Republic of Bashkortostan,2013,387.0,9.5,False
Murder,Mari El Republic,2013,60.0,8.7,False
Murder,Republic of Mordovia,2013,45.0,5.5,False
Murder,Republic of Tatarstan,2013,278.0,7.2,False
Murder,Udmurt Republic,2013,110.0,7.3,False
Murder,Chuvash Republic,2013,89.0,7.2,False
Murder,Perm Krai,2013,317.0,12.1,False
Murder,Kirov Oblast,2013,107.0,8.2,False
Murder,Nizhny Novgorod Oblast,2013,242.0,7.4,False
Murder,Orenburg Oblast,2013,217.0,10.8,False
Murder,Penza Oblast,2013,75.0,5.5,False
Murder,Samara Oblast,2013,226.0,7.0,False
Murder,Saratov Oblast,2013,126.0,5.0,False
Murder,Ulyanovsk Oblast,2013,98.0,7.7,False
Murder,Kurgan Oblast,2013,128.0,14.6,False
Murder,Sverdlovsk Oblast,2013,450.0,10.4,False
Murder,Tyumen Oblast,2013,125.0,9.0,False
Murder,Khanty–Mansi Autonomous Okrug – Yugra,2013,114.0,7.2,False
Murder,Yamalo-Nenets Autonomous Okrug,2013,66.0,12.4,False
Murder,Chelyabinsk Oblast,2013,398.0,11.4,False
Murder,Altai Republic,2013,50.0,24.0,False
Murder,Republic of Buryatia,2013,172.0,17.7,False
Murder,Tuva Republic,2013,119.0,38.2,False
Murder,Republic of Khakassia,2013,86.0,16.1,False
Murder,Altai Krai,2013,205.0,8.6,False
Murder,Zabaykalsky Krai,2013,326.0,30.0,False
Murder,Krasnoyarsk Krai,2013,324.0,11.4,False
Murder,Irkutsk Oblast,2013,399.0,16.5,False
Murder,Kemerovo Oblast,2013,354.0,12.9,False
Murder,Novosibirsk Oblast,2013,251.0,9.3,False
Murder,Omsk Oblast,2013,170.0,8.6,False
Murder,Tomsk Oblast,2013,99.0,9.3,False
Murder,Sakha (Yakutia) Republic,2013,162.0,16.9,False
Murder,Kamchatka Krai,2013,33.0,10.4,False
Murder,Primorsky Krai,2013,343.0,17.7,False
Murder,Khabarovsk Krai,2013,221.0,16.5,False
Murder,Amur Oblast,2013,159.0,19.5,False
Murder,Magadan Oblast,2013,30.0,19.7,False
Murder,Sakhalin Oblast,2013,69.0,14.1,False
Murder,Jewish Autonomous Oblast,2013,38.0,22.1,False
Murder,Chukotka Autonomous Okrug,2013,7.0,13.9,False
Intentional Bodily Harm,Russian Federation,2013,34786.0,24.2,True
Intentional Bodily Harm,Belgorod Oblast,2013,203.0,13.2,False
Intentional Bodily Harm,Bryansk Oblast,2013,280.0,22.4,False
Intentional Bodily Harm,Vladimir Oblast,2013,288.0,20.2,False
Intentional Bodily Harm,Voronezh Oblast,2013,348.0,14.9,False
Intentional Bodily Harm,Ivanovo Oblast,2013,212.0,20.4,False
Intentional Bodily Harm,Kaluga Oblast,2013,222.0,21.8,False
Intentional Bodily Harm,Kostroma Oblast,2013,130.0,20.0,False
Intentional Bodily Harm,Kursk Oblast,2013,212.0,19.0,False
Intentional Bodily Harm,Lipetsk Oblast,2013,183.0,15.7,False
Intentional Bodily Harm,Moscow Oblast,2013,1401.0,19.0,False
Intentional Bodily Harm,Oryol Oblast,2013,115.0,14.8,False
Intentional Bodily Harm,Ryazan Oblast,2013,174.0,15.2,False
Intentional Bodily Harm,Smolensk Oblast,2013,184.0,19.0,False
Intentional Bodily Harm,Tambov Oblast,2013,153.0,14.2,False
Intentional Bodily Harm,Tver Oblast,2013,305.0,22.9,False
Intentional Bodily Harm,Tula Oblast,2013,304.0,19.7,False
Intentional Bodily Harm,Yaroslavl Oblast,2013,255.0,20.1,False
Intentional Bodily Harm,Moscow,2013,1222.0,10.3,False
Intentional Bodily Harm,Republic of Karelia,2013,157.0,25.1,False
Intentional Bodily Harm,Komi Republic,2013,371.0,42.8,False
Intentional Bodily Harm,Arkhangelsk Oblast,2013,289.0,25.3,False
Intentional Bodily Harm,Nenets Autonomous Okrug,2013,16.0,37.9,False
Intentional Bodily Harm,Vologda Oblast,2013,326.0,27.3,False
Intentional Bodily Harm,Kaliningrad Oblast,2013,177.0,18.5,False
Intentional Bodily Harm,Leningrad Oblast,2013,309.0,17.5,False
Intentional Bodily Harm,Murmansk Oblast,2013,168.0,21.8,False
Intentional Bodily Harm,Novgorod Oblast,2013,165.0,26.4,False
Intentional Bodily Harm,Pskov Oblast,2013,179.0,27.2,False
Intentional Bodily Harm,Saint Petersburg,2013,559.0,11.0,False
Intentional Bodily Harm,Republic of Dagestan,2013,140.0,4.7,False
Intentional Bodily Harm,Republic of Ingushetia,2013,9.0,2.0,False
Intentional Bodily Harm,Kabardino-Balkar Republic,2013,91.0,10.5,False
Intentional Bodily Harm,Karachay-Cherkess Republic,2013,41.0,8.7,False
Intentional Bodily Harm,Republic of North Ossetia-Alania,2013,68.0,9.6,False
Intentional Bodily Harm,Chechen Republic,2013,16.0,1.2,False
Intentional Bodily Harm,Stavropol Krai,2013,389.0,13.8,False
Intentional Bodily Harm,Republic of Adygea,2013,55.0,12.2,False
Intentional Bodily Harm,Republic of Kalmykia,2013,62.0,21.9,False
Intentional Bodily Harm,Republic of Crimea,2013,,,False
Intentional Bodily Harm,Krasnodar Krai,2013,823.0,15.4,False
Intentional Bodily Harm,Astrakhan Oblast,2013,190.0,18.9,False
Intentional Bodily Harm,Volgograd Oblast,2013,562.0,21.7,False
Intentional Bodily Harm,Rostov Oblast,2013,621.0,14.6,False
Intentional Bodily Harm,Sevastopol,2013,,,False
Intentional Bodily Harm,Republic of Bashkortostan,2013,1020.0,25.0,False
Intentional Bodily Harm,Mari El Republic,2013,189.0,27.3,False
Intentional Bodily Harm,Republic of Mordovia,2013,143.0,17.4,False
Intentional Bodily Harm,Republic of Tatarstan,2013,661.0,17.2,False
Intentional Bodily Harm,Udmurt Republic,2013,466.0,30.8,False
Intentional Bodily Harm,Chuvash Republic,2013,229.0,18.5,False
Intentional Bodily Harm,Perm Krai,2013,1099.0,41.8,False
Intentional Bodily Harm,Kirov Oblast,2013,318.0,24.4,False
Intentional Bodily Harm,Nizhny Novgorod Oblast,2013,625.0,19.0,False
Intentional Bodily Harm,Orenburg Oblast,2013,618.0,30.9,False
Intentional Bodily Harm,Penza Oblast,2013,236.0,17.3,False
Intentional Bodily Harm,Samara Oblast,2013,668.0,20.8,False
Intentional Bodily Harm,Saratov Oblast,2013,433.0,17.2,False
Intentional Bodily Harm,Ulyanovsk Oblast,2013,372.0,29.2,False
Intentional Bodily Harm,Kurgan Oblast,2013,265.0,30.1,False
Intentional Bodily Harm,Sverdlovsk Oblast,2013,1441.0,33.4,False
Intentional Bodily Harm,Tyumen Oblast,2013,555.0,39.8,False
Intentional Bodily Harm,Khanty–Mansi Autonomous Okrug – Yugra,2013,485.0,30.6,False
Intentional Bodily Harm,Yamalo-Nenets Autonomous Okrug,2013,210.0,39.3,False
Intentional Bodily Harm,Chelyabinsk Oblast,2013,1248.0,35.8,False
Intentional Bodily Harm,Altai Republic,2013,87.0,41.8,False
Intentional Bodily Harm,Republic of Buryatia,2013,489.0,50.3,False
Intentional Bodily Harm,Tuva Republic,2013,433.0,139.2,False
Intentional Bodily Harm,Republic of Khakassia,2013,248.0,46.5,False
Intentional Bodily Harm,Altai Krai,2013,719.0,30.2,False
Intentional Bodily Harm,Zabaykalsky Krai,2013,781.0,71.8,False
Intentional Bodily Harm,Krasnoyarsk Krai,2013,1175.0,41.3,False
Intentional Bodily Harm,Irkutsk Oblast,2013,1271.0,52.5,False
Intentional Bodily Harm,Kemerovo Oblast,2013,1536.0,56.1,False
Intentional Bodily Harm,Novosibirsk Oblast,2013,722.0,26.6,False
Intentional Bodily Harm,Omsk Oblast,2013,688.0,34.9,False
Intentional Bodily Harm,Tomsk Oblast,2013,381.0,35.8,False
Intentional Bodily Harm,Sakha (Yakutia) Republic,2013,512.0,53.5,False
Intentional Bodily Harm,Kamchatka Krai,2013,97.0,30.6,False
Intentional Bodily Harm,Primorsky Krai,2013,901.0,46.4,False
Intentional Bodily Harm,Khabarovsk Krai,2013,554.0,41.3,False
Intentional Bodily Harm,Amur Oblast,2013,367.0,45.0,False
Intentional Bodily Harm,Magadan Oblast,2013,68.0,44.7,False
Intentional Bodily Harm,Sakhalin Oblast,2013,220.0,44.9,False
Intentional Bodily Harm,Jewish Autonomous Oblast,2013,94.0,54.7,False
Intentional Bodily Harm,Chukotka Autonomous Okrug,2013,48.0,95.3,False
Rape,Russian Federation,2013,4246.0,3.0,True
Rape,Belgorod Oblast,2013,28.0,1.8,False
Rape,Bryansk Oblast,2013,59.0,4.7,False
Rape,Vladimir Oblast,2013,35.0,2.5,False
Rape,Voronezh Oblast,2013,41.0,1.8,False
Rape,Ivanovo Oblast,2013,29.0,2.8,False
Rape,Kaluga Oblast,2013,48.0,4.7,False
Rape,Kostroma Oblast,2013,19.0,2.9,False
Rape,Kursk Oblast,2013,28.0,2.5,False
Rape,Lipetsk Oblast,2013,20.0,1.7,False
Rape,Moscow Oblast,2013,179.0,2.4,False
Rape,Oryol Oblast,2013,11.0,1.4,False
Rape,Ryazan Oblast,2013,14.0,1.2,False
Rape,Smolensk Oblast,2013,20.0,2.1,False
Rape,Tambov Oblast,2013,22.0,2.0,False
Rape,Tver Oblast,2013,23.0,1.7,False
Rape,Tula Oblast,2013,27.0,1.7,False
Rape,Yaroslavl Oblast,2013,20.0,1.6,False
Rape,Moscow,2013,217.0,1.8,False
Rape,Republic of Karelia,2013,19.0,3.0,False
Rape,Komi Republic,2013,44.0,5.1,False
Rape,Arkhangelsk Oblast,2013,47.0,4.1,False
Rape,Nenets Autonomous Okrug,2013,0.0,0.0,False
Rape,Vologda Oblast,2013,19.0,1.6,False
Rape,Kaliningrad Oblast,2013,13.0,1.4,False
Rape,Leningrad Oblast,2013,110.0,6.2,False
Rape,Murmansk Oblast,2013,12.0,1.6,False
Rape,Novgorod Oblast,2013,6.0,1.0,False
Rape,Pskov Oblast,2013,11.0,1.7,False
Rape,Saint Petersburg,2013,70.0,1.4,False
Rape,Republic of Dagestan,2013,50.0,1.7,False
Rape,Republic of Ingushetia,2013,0.0,0.0,False
Rape,Kabardino-Balkar Republic,2013,29.0,3.4,False
Rape,Karachay-Cherkess Republic,2013,18.0,3.8,False
Rape,Republic of North Ossetia-Alania,2013,9.0,1.3,False
Rape,Chechen Republic,2013,11.0,0.8,False
Rape,Stavropol Krai,2013,74.0,2.6,False
Rape,Republic of Adygea,2013,7.0,1.6,False
Rape,Republic of Kalmykia,2013,12.0,4.2,False
Rape,Republic of Crimea,2013,,,False
Rape,Krasnodar Krai,2013,106.0,2.0,False
Rape,Astrakhan Oblast,2013,67.0,6.7,False
Rape,Volgograd Oblast,2013,73.0,2.8,False
Rape,Rostov Oblast,2013,86.0,2.0,False
Rape,Sevastopol,2013,,,False
Rape,Republic of Bashkortostan,2013,109.0,2.7,False
Rape,Mari El Republic,2013,13.0,1.9,False
Rape,Republic of Mordovia,2013,13.0,1.6,False
Rape,Republic of Tatarstan,2013,149.0,3.9,False
Rape,Udmurt Republic,2013,52.0,3.4,False
Rape,Chuvash Republic,2013,68.0,5.5,False
Rape,Perm Krai,2013,166.0,6.3,False
Rape,Kirov Oblast,2013,52.0,4.0,False
Rape,Nizhny Novgorod Oblast,2013,44.0,1.3,False
Rape,Orenburg Oblast,2013,43.0,2.1,False
Rape,Penza Oblast,2013,26.0,1.9,False
Rape,Samara Oblast,2013,57.0,1.8,False
Rape,Saratov Oblast,2013,36.0,1.4,False
Rape,Ulyanovsk Oblast,2013,36.0,2.8,False
Rape,Kurgan Oblast,2013,38.0,4.3,False
Rape,Sverdlovsk Oblast,2013,213.0,4.9,False
Rape,Tyumen Oblast,2013,100.0,7.2,False
Rape,Khanty–Mansi Autonomous Okrug – Yugra,2013,36.0,2.3,False
Rape,Yamalo-Nenets Autonomous Okrug,2013,26.0,4.9,False
Rape,Chelyabinsk Oblast,2013,98.0,2.8,False
Rape,Altai Republic,2013,33.0,15.8,False
Rape,Republic of Buryatia,2013,51.0,5.3,False
Rape,Tuva Republic,2013,87.0,28.0,False
Rape,Republic of Khakassia,2013,23.0,4.3,False
Rape,Altai Krai,2013,70.0,2.9,False
Rape,Zabaykalsky Krai,2013,123.0,11.3,False
Rape,Krasnoyarsk Krai,2013,91.0,3.2,False
Rape,Irkutsk Oblast,2013,99.0,4.1,False
Rape,Kemerovo Oblast,2013,90.0,3.3,False
Rape,Novosibirsk Oblast,2013,87.0,3.2,False
Rape,Omsk Oblast,2013,59.0,3.0,False
Rape,Tomsk Oblast,2013,21.0,2.0,False
Rape,Sakha (Yakutia) Republic,2013,47.0,4.9,False
Rape,Kamchatka Krai,2013,19.0,6.0,False
Rape,Primorsky Krai,2013,103.0,5.3,False
Rape,Khabarovsk Krai,2013,42.0,3.1,False
Rape,Amur Oblast,2013,29.0,3.6,False
Rape,Magadan Oblast,2013,10.0,6.6,False
Rape,Sakhalin Oblast,2013,12.0,2.5,False
Rape,Jewish Autonomous Oblast,2013,4.0,2.3,False
Rape,Chukotka Autonomous Okrug,2013,12.0,23.8,False
Theft,Russian Federation,2013,922562.0,642.5,True
Theft,Belgorod Oblast,2013,6455.0,418.6,False
Theft,Bryansk Oblast,2013,7707.0,615.4,False
Theft,Vladimir Oblast,2013,7966.0,559.0,False
Theft,Voronezh Oblast,2013,16675.0,714.8,False
Theft,Ivanovo Oblast,2013,6158.0,592.6,False
Theft,Kaluga Oblast,2013,7054.0,693.8,False
Theft,Kostroma Oblast,2013,2577.0,395.8,False
Theft,Kursk Oblast,2013,5642.0,504.6,False
Theft,Lipetsk Oblast,2013,5549.0,475.7,False
Theft,Moscow Oblast,2013,46529.0,630.0,False
Theft,Oryol Oblast,2013,4875.0,628.9,False
Theft,Ryazan Oblast,2013,3359.0,292.9,False
Theft,Smolensk Oblast,2013,6043.0,622.5,False
Theft,Tambov Oblast,2013,3839.0,357.0,False
Theft,Tver Oblast,2013,8554.0,641.6,False
Theft,Tula Oblast,2013,4487.0,290.7,False
Theft,Yaroslavl Oblast,2013,7372.0,581.5,False
Theft,Moscow,2013,90127.0,760.6,False
Theft,Republic of Karelia,2013,4743.0,758.0,False
Theft,Komi Republic,2013,6509.0,750.6,False
Theft,Arkhangelsk Oblast,2013,9543.0,836.2,False
Theft,Nenets Autonomous Okrug,2013,182.0,430.7,False
Theft,Vologda Oblast,2013,10593.0,885.8,False
Theft,Kaliningrad Oblast,2013,7306.0,764.8,False
Theft,Leningrad Oblast,2013,8437.0,477.1,False
Theft,Murmansk Oblast,2013,5118.0,665.4,False
Theft,Novgorod Oblast,2013,5423.0,867.8,False
Theft,Pskov Oblast,2013,4392.0,667.1,False
Theft,Saint Petersburg,2013,20723.0,408.6,False
Theft,Republic of Dagestan,2013,2412.0,81.7,False
Theft,Republic of Ingushetia,2013,172.0,39.1,False
Theft,Kabardino-Balkar Republic,2013,2569.0,297.0,False
Theft,Karachay-Cherkess Republic,2013,913.0,193.3,False
Theft,Republic of North Ossetia-Alania,2013,978.0,138.5,False
Theft,Chechen Republic,2013,601.0,45.4,False
Theft,Stavropol Krai,2013,11573.0,411.4,False
Theft,Republic of Adygea,2013,1351.0,300.4,False
Theft,Republic of Kalmykia,2013,851.0,300.1,False
Theft,Republic of Crimea,2013,,,False
Theft,Krasnodar Krai,2013,26098.0,487.3,False
Theft,Astrakhan Oblast,2013,5473.0,543.2,False
Theft,Volgograd Oblast,2013,14733.0,568.7,False
Theft,Rostov Oblast,2013,25627.0,601.4,False
Theft,Sevastopol,2013,,,False
Theft,Republic of Bashkortostan,2013,20251.0,496.6,False
Theft,Mari El Republic,2013,3169.0,458.4,False
Theft,Republic of Mordovia,2013,2485.0,302.9,False
Theft,Republic of Tatarstan,2013,19184.0,499.4,False
Theft,Udmurt Republic,2013,9714.0,642.9,False
Theft,Chuvash Republic,2013,4162.0,335.5,False
Theft,Perm Krai,2013,25122.0,955.4,False
Theft,Kirov Oblast,2013,7479.0,574.2,False
Theft,Nizhny Novgorod Oblast,2013,17204.0,524.0,False
Theft,Orenburg Oblast,2013,11700.0,584.2,False
Theft,Penza Oblast,2013,4538.0,332.2,False
Theft,Samara Oblast,2013,22017.0,683.9,False
Theft,Saratov Oblast,2013,11748.0,467.0,False
Theft,Ulyanovsk Oblast,2013,5885.0,462.6,False
Theft,Kurgan Oblast,2013,6059.0,688.8,False
Theft,Sverdlovsk Oblast,2013,28566.0,661.9,False
Theft,Tyumen Oblast,2013,12936.0,928.0,False
Theft,Khanty–Mansi Autonomous Okrug – Yugra,2013,9125.0,575.4,False
Theft,Yamalo-Nenets Autonomous Okrug,2013,3025.0,566.4,False
Theft,Chelyabinsk Oblast,2013,26538.0,761.3,False
Theft,Altai Republic,2013,1932.0,927.3,False
Theft,Republic of Buryatia,2013,10542.0,1085.4,False
Theft,Tuva Republic,2013,2227.0,715.7,False
Theft,Republic of Khakassia,2013,4777.0,895.1,False
Theft,Altai Krai,2013,19139.0,804.8,False
Theft,Zabaykalsky Krai,2013,16422.0,1510.2,False
Theft,Krasnoyarsk Krai,2013,26527.0,931.5,False
Theft,Irkutsk Oblast,2013,26782.0,1105.2,False
Theft,Kemerovo Oblast,2013,26027.0,949.8,False
Theft,Novosibirsk Oblast,2013,23256.0,857.4,False
Theft,Omsk Oblast,2013,12464.0,633.1,False
Theft,Tomsk Oblast,2013,9255.0,870.5,False
Theft,Sakha (Yakutia) Republic,2013,4002.0,418.4,False
Theft,Kamchatka Krai,2013,2034.0,642.1,False
Theft,Primorsky Krai,2013,24852.0,1278.8,False
Theft,Khabarovsk Krai,2013,12932.0,964.7,False
Theft,Amur Oblast,2013,7782.0,954.7,False
Theft,Magadan Oblast,2013,1209.0,795.3,False
Theft,Sakhalin Oblast,2013,5299.0,1082.2,False
Theft,Jewish Autonomous Oblast,2013,1491.0,868.3,False
Theft,Chukotka Autonomous Okrug,2013,250.0,496.5,False
Robbery without violence,Russian Federation,2013,92069.0,64.1,True
Robbery without violence,Belgorod Oblast,2013,392.0,25.4,False
Robbery without violence,Bryansk Oblast,2013,553.0,44.2,False
Robbery without violence,Vladimir Oblast,2013,714.0,50.1,False
Robbery without violence,Voronezh Oblast,2013,1290.0,55.3,False
Robbery without violence,Ivanovo Oblast,2013,641.0,61.7,False
Robbery without violence,Kaluga Oblast,2013,554.0,54.5,False
Robbery without violence,Kostroma Oblast,2013,229.0,35.2,False
Robbery without violence,Kursk Oblast,2013,337.0,30.1,False
Robbery without violence,Lipetsk Oblast,2013,572.0,49.0,False
Robbery without violence,Moscow Oblast,2013,4995.0,67.6,False
Robbery without violence,Oryol Oblast,2013,344.0,44.4,False
Robbery without violence,Ryazan Oblast,2013,321.0,28.0,False
Robbery without violence,Smolensk Oblast,2013,521.0,53.7,False
Robbery without violence,Tambov Oblast,2013,268.0,24.9,False
Robbery without violence,Tver Oblast,2013,521.0,39.1,False
Robbery without violence,Tula Oblast,2013,511.0,33.1,False
Robbery without violence,Yaroslavl Oblast,2013,762.0,60.1,False
Robbery without violence,Moscow,2013,11135.0,94.0,False
Robbery without violence,Republic of Karelia,2013,396.0,63.3,False
Robbery without violence,Komi Republic,2013,633.0,73.0,False
Robbery without violence,Arkhangelsk Oblast,2013,954.0,83.6,False
Robbery without violence,Nenets Autonomous Okrug,2013,16.0,37.9,False
Robbery without violence,Vologda Oblast,2013,864.0,72.2,False
Robbery without violence,Kaliningrad Oblast,2013,658.0,68.9,False
Robbery without violence,Leningrad Oblast,2013,621.0,35.1,False
Robbery without violence,Murmansk Oblast,2013,414.0,53.8,False
Robbery without violence,Novgorod Oblast,2013,376.0,60.2,False
Robbery without violence,Pskov Oblast,2013,314.0,47.7,False
Robbery without violence,Saint Petersburg,2013,3061.0,60.4,False
Robbery without violence,Republic of Dagestan,2013,238.0,8.1,False
Robbery without violence,Republic of Ingushetia,2013,8.0,1.8,False
Robbery without violence,Kabardino-Balkar Republic,2013,207.0,23.9,False
Robbery without violence,Karachay-Cherkess Republic,2013,70.0,14.8,False
Robbery without violence,Republic of North Ossetia-Alania,2013,113.0,16.0,False
Robbery without violence,Chechen Republic,2013,25.0,1.9,False
Robbery without violence,Stavropol Krai,2013,932.0,33.1,False
Robbery without violence,Republic of Adygea,2013,86.0,19.1,False
Robbery without violence,Republic of Kalmykia,2013,58.0,20.5,False
Robbery without violence,Republic of Crimea,2013,,,False
Robbery without violence,Krasnodar Krai,2013,1620.0,30.2,False
Robbery without violence,Astrakhan Oblast,2013,592.0,58.8,False
Robbery without violence,Volgograd Oblast,2013,1709.0,66.0,False
Robbery without violence,Rostov Oblast,2013,2641.0,62.0,False
Robbery without violence,Sevastopol,2013,,,False
Robbery without violence,Republic of Bashkortostan,2013,1448.0,35.5,False
Robbery without violence,Mari El Republic,2013,398.0,57.6,False
Robbery without violence,Republic of Mordovia,2013,194.0,23.6,False
Robbery without violence,Republic of Tatarstan,2013,1511.0,39.3,False
Robbery without violence,Udmurt Republic,2013,1407.0,93.1,False
Robbery without violence,Chuvash Republic,2013,536.0,43.2,False
Robbery without violence,Perm Krai,2013,2503.0,95.2,False
Robbery without violence,Kirov Oblast,2013,706.0,54.2,False
Robbery without violence,Nizhny Novgorod Oblast,2013,2196.0,66.9,False
Robbery without violence,Orenburg Oblast,2013,1287.0,64.3,False
Robbery without violence,Penza Oblast,2013,314.0,23.0,False
Robbery without violence,Samara Oblast,2013,2353.0,73.1,False
Robbery without violence,Saratov Oblast,2013,933.0,37.1,False
Robbery without violence,Ulyanovsk Oblast,2013,650.0,51.1,False
Robbery without violence,Kurgan Oblast,2013,446.0,50.7,False
Robbery without violence,Sverdlovsk Oblast,2013,2945.0,68.2,False
Robbery without violence,Tyumen Oblast,2013,1267.0,90.9,False
Robbery without violence,Khanty–Mansi Autonomous Okrug – Yugra,2013,553.0,34.9,False
Robbery without violence,Yamalo-Nenets Autonomous Okrug,2013,151.0,28.3,False
Robbery without violence,Chelyabinsk Oblast,2013,3055.0,87.6,False
Robbery without violence,Altai Republic,2013,96.0,46.1,False
Robbery without violence,Republic of Buryatia,2013,878.0,90.4,False
Robbery without violence,Tuva Republic,2013,300.0,96.4,False
Robbery without violence,Republic of Khakassia,2013,342.0,64.1,False
Robbery without violence,Altai Krai,2013,1271.0,53.4,False
Robbery without violence,Zabaykalsky Krai,2013,1288.0,118.4,False
Robbery without violence,Krasnoyarsk Krai,2013,2414.0,84.8,False
Robbery without violence,Irkutsk Oblast,2013,4248.0,175.3,False
Robbery without violence,Kemerovo Oblast,2013,3788.0,138.2,False
Robbery without violence,Novosibirsk Oblast,2013,2354.0,86.8,False
Robbery without violence,Omsk Oblast,2013,1032.0,52.4,False
Robbery without violence,Tomsk Oblast,2013,1143.0,107.5,False
Robbery without violence,Sakha (Yakutia) Republic,2013,427.0,44.6,False
Robbery without violence,Kamchatka Krai,2013,163.0,51.5,False
Robbery without violence,Primorsky Krai,2013,2330.0,119.9,False
Robbery without violence,Khabarovsk Krai,2013,1584.0,118.2,False
Robbery without violence,Amur Oblast,2013,803.0,98.5,False
Robbery without violence,Magadan Oblast,2013,94.0,61.8,False
Robbery without violence,Sakhalin Oblast,2013,425.0,86.8,False
Robbery without violence,Jewish Autonomous Oblast,2013,163.0,94.9,False
Robbery without violence,Chukotka Autonomous Okrug,2013,21.0,41.7,False
Robbery with violence,Russian Federation,2013,16416.0,11.4,True
Robbery with violence,Belgorod Oblast,2013,56.0,3.6,False
Robbery with violence,Bryansk Oblast,2013,99.0,7.9,False
Robbery with violence,Vladimir Oblast,2013,132.0,9.3,False
Robbery with violence,Voronezh Oblast,2013,285.0,12.2,False
Robbery with violence,Ivanovo Oblast,2013,116.0,11.2,False
Robbery with violence,Kaluga Oblast,2013,126.0,12.4,False
Robbery with violence,Kostroma Oblast,2013,45.0,6.9,False
Robbery with violence,Kursk Oblast,2013,57.0,5.1,False
Robbery with violence,Lipetsk Oblast,2013,62.0,5.3,False
Robbery with violence,Moscow Oblast,2013,1119.0,15.2,False
Robbery with violence,Oryol Oblast,2013,52.0,6.7,False
Robbery with violence,Ryazan Oblast,2013,89.0,7.8,False
Robbery with violence,Smolensk Oblast,2013,63.0,6.5,False
Robbery with violence,Tambov Oblast,2013,51.0,4.7,False
Robbery with violence,Tver Oblast,2013,105.0,7.9,False
Robbery with violence,Tula Oblast,2013,92.0,6.0,False
Robbery with violence,Yaroslavl Oblast,2013,149.0,11.8,False
Robbery with violence,Moscow,2013,2462.0,20.8,False
Robbery with violence,Republic of Karelia,2013,62.0,9.9,False
Robbery with violence,Komi Republic,2013,90.0,10.4,False
Robbery with violence,Arkhangelsk Oblast,2013,140.0,12.3,False
Robbery with violence,Nenets Autonomous Okrug,2013,1.0,2.4,False
Robbery with violence,Vologda Oblast,2013,109.0,9.1,False
Robbery with violence,Kaliningrad Oblast,2013,100.0,10.5,False
Robbery with violence,Leningrad Oblast,2013,173.0,9.8,False
Robbery with violence,Murmansk Oblast,2013,43.0,5.6,False
Robbery with violence,Novgorod Oblast,2013,52.0,8.3,False
Robbery with violence,Pskov Oblast,2013,57.0,8.7,False
Robbery with violence,Saint Petersburg,2013,710.0,14.0,False
Robbery with violence,Republic of Dagestan,2013,120.0,4.1,False
Robbery with violence,Republic of Ingushetia,2013,9.0,2.0,False
Robbery with violence,Kabardino-Balkar Republic,2013,89.0,10.3,False
Robbery with violence,Karachay-Cherkess Republic,2013,15.0,3.2,False
Robbery with violence,Republic of North Ossetia-Alania,2013,32.0,4.5,False
Robbery with violence,Chechen Republic,2013,26.0,2.0,False
Robbery with violence,Stavropol Krai,2013,222.0,7.9,False
Robbery with violence,Republic of Adygea,2013,17.0,3.8,False
Robbery with violence,Republic of Kalmykia,2013,10.0,3.5,False
Robbery with violence,Republic of Crimea,2013,,,False
Robbery with violence,Krasnodar Krai,2013,338.0,6.3,False
Robbery with violence,Astrakhan Oblast,2013,109.0,10.8,False
Robbery with violence,Volgograd Oblast,2013,260.0,10.0,False
Robbery with violence,Rostov Oblast,2013,443.0,10.4,False
Robbery with violence,Sevastopol,2013,,,False
Robbery with violence,Republic of Bashkortostan,2013,304.0,7.5,False
Robbery with violence,Mari El Republic,2013,43.0,6.2,False
Robbery with violence,Republic of Mordovia,2013,44.0,5.4,False
Robbery with violence,Republic of Tatarstan,2013,312.0,8.1,False
Robbery with violence,Udmurt Republic,2013,195.0,12.9,False
Robbery with violence,Chuvash Republic,2013,73.0,5.9,False
Robbery with violence,Perm Krai,2013,373.0,14.2,False
Robbery with violence,Kirov Oblast,2013,99.0,7.6,False
Robbery with violence,Nizhny Novgorod Oblast,2013,280.0,8.5,False
Robbery with violence,Orenburg Oblast,2013,198.0,9.9,False
Robbery with violence,Penza Oblast,2013,43.0,3.1,False
Robbery with violence,Samara Oblast,2013,345.0,10.7,False
Robbery with violence,Saratov Oblast,2013,158.0,6.3,False
Robbery with violence,Ulyanovsk Oblast,2013,194.0,15.3,False
Robbery with violence,Kurgan Oblast,2013,103.0,11.7,False
Robbery with violence,Sverdlovsk Oblast,2013,513.0,11.9,False
Robbery with violence,Tyumen Oblast,2013,191.0,13.7,False
Robbery with violence,Khanty–Mansi Autonomous Okrug – Yugra,2013,128.0,8.1,False
Robbery with violence,Yamalo-Nenets Autonomous Okrug,2013,38.0,7.1,False
Robbery with violence,Chelyabinsk Oblast,2013,473.0,13.6,False
Robbery with violence,Altai Republic,2013,13.0,6.2,False
Robbery with violence,Republic of Buryatia,2013,104.0,10.7,False
Robbery with violence,Tuva Republic,2013,83.0,26.7,False
Robbery with violence,Republic of Khakassia,2013,43.0,8.1,False
Robbery with violence,Altai Krai,2013,127.0,5.3,False
Robbery with violence,Zabaykalsky Krai,2013,298.0,27.4,False
Robbery with violence,Krasnoyarsk Krai,2013,410.0,14.4,False
Robbery with violence,Irkutsk Oblast,2013,531.0,21.9,False
Robbery with violence,Kemerovo Oblast,2013,506.0,18.5,False
Robbery with violence,Novosibirsk Oblast,2013,455.0,16.8,False
Robbery with violence,Omsk Oblast,2013,227.0,11.5,False
Robbery with violence,Tomsk Oblast,2013,113.0,10.6,False
Robbery with violence,Sakha (Yakutia) Republic,2013,82.0,8.6,False
Robbery with violence,Kamchatka Krai,2013,17.0,5.4,False
Robbery with violence,Primorsky Krai,2013,408.0,21.0,False
Robbery with violence,Khabarovsk Krai,2013,164.0,12.2,False
Robbery with violence,Amur Oblast,2013,133.0,16.3,False
Robbery with violence,Magadan Oblast,2013,12.0,7.9,False
Robbery with violence,Sakhalin Oblast,2013,38.0,7.8,False
Robbery with violence,Jewish Autonomous Oblast,2013,20.0,11.6,False
Robbery with violence,Chukotka Autonomous Okrug,2013,3.0,6.0,False
Extortion,Russian Federation,2013,6594.0,4.6,True
Extortion,Belgorod Oblast,2013,36.0,2.3,False
Extortion,Bryansk Oblast,2013,19.0,1.5,False
Extortion,Vladimir Oblast,2013,24.0,1.7,False
Extortion,Voronezh Oblast,2013,37.0,1.6,False
Extortion,Ivanovo Oblast,2013,22.0,2.1,False
Extortion,Kaluga Oblast,2013,49.0,4.8,False
Extortion,Kostroma Oblast,2013,19.0,2.9,False
Extortion,Kursk Oblast,2013,7.0,0.6,False
Extortion,Lipetsk Oblast,2013,13.0,1.1,False
Extortion,Moscow Oblast,2013,474.0,6.4,False
Extortion,Oryol Oblast,2013,17.0,2.2,False
Extortion,Ryazan Oblast,2013,39.0,3.4,False
Extortion,Smolensk Oblast,2013,26.0,2.7,False
Extortion,Tambov Oblast,2013,22.0,2.0,False
Extortion,Tver Oblast,2013,17.0,1.3,False
Extortion,Tula Oblast,2013,7.0,0.5,False
Extortion,Yaroslavl Oblast,2013,17.0,1.3,False
Extortion,Moscow,2013,768.0,6.5,False
Extortion,Republic of Karelia,2013,22.0,3.5,False
Extortion,Komi Republic,2013,72.0,8.3,False
Extortion,Arkhangelsk Oblast,2013,48.0,4.2,False
Extortion,Nenets Autonomous Okrug,2013,0.0,0.0,False
Extortion,Vologda Oblast,2013,45.0,3.8,False
Extortion,Kaliningrad Oblast,2013,7.0,0.7,False
Extortion,Leningrad Oblast,2013,29.0,1.6,False
Extortion,Murmansk Oblast,2013,21.0,2.7,False
Extortion,Novgorod Oblast,2013,18.0,2.9,False
Extortion,Pskov Oblast,2013,10.0,1.5,False
Extortion,Saint Petersburg,2013,74.0,1.5,False
Extortion,Republic of Dagestan,2013,77.0,2.6,False
Extortion,Republic of Ingushetia,2013,4.0,0.9,False
Extortion,Kabardino-Balkar Republic,2013,29.0,3.4,False
Extortion,Karachay-Cherkess Republic,2013,12.0,2.5,False
Extortion,Republic of North Ossetia-Alania,2013,18.0,2.5,False
Extortion,Chechen Republic,2013,6.0,0.5,False
Extortion,Stavropol Krai,2013,102.0,3.6,False
Extortion,Republic of Adygea,2013,6.0,1.3,False
Extortion,Republic of Kalmykia,2013,19.0,6.7,False
Extortion,Republic of Crimea,2013,,,False
Extortion,Krasnodar Krai,2013,74.0,1.4,False
Extortion,Astrakhan Oblast,2013,36.0,3.6,False
Extortion,Volgograd Oblast,2013,61.0,2.4,False
Extortion,Rostov Oblast,2013,63.0,1.5,False
Extortion,Sevastopol,2013,,,False
Extortion,Republic of Bashkortostan,2013,104.0,2.6,False
Extortion,Mari El Republic,2013,34.0,4.9,False
Extortion,Republic of Mordovia,2013,17.0,2.1,False
Extortion,Republic of Tatarstan,2013,119.0,3.1,False
Extortion,Udmurt Republic,2013,92.0,6.1,False
Extortion,Chuvash Republic,2013,45.0,3.6,False
Extortion,Perm Krai,2013,96.0,3.7,False
Extortion,Kirov Oblast,2013,51.0,3.9,False
Extortion,Nizhny Novgorod Oblast,2013,781.0,23.8,False
Extortion,Orenburg Oblast,2013,63.0,3.1,False
Extortion,Penza Oblast,2013,17.0,1.2,False
Extortion,Samara Oblast,2013,97.0,3.0,False
Extortion,Saratov Oblast,2013,67.0,2.7,False
Extortion,Ulyanovsk Oblast,2013,49.0,3.9,False
Extortion,Kurgan Oblast,2013,39.0,4.4,False
Extortion,Sverdlovsk Oblast,2013,106.0,2.5,False
Extortion,Tyumen Oblast,2013,248.0,17.8,False
Extortion,Khanty–Mansi Autonomous Okrug – Yugra,2013,70.0,4.4,False
Extortion,Yamalo-Nenets Autonomous Okrug,2013,23.0,4.3,False
Extortion,Chelyabinsk Oblast,2013,605.0,17.4,False
Extortion,Altai Republic,2013,1.0,0.5,False
Extortion,Republic of Buryatia,2013,73.0,7.5,False
Extortion,Tuva Republic,2013,7.0,2.2,False
Extortion,Republic of Khakassia,2013,11.0,2.1,False
Extortion,Altai Krai,2013,151.0,6.3,False
Extortion,Zabaykalsky Krai,2013,70.0,6.4,False
Extortion,Krasnoyarsk Krai,2013,101.0,3.5,False
Extortion,Irkutsk Oblast,2013,79.0,3.3,False
Extortion,Kemerovo Oblast,2013,158.0,5.8,False
Extortion,Novosibirsk Oblast,2013,112.0,4.1,False
Extortion,Omsk Oblast,2013,14.0,0.7,False
Extortion,Tomsk Oblast,2013,33.0,3.1,False
Extortion,Sakha (Yakutia) Republic,2013,32.0,3.3,False
Extortion,Kamchatka Krai,2013,10.0,3.2,False
Extortion,Primorsky Krai,2013,137.0,7.0,False
Extortion,Khabarovsk Krai,2013,56.0,4.2,False
Extortion,Amur Oblast,2013,22.0,2.7,False
Extortion,Magadan Oblast,2013,6.0,3.9,False
Extortion,Sakhalin Oblast,2013,12.0,2.5,False
Extortion,Jewish Autonomous Oblast,2013,4.0,2.3,False
Extortion,Chukotka Autonomous Okrug,2013,6.0,11.9,False
Hooliganism,Russian Federation,2013,4850.0,3.4,True
Hooliganism,Belgorod Oblast,2013,13.0,0.8,False
Hooliganism,Bryansk Oblast,2013,36.0,2.9,False
Hooliganism,Vladimir Oblast,2013,40.0,2.8,False
Hooliganism,Voronezh Oblast,2013,46.0,2.0,False
Hooliganism,Ivanovo Oblast,2013,32.0,3.1,False
Hooliganism,Kaluga Oblast,2013,38.0,3.7,False
Hooliganism,Kostroma Oblast,2013,14.0,2.2,False
Hooliganism,Kursk Oblast,2013,8.0,0.7,False
Hooliganism,Lipetsk Oblast,2013,19.0,1.6,False
Hooliganism,Moscow Oblast,2013,207.0,2.8,False
Hooliganism,Oryol Oblast,2013,23.0,3.0,False
Hooliganism,Ryazan Oblast,2013,12.0,1.0,False
Hooliganism,Smolensk Oblast,2013,33.0,3.4,False
Hooliganism,Tambov Oblast,2013,40.0,3.7,False
Hooliganism,Tver Oblast,2013,22.0,1.7,False
Hooliganism,Tula Oblast,2013,26.0,1.7,False
Hooliganism,Yaroslavl Oblast,2013,26.0,2.1,False
Hooliganism,Moscow,2013,722.0,6.1,False
Hooliganism,Republic of Karelia,2013,30.0,4.8,False
Hooliganism,Komi Republic,2013,73.0,8.4,False
Hooliganism,Arkhangelsk Oblast,2013,41.0,3.6,False
Hooliganism,Nenets Autonomous Okrug,2013,1.0,2.4,False
Hooliganism,Vologda Oblast,2013,165.0,13.8,False
Hooliganism,Kaliningrad Oblast,2013,15.0,1.6,False
Hooliganism,Leningrad Oblast,2013,43.0,2.4,False
Hooliganism,Murmansk Oblast,2013,33.0,4.3,False
Hooliganism,Novgorod Oblast,2013,38.0,6.1,False
Hooliganism,Pskov Oblast,2013,11.0,1.7,False
Hooliganism,Saint Petersburg,2013,125.0,2.5,False
Hooliganism,Republic of Dagestan,2013,54.0,1.8,False
Hooliganism,Republic of Ingushetia,2013,7.0,1.6,False
Hooliganism,Kabardino-Balkar Republic,2013,6.0,0.7,False
Hooliganism,Karachay-Cherkess Republic,2013,4.0,0.8,False
Hooliganism,Republic of North Ossetia-Alania,2013,10.0,1.4,False
Hooliganism,Chechen Republic,2013,10.0,0.8,False
Hooliganism,Stavropol Krai,2013,146.0,5.2,False
Hooliganism,Republic of Adygea,2013,3.0,0.7,False
Hooliganism,Republic of Kalmykia,2013,8.0,2.8,False
Hooliganism,Republic of Crimea,2013,,,False
Hooliganism,Krasnodar Krai,2013,82.0,1.5,False
Hooliganism,Astrakhan Oblast,2013,46.0,4.6,False
Hooliganism,Volgograd Oblast,2013,124.0,4.8,False
Hooliganism,Rostov Oblast,2013,83.0,1.9,False
Hooliganism,Sevastopol,2013,,,False
Hooliganism,Republic of Bashkortostan,2013,90.0,2.2,False
Hooliganism,Mari El Republic,2013,29.0,4.2,False
Hooliganism,Republic of Mordovia,2013,23.0,2.8,False
Hooliganism,Republic of Tatarstan,2013,203.0,5.3,False
Hooliganism,Udmurt Republic,2013,136.0,9.0,False
Hooliganism,Chuvash Republic,2013,64.0,5.2,False
Hooliganism,Perm Krai,2013,82.0,3.1,False
Hooliganism,Kirov Oblast,2013,41.0,3.1,False
Hooliganism,Nizhny Novgorod Oblast,2013,45.0,1.4,False
Hooliganism,Orenburg Oblast,2013,19.0,0.9,False
Hooliganism,Penza Oblast,2013,12.0,0.9,False
Hooliganism,Samara Oblast,2013,101.0,3.1,False
Hooliganism,Saratov Oblast,2013,45.0,1.8,False
Hooliganism,Ulyanovsk Oblast,2013,32.0,2.5,False
Hooliganism,Kurgan Oblast,2013,33.0,3.8,False
Hooliganism,Sverdlovsk Oblast,2013,120.0,2.8,False
Hooliganism,Tyumen Oblast,2013,234.0,16.8,False
Hooliganism,Khanty–Mansi Autonomous Okrug – Yugra,2013,122.0,7.7,False
Hooliganism,Yamalo-Nenets Autonomous Okrug,2013,11.0,2.1,False
Hooliganism,Chelyabinsk Oblast,2013,170.0,4.9,False
Hooliganism,Altai Republic,2013,0.0,0.0,False
Hooliganism,Republic of Buryatia,2013,47.0,4.8,False
Hooliganism,Tuva Republic,2013,12.0,3.9,False
Hooliganism,Republic of Khakassia,2013,9.0,1.7,False
Hooliganism,Altai Krai,2013,40.0,1.7,False
Hooliganism,Zabaykalsky Krai,2013,24.0,2.2,False
Hooliganism,Krasnoyarsk Krai,2013,60.0,2.1,False
Hooliganism,Irkutsk Oblast,2013,45.0,1.9,False
Hooliganism,Kemerovo Oblast,2013,130.0,4.7,False
Hooliganism,Novosibirsk Oblast,2013,63.0,2.3,False
Hooliganism,Omsk Oblast,2013,23.0,1.2,False
Hooliganism,Tomsk Oblast,2013,19.0,1.8,False
Hooliganism,Sakha (Yakutia) Republic,2013,30.0,3.1,False
Hooliganism,Kamchatka Krai,2013,2.0,0.6,False
Hooliganism,Primorsky Krai,2013,46.0,2.4,False
Hooliganism,Khabarovsk Krai,2013,21.0,1.6,False
Hooliganism,Amur Oblast,2013,10.0,1.2,False
Hooliganism,Magadan Oblast,2013,3.0,2.0,False
Hooliganism,Sakhalin Oblast,2013,15.0,3.1,False
Hooliganism,Jewish Autonomous Oblast,2013,3.0,1.7,False
Hooliganism,Chukotka Autonomous Okrug,2013,2.0,4.0,False
Crimes in the Sphere of Economic Activity,Russian Federation,2013,141229.0,98.4,True
Crimes in the Sphere of Economic Activity,Belgorod Oblast,2013,1259.0,81.7,False
Crimes in the Sphere of Economic Activity,Bryansk Oblast,2013,1274.0,101.7,False
Crimes in the Sphere of Economic Activity,Vladimir Oblast,2013,1496.0,105.0,False
Crimes in the Sphere of Economic Activity,Voronezh Oblast,2013,1509.0,64.7,False
Crimes in the Sphere of Economic Activity,Ivanovo Oblast,2013,1021.0,98.3,False
Crimes in the Sphere of Economic Activity,Kaluga Oblast,2013,1281.0,126.0,False
Crimes in the Sphere of Economic Activity,Kostroma Oblast,2013,890.0,136.7,False
Crimes in the Sphere of Economic Activity,Kursk Oblast,2013,797.0,71.3,False
Crimes in the Sphere of Economic Activity,Lipetsk Oblast,2013,967.0,82.9,False
Crimes in the Sphere of Economic Activity,Moscow Oblast,2013,7882.0,106.7,False
Crimes in the Sphere of Economic Activity,Oryol Oblast,2013,1307.0,168.6,False
Crimes in the Sphere of Economic Activity,Ryazan Oblast,2013,961.0,83.8,False
Crimes in the Sphere of Economic Activity,Smolensk Oblast,2013,1053.0,108.5,False
Crimes in the Sphere of Economic Activity,Tambov Oblast,2013,745.0,69.3,False
Crimes in the Sphere of Economic Activity,Tver Oblast,2013,2102.0,157.7,False
Crimes in the Sphere of Economic Activity,Tula Oblast,2013,1455.0,94.3,False
Crimes in the Sphere of Economic Activity,Yaroslavl Oblast,2013,899.0,70.9,False
Crimes in the Sphere of Economic Activity,Moscow,2013,10282.0,86.8,False
Crimes in the Sphere of Economic Activity,Republic of Karelia,2013,547.0,87.4,False
Crimes in the Sphere of Economic Activity,Komi Republic,2013,815.0,94.0,False
Crimes in the Sphere of Economic Activity,Arkhangelsk Oblast,2013,1042.0,91.3,False
Crimes in the Sphere of Economic Activity,Nenets Autonomous Okrug,2013,40.0,94.7,False
Crimes in the Sphere of Economic Activity,Vologda Oblast,2013,1069.0,89.4,False
Crimes in the Sphere of Economic Activity,Kaliningrad Oblast,2013,795.0,83.2,False
Crimes in the Sphere of Economic Activity,Leningrad Oblast,2013,1315.0,74.4,False
Crimes in the Sphere of Economic Activity,Murmansk Oblast,2013,649.0,84.4,False
Crimes in the Sphere of Economic Activity,Novgorod Oblast,2013,703.0,112.5,False
Crimes in the Sphere of Economic Activity,Pskov Oblast,2013,460.0,69.9,False
Crimes in the Sphere of Economic Activity,Saint Petersburg,2013,3061.0,60.4,False
Crimes in the Sphere of Economic Activity,Republic of Dagestan,2013,1879.0,63.6,False
Crimes in the Sphere of Economic Activity,Republic of Ingushetia,2013,478.0,108.6,False
Crimes in the Sphere of Economic Activity,Kabardino-Balkar Republic,2013,1033.0,119.4,False
Crimes in the Sphere of Economic Activity,Karachay-Cherkess Republic,2013,704.0,149.0,False
Crimes in the Sphere of Economic Activity,Republic of North Ossetia-Alania,2013,1382.0,195.7,False
Crimes in the Sphere of Economic Activity,Chechen Republic,2013,418.0,31.5,False
Crimes in the Sphere of Economic Activity,Stavropol Krai,2013,4028.0,143.2,False
Crimes in the Sphere of Economic Activity,Republic of Adygea,2013,600.0,133.4,False
Crimes in the Sphere of Economic Activity,Republic of Kalmykia,2013,315.0,111.1,False
Crimes in the Sphere of Economic Activity,Republic of Crimea,2013,,,False
Crimes in the Sphere of Economic Activity,Krasnodar Krai,2013,3663.0,68.4,False
Crimes in the Sphere of Economic Activity,Astrakhan Oblast,2013,1368.0,135.8,False
Crimes in the Sphere of Economic Activity,Volgograd Oblast,2013,2687.0,103.7,False
Crimes in the Sphere of Economic Activity,Rostov Oblast,2013,2915.0,68.4,False
Crimes in the Sphere of Economic Activity,Sevastopol,2013,,,False
Crimes in the Sphere of Economic Activity,Republic of Bashkortostan,2013,2095.0,51.4,False
Crimes in the Sphere of Economic Activity,Mari El Republic,2013,345.0,49.9,False
Crimes in the Sphere of Economic Activity,Republic of Mordovia,2013,1342.0,163.6,False
Crimes in the Sphere of Economic Activity,Republic of Tatarstan,2013,3137.0,81.7,False
Crimes in the Sphere of Economic Activity,Udmurt Republic,2013,1661.0,109.9,False
Crimes in the Sphere of Economic Activity,Chuvash Republic,2013,1746.0,140.8,False
Crimes in the Sphere of Economic Activity,Perm Krai,2013,1492.0,56.7,False
Crimes in the Sphere of Economic Activity,Kirov Oblast,2013,1444.0,110.9,False
Crimes in the Sphere of Economic Activity,Nizhny Novgorod Oblast,2013,4971.0,151.4,False
Crimes in the Sphere of Economic Activity,Orenburg Oblast,2013,1174.0,58.6,False
Crimes in the Sphere of Economic Activity,Penza Oblast,2013,701.0,51.3,False
Crimes in the Sphere of Economic Activity,Samara Oblast,2013,3040.0,94.4,False
Crimes in the Sphere of Economic Activity,Saratov Oblast,2013,1867.0,74.2,False
Crimes in the Sphere of Economic Activity,Ulyanovsk Oblast,2013,970.0,76.3,False
Crimes in the Sphere of Economic Activity,Kurgan Oblast,2013,1211.0,137.7,False
Crimes in the Sphere of Economic Activity,Sverdlovsk Oblast,2013,3646.0,84.5,False
Crimes in the Sphere of Economic Activity,Tyumen Oblast,2013,1412.0,101.3,False
Crimes in the Sphere of Economic Activity,Khanty–Mansi Autonomous Okrug – Yugra,2013,1797.0,113.3,False
Crimes in the Sphere of Economic Activity,Yamalo-Nenets Autonomous Okrug,2013,677.0,126.8,False
Crimes in the Sphere of Economic Activity,Chelyabinsk Oblast,2013,6524.0,187.2,False
Crimes in the Sphere of Economic Activity,Altai Republic,2013,173.0,83.0,False
Crimes in the Sphere of Economic Activity,Republic of Buryatia,2013,547.0,56.3,False
Crimes in the Sphere of Economic Activity,Tuva Republic,2013,145.0,46.6,False
Crimes in the Sphere of Economic Activity,Republic of Khakassia,2013,461.0,86.4,False
Crimes in the Sphere of Economic Activity,Altai Krai,2013,1607.0,67.6,False
Crimes in the Sphere of Economic Activity,Zabaykalsky Krai,2013,2149.0,197.6,False
Crimes in the Sphere of Economic Activity,Krasnoyarsk Krai,2013,2444.0,85.8,False
Crimes in the Sphere of Economic Activity,Irkutsk Oblast,2013,1708.0,70.5,False
Crimes in the Sphere of Economic Activity,Kemerovo Oblast,2013,1874.0,68.4,False
Crimes in the Sphere of Economic Activity,Novosibirsk Oblast,2013,2339.0,86.2,False
Crimes in the Sphere of Economic Activity,Omsk Oblast,2013,2300.0,116.8,False
Crimes in the Sphere of Economic Activity,Tomsk Oblast,2013,623.0,58.6,False
Crimes in the Sphere of Economic Activity,Sakha (Yakutia) Republic,2013,433.0,45.3,False
Crimes in the Sphere of Economic Activity,Kamchatka Krai,2013,317.0,100.1,False
Crimes in the Sphere of Economic Activity,Primorsky Krai,2013,1380.0,71.0,False
Crimes in the Sphere of Economic Activity,Khabarovsk Krai,2013,937.0,69.9,False
Crimes in the Sphere of Economic Activity,Amur Oblast,2013,356.0,43.7,False
Crimes in the Sphere of Economic Activity,Magadan Oblast,2013,178.0,117.1,False
Crimes in the Sphere of Economic Activity,Sakhalin Oblast,2013,583.0,119.1,False
Crimes in the Sphere of Economic Activity,Jewish Autonomous Oblast,2013,87.0,50.7,False
Crimes in the Sphere of Economic Activity,Chukotka Autonomous Okrug,2013,45.0,89.4,False
Murder,Russian Federation,2014,11766.0,8.2,True
Murder,Belgorod Oblast,2014,61.0,3.9,False
Murder,Bryansk Oblast,2014,106.0,8.5,False
Murder,Vladimir Oblast,2014,123.0,8.7,False
Murder,Voronezh Oblast,2014,128.0,5.5,False
Murder,Ivanovo Oblast,2014,53.0,5.2,False
Murder,Kaluga Oblast,2014,80.0,7.8,False
Murder,Kostroma Oblast,2014,37.0,5.7,False
Murder,Kursk Oblast,2014,63.0,5.6,False
Murder,Lipetsk Oblast,2014,72.0,6.2,False
Murder,Moscow Oblast,2014,574.0,7.6,False
Murder,Oryol Oblast,2014,53.0,6.9,False
Murder,Ryazan Oblast,2014,55.0,4.8,False
Murder,Smolensk Oblast,2014,87.0,9.0,False
Murder,Tambov Oblast,2014,61.0,5.7,False
Murder,Tver Oblast,2014,124.0,9.4,False
Murder,Tula Oblast,2014,103.0,6.7,False
Murder,Yaroslavl Oblast,2014,78.0,6.2,False
Murder,Moscow,2014,373.0,3.1,False
Murder,Republic of Karelia,2014,78.0,12.7,False
Murder,Komi Republic,2014,104.0,12.2,False
Murder,Arkhangelsk Oblast,2014,143.0,12.8,False
Murder,Nenets Autonomous Okrug,2014,6.0,14.2,False
Murder,Vologda Oblast,2014,98.0,8.2,False
Murder,Kaliningrad Oblast,2014,60.0,6.2,False
Murder,Leningrad Oblast,2014,175.0,9.8,False
Murder,Murmansk Oblast,2014,53.0,7.0,False
Murder,Novgorod Oblast,2014,64.0,10.3,False
Murder,Pskov Oblast,2014,64.0,9.8,False
Murder,Saint Petersburg,2014,256.0,4.9,False
Murder,Republic of Dagestan,2014,148.0,5.0,False
Murder,Republic of Ingushetia,2014,17.0,3.8,False
Murder,Kabardino-Balkar Republic,2014,44.0,5.1,False
Murder,Karachay-Cherkess Republic,2014,49.0,10.4,False
Murder,Republic of North Ossetia-Alania,2014,34.0,4.8,False
Murder,Chechen Republic,2014,28.0,2.1,False
Murder,Stavropol Krai,2014,143.0,5.1,False
Murder,Republic of Adygea,2014,15.0,3.3,False
Murder,Republic of Kalmykia,2014,25.0,8.9,False
Murder,Republic of Crimea,2014,97.0,,False
Murder,Krasnodar Krai,2014,304.0,5.6,False
Murder,Astrakhan Oblast,2014,57.0,5.7,False
Murder,Volgograd Oblast,2014,158.0,6.1,False
Murder,Rostov Oblast,2014,273.0,6.4,False
Murder,Sevastopol,2014,22.0,,False
Murder,Republic of Bashkortostan,2014,388.0,9.5,False
Murder,Mari El Republic,2014,52.0,7.5,False
Murder,Republic of Mordovia,2014,32.0,3.9,False
Murder,Republic of Tatarstan,2014,289.0,7.5,False
Murder,Udmurt Republic,2014,110.0,7.3,False
Murder,Chuvash Republic,2014,93.0,7.5,False
Murder,Perm Krai,2014,259.0,9.9,False
Murder,Kirov Oblast,2014,93.0,7.2,False
Murder,Nizhny Novgorod Oblast,2014,240.0,7.3,False
Murder,Orenburg Oblast,2014,180.0,9.1,False
Murder,Penza Oblast,2014,59.0,4.3,False
Murder,Samara Oblast,2014,170.0,5.3,False
Murder,Saratov Oblast,2014,130.0,5.2,False
Murder,Ulyanovsk Oblast,2014,95.0,7.5,False
Murder,Kurgan Oblast,2014,139.0,16.0,False
Murder,Sverdlovsk Oblast,2014,457.0,10.6,False
Murder,Tyumen Oblast,2014,122.0,8.6,False
Murder,Khanty–Mansi Autonomous Okrug – Yugra,2014,109.0,6.8,False
Murder,Yamalo-Nenets Autonomous Okrug,2014,59.0,11.2,False
Murder,Chelyabinsk Oblast,2014,357.0,10.2,False
Murder,Altai Republic,2014,48.0,23.0,False
Murder,Republic of Buryatia,2014,195.0,20.0,False
Murder,Tuva Republic,2014,138.0,44.1,False
Murder,Republic of Khakassia,2014,87.0,16.3,False
Murder,Altai Krai,2014,199.0,8.4,False
Murder,Zabaykalsky Krai,2014,288.0,26.7,False
Murder,Krasnoyarsk Krai,2014,319.0,11.2,False
Murder,Irkutsk Oblast,2014,411.0,17.0,False
Murder,Kemerovo Oblast,2014,399.0,14.6,False
Murder,Novosibirsk Oblast,2014,233.0,8.5,False
Murder,Omsk Oblast,2014,129.0,6.6,False
Murder,Tomsk Oblast,2014,114.0,10.7,False
Murder,Sakha (Yakutia) Republic,2014,142.0,14.9,False
Murder,Kamchatka Krai,2014,32.0,10.2,False
Murder,Primorsky Krai,2014,325.0,16.8,False
Murder,Khabarovsk Krai,2014,189.0,14.1,False
Murder,Amur Oblast,2014,131.0,16.2,False
Murder,Magadan Oblast,2014,28.0,18.7,False
Murder,Sakhalin Oblast,2014,73.0,15.0,False
Murder,Jewish Autonomous Oblast,2014,20.0,11.8,False
Murder,Chukotka Autonomous Okrug,2014,11.0,22.0,False
Intentional Bodily Harm,Russian Federation,2014,32899.0,22.8,True
Intentional Bodily Harm,Belgorod Oblast,2014,175.0,11.3,False
Intentional Bodily Harm,Bryansk Oblast,2014,270.0,21.8,False
Intentional Bodily Harm,Vladimir Oblast,2014,249.0,17.6,False
Intentional Bodily Harm,Voronezh Oblast,2014,350.0,15.0,False
Intentional Bodily Harm,Ivanovo Oblast,2014,219.0,21.3,False
Intentional Bodily Harm,Kaluga Oblast,2014,219.0,21.5,False
Intentional Bodily Harm,Kostroma Oblast,2014,120.0,18.6,False
Intentional Bodily Harm,Kursk Oblast,2014,162.0,14.5,False
Intentional Bodily Harm,Lipetsk Oblast,2014,168.0,14.4,False
Intentional Bodily Harm,Moscow Oblast,2014,1308.0,17.4,False
Intentional Bodily Harm,Oryol Oblast,2014,121.0,15.7,False
Intentional Bodily Harm,Ryazan Oblast,2014,143.0,12.5,False
Intentional Bodily Harm,Smolensk Oblast,2014,186.0,19.3,False
Intentional Bodily Harm,Tambov Oblast,2014,150.0,14.0,False
Intentional Bodily Harm,Tver Oblast,2014,293.0,22.1,False
Intentional Bodily Harm,Tula Oblast,2014,298.0,19.4,False
Intentional Bodily Harm,Yaroslavl Oblast,2014,256.0,20.2,False
Intentional Bodily Harm,Moscow,2014,1153.0,9.6,False
Intentional Bodily Harm,Republic of Karelia,2014,159.0,25.8,False
Intentional Bodily Harm,Komi Republic,2014,348.0,40.8,False
Intentional Bodily Harm,Arkhangelsk Oblast,2014,330.0,29.4,False
Intentional Bodily Harm,Nenets Autonomous Okrug,2014,18.0,42.6,False
Intentional Bodily Harm,Vologda Oblast,2014,326.0,27.3,False
Intentional Bodily Harm,Kaliningrad Oblast,2014,171.0,17.7,False
Intentional Bodily Harm,Leningrad Oblast,2014,332.0,18.6,False
Intentional Bodily Harm,Murmansk Oblast,2014,192.0,25.5,False
Intentional Bodily Harm,Novgorod Oblast,2014,146.0,23.5,False
Intentional Bodily Harm,Pskov Oblast,2014,157.0,24.1,False
Intentional Bodily Harm,Saint Petersburg,2014,507.0,9.8,False
Intentional Bodily Harm,Republic of Dagestan,2014,119.0,4.0,False
Intentional Bodily Harm,Republic of Ingushetia,2014,12.0,2.7,False
Intentional Bodily Harm,Kabardino-Balkar Republic,2014,65.0,7.5,False
Intentional Bodily Harm,Karachay-Cherkess Republic,2014,53.0,11.3,False
Intentional Bodily Harm,Republic of North Ossetia-Alania,2014,55.0,7.8,False
Intentional Bodily Harm,Chechen Republic,2014,14.0,1.0,False
Intentional Bodily Harm,Stavropol Krai,2014,437.0,15.5,False
Intentional Bodily Harm,Republic of Adygea,2014,67.0,14.7,False
Intentional Bodily Harm,Republic of Kalmykia,2014,41.0,14.6,False
Intentional Bodily Harm,Republic of Crimea,2014,183.0,,False
Intentional Bodily Harm,Krasnodar Krai,2014,840.0,15.4,False
Intentional Bodily Harm,Astrakhan Oblast,2014,176.0,17.5,False
Intentional Bodily Harm,Volgograd Oblast,2014,467.0,18.1,False
Intentional Bodily Harm,Rostov Oblast,2014,575.0,13.5,False
Intentional Bodily Harm,Sevastopol,2014,28.0,,False
Intentional Bodily Harm,Republic of Bashkortostan,2014,995.0,24.3,False
Intentional Bodily Harm,Mari El Republic,2014,158.0,22.9,False
Intentional Bodily Harm,Republic of Mordovia,2014,167.0,20.5,False
Intentional Bodily Harm,Republic of Tatarstan,2014,613.0,15.8,False
Intentional Bodily Harm,Udmurt Republic,2014,463.0,30.7,False
Intentional Bodily Harm,Chuvash Republic,2014,208.0,16.8,False
Intentional Bodily Harm,Perm Krai,2014,923.0,35.1,False
Intentional Bodily Harm,Kirov Oblast,2014,276.0,21.5,False
Intentional Bodily Harm,Nizhny Novgorod Oblast,2014,529.0,16.2,False
Intentional Bodily Harm,Orenburg Oblast,2014,581.0,29.2,False
Intentional Bodily Harm,Penza Oblast,2014,219.0,16.1,False
Intentional Bodily Harm,Samara Oblast,2014,571.0,17.7,False
Intentional Bodily Harm,Saratov Oblast,2014,385.0,15.3,False
Intentional Bodily Harm,Ulyanovsk Oblast,2014,311.0,24.6,False
Intentional Bodily Harm,Kurgan Oblast,2014,309.0,35.6,False
Intentional Bodily Harm,Sverdlovsk Oblast,2014,1446.0,33.5,False
Intentional Bodily Harm,Tyumen Oblast,2014,533.0,37.5,False
Intentional Bodily Harm,Khanty–Mansi Autonomous Okrug – Yugra,2014,421.0,26.3,False
Intentional Bodily Harm,Yamalo-Nenets Autonomous Okrug,2014,195.0,36.9,False
Intentional Bodily Harm,Chelyabinsk Oblast,2014,1163.0,33.3,False
Intentional Bodily Harm,Altai Republic,2014,90.0,43.1,False
Intentional Bodily Harm,Republic of Buryatia,2014,451.0,46.4,False
Intentional Bodily Harm,Tuva Republic,2014,449.0,143.6,False
Intentional Bodily Harm,Republic of Khakassia,2014,234.0,43.7,False
Intentional Bodily Harm,Altai Krai,2014,694.0,29.4,False
Intentional Bodily Harm,Zabaykalsky Krai,2014,666.0,61.7,False
Intentional Bodily Harm,Krasnoyarsk Krai,2014,1108.0,38.8,False
Intentional Bodily Harm,Irkutsk Oblast,2014,1200.0,49.6,False
Intentional Bodily Harm,Kemerovo Oblast,2014,1439.0,52.7,False
Intentional Bodily Harm,Novosibirsk Oblast,2014,776.0,28.4,False
Intentional Bodily Harm,Omsk Oblast,2014,590.0,30.0,False
Intentional Bodily Harm,Tomsk Oblast,2014,381.0,35.7,False
Intentional Bodily Harm,Sakha (Yakutia) Republic,2014,453.0,47.4,False
Intentional Bodily Harm,Kamchatka Krai,2014,107.0,34.0,False
Intentional Bodily Harm,Primorsky Krai,2014,765.0,39.6,False
Intentional Bodily Harm,Khabarovsk Krai,2014,515.0,38.5,False
Intentional Bodily Harm,Amur Oblast,2014,323.0,39.9,False
Intentional Bodily Harm,Magadan Oblast,2014,67.0,44.7,False
Intentional Bodily Harm,Sakhalin Oblast,2014,224.0,46.1,False
Intentional Bodily Harm,Jewish Autonomous Oblast,2014,80.0,47.4,False
Intentional Bodily Harm,Chukotka Autonomous Okrug,2014,35.0,70.1,False
Rape,Russian Federation,2014,4163.0,2.9,True
Rape,Belgorod Oblast,2014,14.0,0.9,False
Rape,Bryansk Oblast,2014,31.0,2.5,False
Rape,Vladimir Oblast,2014,46.0,3.2,False
Rape,Voronezh Oblast,2014,44.0,1.9,False
Rape,Ivanovo Oblast,2014,26.0,2.5,False
Rape,Kaluga Oblast,2014,30.0,2.9,False
Rape,Kostroma Oblast,2014,20.0,3.1,False
Rape,Kursk Oblast,2014,29.0,2.6,False
Rape,Lipetsk Oblast,2014,16.0,1.4,False
Rape,Moscow Oblast,2014,162.0,2.2,False
Rape,Oryol Oblast,2014,18.0,2.3,False
Rape,Ryazan Oblast,2014,12.0,1.0,False
Rape,Smolensk Oblast,2014,18.0,1.9,False
Rape,Tambov Oblast,2014,12.0,1.1,False
Rape,Tver Oblast,2014,47.0,3.5,False
Rape,Tula Oblast,2014,18.0,1.2,False
Rape,Yaroslavl Oblast,2014,23.0,1.8,False
Rape,Moscow,2014,232.0,1.9,False
Rape,Republic of Karelia,2014,17.0,2.8,False
Rape,Komi Republic,2014,53.0,6.2,False
Rape,Arkhangelsk Oblast,2014,43.0,3.8,False
Rape,Nenets Autonomous Okrug,2014,0.0,0.0,False
Rape,Vologda Oblast,2014,17.0,1.4,False
Rape,Kaliningrad Oblast,2014,16.0,1.7,False
Rape,Leningrad Oblast,2014,35.0,2.0,False
Rape,Murmansk Oblast,2014,14.0,1.9,False
Rape,Novgorod Oblast,2014,10.0,1.6,False
Rape,Pskov Oblast,2014,9.0,1.4,False
Rape,Saint Petersburg,2014,58.0,1.1,False
Rape,Republic of Dagestan,2014,41.0,1.4,False
Rape,Republic of Ingushetia,2014,3.0,0.7,False
Rape,Kabardino-Balkar Republic,2014,18.0,2.1,False
Rape,Karachay-Cherkess Republic,2014,25.0,5.3,False
Rape,Republic of North Ossetia-Alania,2014,9.0,1.3,False
Rape,Chechen Republic,2014,7.0,0.5,False
Rape,Stavropol Krai,2014,74.0,2.6,False
Rape,Republic of Adygea,2014,18.0,4.0,False
Rape,Republic of Kalmykia,2014,21.0,7.5,False
Rape,Republic of Crimea,2014,24.0,,False
Rape,Krasnodar Krai,2014,105.0,1.9,False
Rape,Astrakhan Oblast,2014,22.0,2.2,False
Rape,Volgograd Oblast,2014,94.0,3.6,False
Rape,Rostov Oblast,2014,91.0,2.1,False
Rape,Sevastopol,2014,11.0,,False
Rape,Republic of Bashkortostan,2014,135.0,3.3,False
Rape,Mari El Republic,2014,15.0,2.2,False
Rape,Republic of Mordovia,2014,7.0,0.9,False
Rape,Republic of Tatarstan,2014,84.0,2.2,False
Rape,Udmurt Republic,2014,72.0,4.8,False
Rape,Chuvash Republic,2014,73.0,5.9,False
Rape,Perm Krai,2014,121.0,4.6,False
Rape,Kirov Oblast,2014,46.0,3.6,False
Rape,Nizhny Novgorod Oblast,2014,43.0,1.3,False
Rape,Orenburg Oblast,2014,80.0,4.0,False
Rape,Penza Oblast,2014,34.0,2.5,False
Rape,Samara Oblast,2014,54.0,1.7,False
Rape,Saratov Oblast,2014,64.0,2.5,False
Rape,Ulyanovsk Oblast,2014,40.0,3.2,False
Rape,Kurgan Oblast,2014,35.0,4.0,False
Rape,Sverdlovsk Oblast,2014,262.0,6.1,False
Rape,Tyumen Oblast,2014,58.0,4.1,False
Rape,Khanty–Mansi Autonomous Okrug – Yugra,2014,49.0,3.1,False
Rape,Yamalo-Nenets Autonomous Okrug,2014,13.0,2.5,False
Rape,Chelyabinsk Oblast,2014,104.0,3.0,False
Rape,Altai Republic,2014,27.0,12.9,False
Rape,Republic of Buryatia,2014,34.0,3.5,False
Rape,Tuva Republic,2014,67.0,21.4,False
Rape,Republic of Khakassia,2014,33.0,6.2,False
Rape,Altai Krai,2014,91.0,3.9,False
Rape,Zabaykalsky Krai,2014,93.0,8.6,False
Rape,Krasnoyarsk Krai,2014,127.0,4.4,False
Rape,Irkutsk Oblast,2014,75.0,3.1,False
Rape,Kemerovo Oblast,2014,77.0,2.8,False
Rape,Novosibirsk Oblast,2014,80.0,2.9,False
Rape,Omsk Oblast,2014,72.0,3.7,False
Rape,Tomsk Oblast,2014,20.0,1.9,False
Rape,Sakha (Yakutia) Republic,2014,71.0,7.4,False
Rape,Kamchatka Krai,2014,27.0,8.6,False
Rape,Primorsky Krai,2014,88.0,4.6,False
Rape,Khabarovsk Krai,2014,58.0,4.3,False
Rape,Amur Oblast,2014,35.0,4.3,False
Rape,Magadan Oblast,2014,5.0,3.3,False
Rape,Sakhalin Oblast,2014,19.0,3.9,False
Rape,Jewish Autonomous Oblast,2014,12.0,7.1,False
Rape,Chukotka Autonomous Okrug,2014,3.0,6.0,False
Theft,Russian Federation,2014,908901.0,631.1,True
Theft,Belgorod Oblast,2014,6298.0,407.5,False
Theft,Bryansk Oblast,2014,6984.0,563.0,False
Theft,Vladimir Oblast,2014,8589.0,605.6,False
Theft,Voronezh Oblast,2014,18675.0,800.5,False
Theft,Ivanovo Oblast,2014,6257.0,608.3,False
Theft,Kaluga Oblast,2014,7105.0,695.9,False
Theft,Kostroma Oblast,2014,2762.0,428.5,False
Theft,Kursk Oblast,2014,5377.0,481.2,False
Theft,Lipetsk Oblast,2014,4971.0,426.3,False
Theft,Moscow Oblast,2014,38510.0,512.1,False
Theft,Oryol Oblast,2014,4987.0,648.6,False
Theft,Ryazan Oblast,2014,3356.0,293.3,False
Theft,Smolensk Oblast,2014,5301.0,551.4,False
Theft,Tambov Oblast,2014,3889.0,363.9,False
Theft,Tver Oblast,2014,8546.0,645.4,False
Theft,Tula Oblast,2014,4652.0,302.4,False
Theft,Yaroslavl Oblast,2014,7423.0,586.4,False
Theft,Moscow,2014,93665.0,778.2,False
Theft,Republic of Karelia,2014,5349.0,868.5,False
Theft,Komi Republic,2014,6781.0,795.8,False
Theft,Arkhangelsk Oblast,2014,8101.0,722.3,False
Theft,Nenets Autonomous Okrug,2014,239.0,565.9,False
Theft,Vologda Oblast,2014,10462.0,877.0,False
Theft,Kaliningrad Oblast,2014,7880.0,817.4,False
Theft,Leningrad Oblast,2014,8329.0,465.4,False
Theft,Murmansk Oblast,2014,4836.0,641.3,False
Theft,Novgorod Oblast,2014,5575.0,897.7,False
Theft,Pskov Oblast,2014,4403.0,675.6,False
Theft,Saint Petersburg,2014,23481.0,451.9,False
Theft,Republic of Dagestan,2014,2235.0,75.1,False
Theft,Republic of Ingushetia,2014,157.0,34.9,False
Theft,Kabardino-Balkar Republic,2014,2336.0,269.3,False
Theft,Karachay-Cherkess Republic,2014,817.0,173.6,False
Theft,Republic of North Ossetia-Alania,2014,944.0,134.1,False
Theft,Chechen Republic,2014,665.0,49.4,False
Theft,Stavropol Krai,2014,11518.0,407.3,False
Theft,Republic of Adygea,2014,1532.0,337.1,False
Theft,Republic of Kalmykia,2014,790.0,280.9,False
Theft,Republic of Crimea,2014,12634.0,,False
Theft,Krasnodar Krai,2014,29088.0,534.4,False
Theft,Astrakhan Oblast,2014,4634.0,460.0,False
Theft,Volgograd Oblast,2014,15129.0,586.2,False
Theft,Rostov Oblast,2014,26101.0,613.3,False
Theft,Sevastopol,2014,4211.0,,False
Theft,Republic of Bashkortostan,2014,19668.0,480.3,False
Theft,Mari El Republic,2014,2668.0,386.6,False
Theft,Republic of Mordovia,2014,2404.0,295.0,False
Theft,Republic of Tatarstan,2014,17995.0,465.3,False
Theft,Udmurt Republic,2014,9300.0,617.0,False
Theft,Chuvash Republic,2014,4003.0,324.1,False
Theft,Perm Krai,2014,21754.0,827.7,False
Theft,Kirov Oblast,2014,6988.0,543.4,False
Theft,Nizhny Novgorod Oblast,2014,15175.0,463.8,False
Theft,Orenburg Oblast,2014,11661.0,586.5,False
Theft,Penza Oblast,2014,4410.0,325.1,False
Theft,Samara Oblast,2014,19900.0,618.0,False
Theft,Saratov Oblast,2014,10414.0,414.0,False
Theft,Ulyanovsk Oblast,2014,5937.0,469.7,False
Theft,Kurgan Oblast,2014,6406.0,738.0,False
Theft,Sverdlovsk Oblast,2014,27250.0,630.7,False
Theft,Tyumen Oblast,2014,11974.0,841.5,False
Theft,Khanty–Mansi Autonomous Okrug – Yugra,2014,7591.0,474.4,False
Theft,Yamalo-Nenets Autonomous Okrug,2014,2806.0,531.3,False
Theft,Chelyabinsk Oblast,2014,26628.0,762.8,False
Theft,Altai Republic,2014,1689.0,809.6,False
Theft,Republic of Buryatia,2014,10451.0,1074.3,False
Theft,Tuva Republic,2014,2428.0,776.4,False
Theft,Republic of Khakassia,2014,6157.0,1150.4,False
Theft,Altai Krai,2014,18492.0,783.7,False
Theft,Zabaykalsky Krai,2014,14992.0,1389.8,False
Theft,Krasnoyarsk Krai,2014,24370.0,853.7,False
Theft,Irkutsk Oblast,2014,23893.0,987.3,False
Theft,Kemerovo Oblast,2014,24864.0,910.5,False
Theft,Novosibirsk Oblast,2014,21982.0,803.5,False
Theft,Omsk Oblast,2014,11876.0,604.0,False
Theft,Tomsk Oblast,2014,8974.0,839.8,False
Theft,Sakha (Yakutia) Republic,2014,3804.0,397.8,False
Theft,Kamchatka Krai,2014,1905.0,606.2,False
Theft,Primorsky Krai,2014,19786.0,1023.8,False
Theft,Khabarovsk Krai,2014,13168.0,984.5,False
Theft,Amur Oblast,2014,7831.0,968.3,False
Theft,Magadan Oblast,2014,1097.0,732.3,False
Theft,Sakhalin Oblast,2014,4617.0,951.1,False
Theft,Jewish Autonomous Oblast,2014,1453.0,860.0,False
Theft,Chukotka Autonomous Okrug,2014,206.0,412.4,False
Robbery without violence,Russian Federation,2014,77725.0,54.0,True
Robbery without violence,Belgorod Oblast,2014,330.0,21.4,False
Robbery without violence,Bryansk Oblast,2014,433.0,34.9,False
Robbery without violence,Vladimir Oblast,2014,795.0,56.1,False
Robbery without violence,Voronezh Oblast,2014,1277.0,54.7,False
Robbery without violence,Ivanovo Oblast,2014,567.0,55.1,False
Robbery without violence,Kaluga Oblast,2014,553.0,54.2,False
Robbery without violence,Kostroma Oblast,2014,242.0,37.5,False
Robbery without violence,Kursk Oblast,2014,362.0,32.4,False
Robbery without violence,Lipetsk Oblast,2014,420.0,36.0,False
Robbery without violence,Moscow Oblast,2014,3317.0,44.1,False
Robbery without violence,Oryol Oblast,2014,330.0,42.9,False
Robbery without violence,Ryazan Oblast,2014,286.0,25.0,False
Robbery without violence,Smolensk Oblast,2014,416.0,43.3,False
Robbery without violence,Tambov Oblast,2014,254.0,23.8,False
Robbery without violence,Tver Oblast,2014,478.0,36.1,False
Robbery without violence,Tula Oblast,2014,338.0,22.0,False
Robbery without violence,Yaroslavl Oblast,2014,793.0,62.6,False
Robbery without violence,Moscow,2014,9232.0,76.7,False
Robbery without violence,Republic of Karelia,2014,333.0,54.1,False
Robbery without violence,Komi Republic,2014,685.0,80.4,False
Robbery without violence,Arkhangelsk Oblast,2014,732.0,65.3,False
Robbery without violence,Nenets Autonomous Okrug,2014,10.0,23.7,False
Robbery without violence,Vologda Oblast,2014,793.0,66.5,False
Robbery without violence,Kaliningrad Oblast,2014,630.0,65.4,False
Robbery without violence,Leningrad Oblast,2014,575.0,32.1,False
Robbery without violence,Murmansk Oblast,2014,325.0,43.1,False
Robbery without violence,Novgorod Oblast,2014,318.0,51.2,False
Robbery without violence,Pskov Oblast,2014,230.0,35.3,False
Robbery without violence,Saint Petersburg,2014,2470.0,47.5,False
Robbery without violence,Republic of Dagestan,2014,197.0,6.6,False
Robbery without violence,Republic of Ingushetia,2014,7.0,1.6,False
Robbery without violence,Kabardino-Balkar Republic,2014,160.0,18.4,False
Robbery without violence,Karachay-Cherkess Republic,2014,67.0,14.2,False
Robbery without violence,Republic of North Ossetia-Alania,2014,89.0,12.6,False
Robbery without violence,Chechen Republic,2014,17.0,1.3,False
Robbery without violence,Stavropol Krai,2014,786.0,27.8,False
Robbery without violence,Republic of Adygea,2014,101.0,22.2,False
Robbery without violence,Republic of Kalmykia,2014,56.0,19.9,False
Robbery without violence,Republic of Crimea,2014,1024.0,,False
Robbery without violence,Krasnodar Krai,2014,1595.0,29.3,False
Robbery without violence,Astrakhan Oblast,2014,475.0,47.2,False
Robbery without violence,Volgograd Oblast,2014,1463.0,56.7,False
Robbery without violence,Rostov Oblast,2014,2258.0,53.1,False
Robbery without violence,Sevastopol,2014,508.0,,False
Robbery without violence,Republic of Bashkortostan,2014,1219.0,29.8,False
Robbery without violence,Mari El Republic,2014,262.0,38.0,False
Robbery without violence,Republic of Mordovia,2014,162.0,19.9,False
Robbery without violence,Republic of Tatarstan,2014,1308.0,33.8,False
Robbery without violence,Udmurt Republic,2014,1219.0,80.9,False
Robbery without violence,Chuvash Republic,2014,423.0,34.2,False
Robbery without violence,Perm Krai,2014,1787.0,68.0,False
Robbery without violence,Kirov Oblast,2014,608.0,47.3,False
Robbery without violence,Nizhny Novgorod Oblast,2014,1477.0,45.1,False
Robbery without violence,Orenburg Oblast,2014,1120.0,56.3,False
Robbery without violence,Penza Oblast,2014,277.0,20.4,False
Robbery without violence,Samara Oblast,2014,2035.0,63.2,False
Robbery without violence,Saratov Oblast,2014,882.0,35.1,False
Robbery without violence,Ulyanovsk Oblast,2014,590.0,46.7,False
Robbery without violence,Kurgan Oblast,2014,384.0,44.2,False
Robbery without violence,Sverdlovsk Oblast,2014,2313.0,53.5,False
Robbery without violence,Tyumen Oblast,2014,1058.0,74.4,False
Robbery without violence,Khanty–Mansi Autonomous Okrug – Yugra,2014,405.0,25.3,False
Robbery without violence,Yamalo-Nenets Autonomous Okrug,2014,139.0,26.3,False
Robbery without violence,Chelyabinsk Oblast,2014,2768.0,79.3,False
Robbery without violence,Altai Republic,2014,75.0,35.9,False
Robbery without violence,Republic of Buryatia,2014,846.0,87.0,False
Robbery without violence,Tuva Republic,2014,246.0,78.7,False
Robbery without violence,Republic of Khakassia,2014,407.0,76.0,False
Robbery without violence,Altai Krai,2014,1038.0,44.0,False
Robbery without violence,Zabaykalsky Krai,2014,1151.0,106.7,False
Robbery without violence,Krasnoyarsk Krai,2014,1997.0,70.0,False
Robbery without violence,Irkutsk Oblast,2014,2948.0,121.8,False
Robbery without violence,Kemerovo Oblast,2014,3146.0,115.2,False
Robbery without violence,Novosibirsk Oblast,2014,2257.0,82.5,False
Robbery without violence,Omsk Oblast,2014,901.0,45.8,False
Robbery without violence,Tomsk Oblast,2014,927.0,86.8,False
Robbery without violence,Sakha (Yakutia) Republic,2014,403.0,42.1,False
Robbery without violence,Kamchatka Krai,2014,124.0,39.5,False
Robbery without violence,Primorsky Krai,2014,1535.0,79.4,False
Robbery without violence,Khabarovsk Krai,2014,1191.0,89.0,False
Robbery without violence,Amur Oblast,2014,654.0,80.9,False
Robbery without violence,Magadan Oblast,2014,57.0,38.0,False
Robbery without violence,Sakhalin Oblast,2014,344.0,70.9,False
Robbery without violence,Jewish Autonomous Oblast,2014,128.0,75.8,False
Robbery without violence,Chukotka Autonomous Okrug,2014,13.0,26.0,False
Robbery with violence,Russian Federation,2014,14340.0,10.0,True
Robbery with violence,Belgorod Oblast,2014,48.0,3.1,False
Robbery with violence,Bryansk Oblast,2014,91.0,7.3,False
Robbery with violence,Vladimir Oblast,2014,142.0,10.0,False
Robbery with violence,Voronezh Oblast,2014,323.0,13.8,False
Robbery with violence,Ivanovo Oblast,2014,99.0,9.6,False
Robbery with violence,Kaluga Oblast,2014,113.0,11.1,False
Robbery with violence,Kostroma Oblast,2014,39.0,6.1,False
Robbery with violence,Kursk Oblast,2014,46.0,4.1,False
Robbery with violence,Lipetsk Oblast,2014,58.0,5.0,False
Robbery with violence,Moscow Oblast,2014,771.0,10.3,False
Robbery with violence,Oryol Oblast,2014,32.0,4.2,False
Robbery with violence,Ryazan Oblast,2014,63.0,5.5,False
Robbery with violence,Smolensk Oblast,2014,60.0,6.2,False
Robbery with violence,Tambov Oblast,2014,30.0,2.8,False
Robbery with violence,Tver Oblast,2014,114.0,8.6,False
Robbery with violence,Tula Oblast,2014,101.0,6.6,False
Robbery with violence,Yaroslavl Oblast,2014,148.0,11.7,False
Robbery with violence,Moscow,2014,2013.0,16.7,False
Robbery with violence,Republic of Karelia,2014,49.0,8.0,False
Robbery with violence,Komi Republic,2014,94.0,11.0,False
Robbery with violence,Arkhangelsk Oblast,2014,121.0,10.8,False
Robbery with violence,Nenets Autonomous Okrug,2014,2.0,4.7,False
Robbery with violence,Vologda Oblast,2014,93.0,7.8,False
Robbery with violence,Kaliningrad Oblast,2014,90.0,9.3,False
Robbery with violence,Leningrad Oblast,2014,137.0,7.7,False
Robbery with violence,Murmansk Oblast,2014,51.0,6.8,False
Robbery with violence,Novgorod Oblast,2014,51.0,8.2,False
Robbery with violence,Pskov Oblast,2014,57.0,8.7,False
Robbery with violence,Saint Petersburg,2014,704.0,13.5,False
Robbery with violence,Republic of Dagestan,2014,93.0,3.1,False
Robbery with violence,Republic of Ingushetia,2014,13.0,2.9,False
Robbery with violence,Kabardino-Balkar Republic,2014,78.0,9.0,False
Robbery with violence,Karachay-Cherkess Republic,2014,14.0,3.0,False
Robbery with violence,Republic of North Ossetia-Alania,2014,29.0,4.1,False
Robbery with violence,Chechen Republic,2014,15.0,1.1,False
Robbery with violence,Stavropol Krai,2014,225.0,8.0,False
Robbery with violence,Republic of Adygea,2014,14.0,3.1,False
Robbery with violence,Republic of Kalmykia,2014,7.0,2.5,False
Robbery with violence,Republic of Crimea,2014,127.0,,False
Robbery with violence,Krasnodar Krai,2014,403.0,7.4,False
Robbery with violence,Astrakhan Oblast,2014,70.0,6.9,False
Robbery with violence,Volgograd Oblast,2014,214.0,8.3,False
Robbery with violence,Rostov Oblast,2014,367.0,8.6,False
Robbery with violence,Sevastopol,2014,52.0,,False
Robbery with violence,Republic of Bashkortostan,2014,243.0,5.9,False
Robbery with violence,Mari El Republic,2014,33.0,4.8,False
Robbery with violence,Republic of Mordovia,2014,33.0,4.0,False
Robbery with violence,Republic of Tatarstan,2014,273.0,7.1,False
Robbery with violence,Udmurt Republic,2014,168.0,11.1,False
Robbery with violence,Chuvash Republic,2014,50.0,4.0,False
Robbery with violence,Perm Krai,2014,239.0,9.1,False
Robbery with violence,Kirov Oblast,2014,82.0,6.4,False
Robbery with violence,Nizhny Novgorod Oblast,2014,200.0,6.1,False
Robbery with violence,Orenburg Oblast,2014,180.0,9.1,False
Robbery with violence,Penza Oblast,2014,36.0,2.7,False
Robbery with violence,Samara Oblast,2014,282.0,8.8,False
Robbery with violence,Saratov Oblast,2014,145.0,5.8,False
Robbery with violence,Ulyanovsk Oblast,2014,145.0,11.5,False
Robbery with violence,Kurgan Oblast,2014,106.0,12.2,False
Robbery with violence,Sverdlovsk Oblast,2014,430.0,10.0,False
Robbery with violence,Tyumen Oblast,2014,181.0,12.7,False
Robbery with violence,Khanty–Mansi Autonomous Okrug – Yugra,2014,101.0,6.3,False
Robbery with violence,Yamalo-Nenets Autonomous Okrug,2014,21.0,4.0,False
Robbery with violence,Chelyabinsk Oblast,2014,479.0,13.7,False
Robbery with violence,Altai Republic,2014,16.0,7.7,False
Robbery with violence,Republic of Buryatia,2014,91.0,9.4,False
Robbery with violence,Tuva Republic,2014,61.0,19.5,False
Robbery with violence,Republic of Khakassia,2014,53.0,9.9,False
Robbery with violence,Altai Krai,2014,116.0,4.9,False
Robbery with violence,Zabaykalsky Krai,2014,239.0,22.2,False
Robbery with violence,Krasnoyarsk Krai,2014,344.0,12.1,False
Robbery with violence,Irkutsk Oblast,2014,420.0,17.4,False
Robbery with violence,Kemerovo Oblast,2014,457.0,16.7,False
Robbery with violence,Novosibirsk Oblast,2014,487.0,17.8,False
Robbery with violence,Omsk Oblast,2014,217.0,11.0,False
Robbery with violence,Tomsk Oblast,2014,91.0,8.5,False
Robbery with violence,Sakha (Yakutia) Republic,2014,65.0,6.8,False
Robbery with violence,Kamchatka Krai,2014,18.0,5.7,False
Robbery with violence,Primorsky Krai,2014,329.0,17.0,False
Robbery with violence,Khabarovsk Krai,2014,146.0,10.9,False
Robbery with violence,Amur Oblast,2014,123.0,15.2,False
Robbery with violence,Magadan Oblast,2014,10.0,6.7,False
Robbery with violence,Sakhalin Oblast,2014,37.0,7.6,False
Robbery with violence,Jewish Autonomous Oblast,2014,14.0,8.3,False
Robbery with violence,Chukotka Autonomous Okrug,2014,3.0,6.0,False
Extortion,Russian Federation,2014,4541.0,3.2,True
Extortion,Belgorod Oblast,2014,34.0,2.2,False
Extortion,Bryansk Oblast,2014,22.0,1.8,False
Extortion,Vladimir Oblast,2014,30.0,2.1,False
Extortion,Voronezh Oblast,2014,31.0,1.3,False
Extortion,Ivanovo Oblast,2014,31.0,3.0,False
Extortion,Kaluga Oblast,2014,27.0,2.6,False
Extortion,Kostroma Oblast,2014,23.0,3.6,False
Extortion,Kursk Oblast,2014,11.0,1.0,False
Extortion,Lipetsk Oblast,2014,15.0,1.3,False
Extortion,Moscow Oblast,2014,173.0,2.3,False
Extortion,Oryol Oblast,2014,7.0,0.9,False
Extortion,Ryazan Oblast,2014,20.0,1.7,False
Extortion,Smolensk Oblast,2014,13.0,1.4,False
Extortion,Tambov Oblast,2014,11.0,1.0,False
Extortion,Tver Oblast,2014,15.0,1.1,False
Extortion,Tula Oblast,2014,9.0,0.6,False
Extortion,Yaroslavl Oblast,2014,14.0,1.1,False
Extortion,Moscow,2014,340.0,2.8,False
Extortion,Republic of Karelia,2014,17.0,2.8,False
Extortion,Komi Republic,2014,89.0,10.4,False
Extortion,Arkhangelsk Oblast,2014,58.0,5.2,False
Extortion,Nenets Autonomous Okrug,2014,1.0,2.4,False
Extortion,Vologda Oblast,2014,35.0,2.9,False
Extortion,Kaliningrad Oblast,2014,20.0,2.1,False
Extortion,Leningrad Oblast,2014,19.0,1.1,False
Extortion,Murmansk Oblast,2014,25.0,3.3,False
Extortion,Novgorod Oblast,2014,22.0,3.5,False
Extortion,Pskov Oblast,2014,6.0,0.9,False
Extortion,Saint Petersburg,2014,58.0,1.1,False
Extortion,Republic of Dagestan,2014,85.0,2.9,False
Extortion,Republic of Ingushetia,2014,4.0,0.9,False
Extortion,Kabardino-Balkar Republic,2014,17.0,2.0,False
Extortion,Karachay-Cherkess Republic,2014,19.0,4.0,False
Extortion,Republic of North Ossetia-Alania,2014,12.0,1.7,False
Extortion,Chechen Republic,2014,9.0,0.7,False
Extortion,Stavropol Krai,2014,72.0,2.5,False
Extortion,Republic of Adygea,2014,9.0,2.0,False
Extortion,Republic of Kalmykia,2014,5.0,1.8,False
Extortion,Republic of Crimea,2014,10.0,,False
Extortion,Krasnodar Krai,2014,103.0,1.9,False
Extortion,Astrakhan Oblast,2014,27.0,2.7,False
Extortion,Volgograd Oblast,2014,58.0,2.2,False
Extortion,Rostov Oblast,2014,59.0,1.4,False
Extortion,Sevastopol,2014,10.0,,False
Extortion,Republic of Bashkortostan,2014,84.0,2.1,False
Extortion,Mari El Republic,2014,30.0,4.3,False
Extortion,Republic of Mordovia,2014,24.0,2.9,False
Extortion,Republic of Tatarstan,2014,114.0,2.9,False
Extortion,Udmurt Republic,2014,94.0,6.2,False
Extortion,Chuvash Republic,2014,40.0,3.2,False
Extortion,Perm Krai,2014,84.0,3.2,False
Extortion,Kirov Oblast,2014,41.0,3.2,False
Extortion,Nizhny Novgorod Oblast,2014,309.0,9.4,False
Extortion,Orenburg Oblast,2014,49.0,2.5,False
Extortion,Penza Oblast,2014,14.0,1.0,False
Extortion,Samara Oblast,2014,79.0,2.5,False
Extortion,Saratov Oblast,2014,38.0,1.5,False
Extortion,Ulyanovsk Oblast,2014,55.0,4.4,False
Extortion,Kurgan Oblast,2014,20.0,2.3,False
Extortion,Sverdlovsk Oblast,2014,101.0,2.3,False
Extortion,Tyumen Oblast,2014,102.0,7.2,False
Extortion,Khanty–Mansi Autonomous Okrug – Yugra,2014,91.0,5.7,False
Extortion,Yamalo-Nenets Autonomous Okrug,2014,17.0,3.2,False
Extortion,Chelyabinsk Oblast,2014,178.0,5.1,False
Extortion,Altai Republic,2014,6.0,2.9,False
Extortion,Republic of Buryatia,2014,50.0,5.1,False
Extortion,Tuva Republic,2014,11.0,3.5,False
Extortion,Republic of Khakassia,2014,28.0,5.2,False
Extortion,Altai Krai,2014,112.0,4.7,False
Extortion,Zabaykalsky Krai,2014,107.0,9.9,False
Extortion,Krasnoyarsk Krai,2014,81.0,2.8,False
Extortion,Irkutsk Oblast,2014,75.0,3.1,False
Extortion,Kemerovo Oblast,2014,124.0,4.5,False
Extortion,Novosibirsk Oblast,2014,70.0,2.6,False
Extortion,Omsk Oblast,2014,15.0,0.8,False
Extortion,Tomsk Oblast,2014,15.0,1.4,False
Extortion,Sakha (Yakutia) Republic,2014,34.0,3.6,False
Extortion,Kamchatka Krai,2014,10.0,3.2,False
Extortion,Primorsky Krai,2014,162.0,8.4,False
Extortion,Khabarovsk Krai,2014,56.0,4.2,False
Extortion,Amur Oblast,2014,35.0,4.3,False
Extortion,Magadan Oblast,2014,1.0,0.7,False
Extortion,Sakhalin Oblast,2014,9.0,1.9,False
Extortion,Jewish Autonomous Oblast,2014,7.0,4.1,False
Extortion,Chukotka Autonomous Okrug,2014,0.0,0.0,False
Hooliganism,Russian Federation,2014,4022.0,2.8,True
Hooliganism,Belgorod Oblast,2014,16.0,1.0,False
Hooliganism,Bryansk Oblast,2014,46.0,3.7,False
Hooliganism,Vladimir Oblast,2014,20.0,1.4,False
Hooliganism,Voronezh Oblast,2014,33.0,1.4,False
Hooliganism,Ivanovo Oblast,2014,27.0,2.6,False
Hooliganism,Kaluga Oblast,2014,18.0,1.8,False
Hooliganism,Kostroma Oblast,2014,5.0,0.8,False
Hooliganism,Kursk Oblast,2014,5.0,0.4,False
Hooliganism,Lipetsk Oblast,2014,11.0,0.9,False
Hooliganism,Moscow Oblast,2014,144.0,1.9,False
Hooliganism,Oryol Oblast,2014,29.0,3.8,False
Hooliganism,Ryazan Oblast,2014,16.0,1.4,False
Hooliganism,Smolensk Oblast,2014,27.0,2.8,False
Hooliganism,Tambov Oblast,2014,14.0,1.3,False
Hooliganism,Tver Oblast,2014,25.0,1.9,False
Hooliganism,Tula Oblast,2014,10.0,0.7,False
Hooliganism,Yaroslavl Oblast,2014,18.0,1.4,False
Hooliganism,Moscow,2014,578.0,4.8,False
Hooliganism,Republic of Karelia,2014,72.0,11.7,False
Hooliganism,Komi Republic,2014,123.0,14.4,False
Hooliganism,Arkhangelsk Oblast,2014,25.0,2.2,False
Hooliganism,Nenets Autonomous Okrug,2014,0.0,0.0,False
Hooliganism,Vologda Oblast,2014,156.0,13.1,False
Hooliganism,Kaliningrad Oblast,2014,11.0,1.1,False
Hooliganism,Leningrad Oblast,2014,43.0,2.4,False
Hooliganism,Murmansk Oblast,2014,17.0,2.3,False
Hooliganism,Novgorod Oblast,2014,24.0,3.9,False
Hooliganism,Pskov Oblast,2014,10.0,1.5,False
Hooliganism,Saint Petersburg,2014,103.0,2.0,False
Hooliganism,Republic of Dagestan,2014,40.0,1.3,False
Hooliganism,Republic of Ingushetia,2014,7.0,1.6,False
Hooliganism,Kabardino-Balkar Republic,2014,2.0,0.2,False
Hooliganism,Karachay-Cherkess Republic,2014,5.0,1.1,False
Hooliganism,Republic of North Ossetia-Alania,2014,4.0,0.6,False
Hooliganism,Chechen Republic,2014,6.0,0.4,False
Hooliganism,Stavropol Krai,2014,118.0,4.2,False
Hooliganism,Republic of Adygea,2014,2.0,0.4,False
Hooliganism,Republic of Kalmykia,2014,13.0,4.6,False
Hooliganism,Republic of Crimea,2014,17.0,,False
Hooliganism,Krasnodar Krai,2014,65.0,1.2,False
Hooliganism,Astrakhan Oblast,2014,13.0,1.3,False
Hooliganism,Volgograd Oblast,2014,122.0,4.7,False
Hooliganism,Rostov Oblast,2014,62.0,1.5,False
Hooliganism,Sevastopol,2014,6.0,,False
Hooliganism,Republic of Bashkortostan,2014,73.0,1.8,False
Hooliganism,Mari El Republic,2014,25.0,3.6,False
Hooliganism,Republic of Mordovia,2014,9.0,1.1,False
Hooliganism,Republic of Tatarstan,2014,166.0,4.3,False
Hooliganism,Udmurt Republic,2014,131.0,8.7,False
Hooliganism,Chuvash Republic,2014,73.0,5.9,False
Hooliganism,Perm Krai,2014,66.0,2.5,False
Hooliganism,Kirov Oblast,2014,52.0,4.0,False
Hooliganism,Nizhny Novgorod Oblast,2014,22.0,0.7,False
Hooliganism,Orenburg Oblast,2014,30.0,1.5,False
Hooliganism,Penza Oblast,2014,4.0,0.3,False
Hooliganism,Samara Oblast,2014,56.0,1.7,False
Hooliganism,Saratov Oblast,2014,27.0,1.1,False
Hooliganism,Ulyanovsk Oblast,2014,24.0,1.9,False
Hooliganism,Kurgan Oblast,2014,19.0,2.2,False
Hooliganism,Sverdlovsk Oblast,2014,97.0,2.2,False
Hooliganism,Tyumen Oblast,2014,97.0,6.8,False
Hooliganism,Khanty–Mansi Autonomous Okrug – Yugra,2014,88.0,5.5,False
Hooliganism,Yamalo-Nenets Autonomous Okrug,2014,11.0,2.1,False
Hooliganism,Chelyabinsk Oblast,2014,245.0,7.0,False
Hooliganism,Altai Republic,2014,3.0,1.4,False
Hooliganism,Republic of Buryatia,2014,22.0,2.3,False
Hooliganism,Tuva Republic,2014,5.0,1.6,False
Hooliganism,Republic of Khakassia,2014,83.0,15.5,False
Hooliganism,Altai Krai,2014,16.0,0.7,False
Hooliganism,Zabaykalsky Krai,2014,18.0,1.7,False
Hooliganism,Krasnoyarsk Krai,2014,52.0,1.8,False
Hooliganism,Irkutsk Oblast,2014,43.0,1.8,False
Hooliganism,Kemerovo Oblast,2014,99.0,3.6,False
Hooliganism,Novosibirsk Oblast,2014,53.0,1.9,False
Hooliganism,Omsk Oblast,2014,10.0,0.5,False
Hooliganism,Tomsk Oblast,2014,8.0,0.7,False
Hooliganism,Sakha (Yakutia) Republic,2014,25.0,2.6,False
Hooliganism,Kamchatka Krai,2014,1.0,0.3,False
Hooliganism,Primorsky Krai,2014,41.0,2.1,False
Hooliganism,Khabarovsk Krai,2014,21.0,1.6,False
Hooliganism,Amur Oblast,2014,6.0,0.7,False
Hooliganism,Magadan Oblast,2014,2.0,1.3,False
Hooliganism,Sakhalin Oblast,2014,8.0,1.6,False
Hooliganism,Jewish Autonomous Oblast,2014,5.0,3.0,False
Hooliganism,Chukotka Autonomous Okrug,2014,0.0,0.0,False
Crimes in the Sphere of Economic Activity,Russian Federation,2014,107797.0,74.8,True
Crimes in the Sphere of Economic Activity,Belgorod Oblast,2014,943.0,61.0,False
Crimes in the Sphere of Economic Activity,Bryansk Oblast,2014,605.0,48.8,False
Crimes in the Sphere of Economic Activity,Vladimir Oblast,2014,899.0,63.4,False
Crimes in the Sphere of Economic Activity,Voronezh Oblast,2014,1510.0,64.7,False
Crimes in the Sphere of Economic Activity,Ivanovo Oblast,2014,870.0,84.6,False
Crimes in the Sphere of Economic Activity,Kaluga Oblast,2014,904.0,88.5,False
Crimes in the Sphere of Economic Activity,Kostroma Oblast,2014,697.0,108.1,False
Crimes in the Sphere of Economic Activity,Kursk Oblast,2014,651.0,58.3,False
Crimes in the Sphere of Economic Activity,Lipetsk Oblast,2014,775.0,66.5,False
Crimes in the Sphere of Economic Activity,Moscow Oblast,2014,4140.0,55.1,False
Crimes in the Sphere of Economic Activity,Oryol Oblast,2014,665.0,86.5,False
Crimes in the Sphere of Economic Activity,Ryazan Oblast,2014,911.0,79.6,False
Crimes in the Sphere of Economic Activity,Smolensk Oblast,2014,813.0,84.6,False
Crimes in the Sphere of Economic Activity,Tambov Oblast,2014,587.0,54.9,False
Crimes in the Sphere of Economic Activity,Tver Oblast,2014,893.0,67.4,False
Crimes in the Sphere of Economic Activity,Tula Oblast,2014,1102.0,71.6,False
Crimes in the Sphere of Economic Activity,Yaroslavl Oblast,2014,480.0,37.9,False
Crimes in the Sphere of Economic Activity,Moscow,2014,8602.0,71.5,False
Crimes in the Sphere of Economic Activity,Republic of Karelia,2014,541.0,87.8,False
Crimes in the Sphere of Economic Activity,Komi Republic,2014,754.0,88.5,False
Crimes in the Sphere of Economic Activity,Arkhangelsk Oblast,2014,907.0,80.9,False
Crimes in the Sphere of Economic Activity,Nenets Autonomous Okrug,2014,37.0,87.6,False
Crimes in the Sphere of Economic Activity,Vologda Oblast,2014,915.0,76.7,False
Crimes in the Sphere of Economic Activity,Kaliningrad Oblast,2014,778.0,80.7,False
Crimes in the Sphere of Economic Activity,Leningrad Oblast,2014,976.0,54.5,False
Crimes in the Sphere of Economic Activity,Murmansk Oblast,2014,532.0,70.5,False
Crimes in the Sphere of Economic Activity,Novgorod Oblast,2014,679.0,109.3,False
Crimes in the Sphere of Economic Activity,Pskov Oblast,2014,350.0,53.7,False
Crimes in the Sphere of Economic Activity,Saint Petersburg,2014,2490.0,47.9,False
Crimes in the Sphere of Economic Activity,Republic of Dagestan,2014,1963.0,66.0,False
Crimes in the Sphere of Economic Activity,Republic of Ingushetia,2014,352.0,78.3,False
Crimes in the Sphere of Economic Activity,Kabardino-Balkar Republic,2014,686.0,79.1,False
Crimes in the Sphere of Economic Activity,Karachay-Cherkess Republic,2014,526.0,111.8,False
Crimes in the Sphere of Economic Activity,Republic of North Ossetia-Alania,2014,1217.0,172.9,False
Crimes in the Sphere of Economic Activity,Chechen Republic,2014,342.0,25.4,False
Crimes in the Sphere of Economic Activity,Stavropol Krai,2014,2598.0,91.9,False
Crimes in the Sphere of Economic Activity,Republic of Adygea,2014,465.0,102.3,False
Crimes in the Sphere of Economic Activity,Republic of Kalmykia,2014,273.0,97.1,False
Crimes in the Sphere of Economic Activity,Republic of Crimea,2014,384.0,20.3,False
Crimes in the Sphere of Economic Activity,Krasnodar Krai,2014,3642.0,66.9,False
Crimes in the Sphere of Economic Activity,Astrakhan Oblast,2014,1084.0,107.6,False
Crimes in the Sphere of Economic Activity,Volgograd Oblast,2014,2449.0,94.9,False
Crimes in the Sphere of Economic Activity,Rostov Oblast,2014,2687.0,63.1,False
Crimes in the Sphere of Economic Activity,Sevastopol,2014,86.0,21.9,False
Crimes in the Sphere of Economic Activity,Republic of Bashkortostan,2014,2363.0,57.7,False
Crimes in the Sphere of Economic Activity,Mari El Republic,2014,415.0,60.1,False
Crimes in the Sphere of Economic Activity,Republic of Mordovia,2014,1300.0,159.5,False
Crimes in the Sphere of Economic Activity,Republic of Tatarstan,2014,2602.0,67.3,False
Crimes in the Sphere of Economic Activity,Udmurt Republic,2014,1326.0,88.0,False
Crimes in the Sphere of Economic Activity,Chuvash Republic,2014,1361.0,110.2,False
Crimes in the Sphere of Economic Activity,Perm Krai,2014,1347.0,51.3,False
Crimes in the Sphere of Economic Activity,Kirov Oblast,2014,995.0,77.4,False
Crimes in the Sphere of Economic Activity,Nizhny Novgorod Oblast,2014,1928.0,58.9,False
Crimes in the Sphere of Economic Activity,Orenburg Oblast,2014,853.0,42.9,False
Crimes in the Sphere of Economic Activity,Penza Oblast,2014,687.0,50.6,False
Crimes in the Sphere of Economic Activity,Samara Oblast,2014,2548.0,79.1,False
Crimes in the Sphere of Economic Activity,Saratov Oblast,2014,1412.0,56.1,False
Crimes in the Sphere of Economic Activity,Ulyanovsk Oblast,2014,811.0,64.2,False
Crimes in the Sphere of Economic Activity,Kurgan Oblast,2014,703.0,81.0,False
Crimes in the Sphere of Economic Activity,Sverdlovsk Oblast,2014,2883.0,66.7,False
Crimes in the Sphere of Economic Activity,Tyumen Oblast,2014,964.0,67.7,False
Crimes in the Sphere of Economic Activity,Khanty–Mansi Autonomous Okrug – Yugra,2014,849.0,53.1,False
Crimes in the Sphere of Economic Activity,Yamalo-Nenets Autonomous Okrug,2014,446.0,84.5,False
Crimes in the Sphere of Economic Activity,Chelyabinsk Oblast,2014,2255.0,64.6,False
Crimes in the Sphere of Economic Activity,Altai Republic,2014,170.0,81.5,False
Crimes in the Sphere of Economic Activity,Republic of Buryatia,2014,635.0,65.3,False
Crimes in the Sphere of Economic Activity,Tuva Republic,2014,148.0,47.3,False
Crimes in the Sphere of Economic Activity,Republic of Khakassia,2014,403.0,75.3,False
Crimes in the Sphere of Economic Activity,Altai Krai,2014,1397.0,59.2,False
Crimes in the Sphere of Economic Activity,Zabaykalsky Krai,2014,1219.0,113.0,False
Crimes in the Sphere of Economic Activity,Krasnoyarsk Krai,2014,1665.0,58.3,False
Crimes in the Sphere of Economic Activity,Irkutsk Oblast,2014,1801.0,74.4,False
Crimes in the Sphere of Economic Activity,Kemerovo Oblast,2014,1367.0,50.1,False
Crimes in the Sphere of Economic Activity,Novosibirsk Oblast,2014,1701.0,62.2,False
Crimes in the Sphere of Economic Activity,Omsk Oblast,2014,1982.0,100.8,False
Crimes in the Sphere of Economic Activity,Tomsk Oblast,2014,487.0,45.6,False
Crimes in the Sphere of Economic Activity,Sakha (Yakutia) Republic,2014,425.0,44.4,False
Crimes in the Sphere of Economic Activity,Kamchatka Krai,2014,309.0,98.3,False
Crimes in the Sphere of Economic Activity,Primorsky Krai,2014,895.0,46.3,False
Crimes in the Sphere of Economic Activity,Khabarovsk Krai,2014,896.0,67.0,False
Crimes in the Sphere of Economic Activity,Amur Oblast,2014,309.0,38.2,False
Crimes in the Sphere of Economic Activity,Magadan Oblast,2014,167.0,111.5,False
Crimes in the Sphere of Economic Activity,Sakhalin Oblast,2014,480.0,98.9,False
Crimes in the Sphere of Economic Activity,Jewish Autonomous Oblast,2014,110.0,65.1,False
Crimes in the Sphere of Economic Activity,Chukotka Autonomous Okrug,2014,33.0,66.1,False
Murder,Russian Federation,2015,11353.0,7.7,True
Murder,Belgorod Oblast,2015,73.0,4.7,False
Murder,Bryansk Oblast,2015,91.0,7.4,False
Murder,Vladimir Oblast,2015,109.0,7.7,False
Murder,Voronezh Oblast,2015,140.0,6.0,False
Murder,Ivanovo Oblast,2015,52.0,5.1,False
Murder,Kaluga Oblast,2015,82.0,7.9,False
Murder,Kostroma Oblast,2015,40.0,6.3,False
Murder,Kursk Oblast,2015,68.0,6.1,False
Murder,Lipetsk Oblast,2015,56.0,4.8,False
Murder,Moscow Oblast,2015,557.0,7.3,False
Murder,Oryol Oblast,2015,42.0,5.5,False
Murder,Ryazan Oblast,2015,59.0,5.2,False
Murder,Smolensk Oblast,2015,76.0,7.9,False
Murder,Tambov Oblast,2015,54.0,5.1,False
Murder,Tver Oblast,2015,123.0,9.4,False
Murder,Tula Oblast,2015,118.0,7.7,False
Murder,Yaroslavl Oblast,2015,77.0,6.1,False
Murder,Moscow,2015,348.0,2.9,False
Murder,Republic of Karelia,2015,64.0,10.5,False
Murder,Komi Republic,2015,84.0,10.0,False
Murder,Arkhangelsk Oblast,2015,139.0,12.6,False
Murder,Nenets Autonomous Okrug,2015,9.0,21.3,False
Murder,Vologda Oblast,2015,94.0,7.9,False
Murder,Kaliningrad Oblast,2015,54.0,5.6,False
Murder,Leningrad Oblast,2015,159.0,8.8,False
Murder,Murmansk Oblast,2015,39.0,5.2,False
Murder,Novgorod Oblast,2015,57.0,9.2,False
Murder,Pskov Oblast,2015,45.0,7.0,False
Murder,Saint Petersburg,2015,202.0,3.8,False
Murder,Republic of Dagestan,2015,109.0,3.6,False
Murder,Republic of Ingushetia,2015,16.0,3.5,False
Murder,Kabardino-Balkar Republic,2015,40.0,4.6,False
Murder,Karachay-Cherkess Republic,2015,40.0,8.5,False
Murder,Republic of North Ossetia-Alania,2015,24.0,3.4,False
Murder,Chechen Republic,2015,39.0,2.8,False
Murder,Stavropol Krai,2015,163.0,5.7,False
Murder,Republic of Adygea,2015,27.0,5.9,False
Murder,Republic of Kalmykia,2015,22.0,7.9,False
Murder,Republic of Crimea,2015,134.0,7.1,False
Murder,Krasnodar Krai,2015,307.0,5.6,False
Murder,Astrakhan Oblast,2015,65.0,6.4,False
Murder,Volgograd Oblast,2015,159.0,6.2,False
Murder,Rostov Oblast,2015,246.0,5.8,False
Murder,Sevastopol,2015,33.0,8.3,False
Murder,Republic of Bashkortostan,2015,354.0,8.6,False
Murder,Mari El Republic,2015,51.0,7.4,False
Murder,Republic of Mordovia,2015,48.0,5.9,False
Murder,Republic of Tatarstan,2015,264.0,6.8,False
Murder,Udmurt Republic,2015,109.0,7.2,False
Murder,Chuvash Republic,2015,98.0,8.0,False
Murder,Perm Krai,2015,279.0,10.6,False
Murder,Kirov Oblast,2015,89.0,7.0,False
Murder,Nizhny Novgorod Oblast,2015,362.0,11.1,False
Murder,Orenburg Oblast,2015,170.0,8.6,False
Murder,Penza Oblast,2015,55.0,4.1,False
Murder,Samara Oblast,2015,191.0,5.9,False
Murder,Saratov Oblast,2015,124.0,4.9,False
Murder,Ulyanovsk Oblast,2015,103.0,8.2,False
Murder,Kurgan Oblast,2015,136.0,15.9,False
Murder,Sverdlovsk Oblast,2015,430.0,9.9,False
Murder,Tyumen Oblast,2015,122.0,8.4,False
Murder,Khanty–Mansi Autonomous Okrug – Yugra,2015,115.0,7.1,False
Murder,Yamalo-Nenets Autonomous Okrug,2015,74.0,14.1,False
Murder,Chelyabinsk Oblast,2015,349.0,10.0,False
Murder,Altai Republic,2015,40.0,19.1,False
Murder,Republic of Buryatia,2015,220.0,22.5,False
Murder,Tuva Republic,2015,128.0,40.6,False
Murder,Republic of Khakassia,2015,71.0,13.2,False
Murder,Altai Krai,2015,207.0,8.8,False
Murder,Zabaykalsky Krai,2015,226.0,21.1,False
Murder,Krasnoyarsk Krai,2015,308.0,10.8,False
Murder,Irkutsk Oblast,2015,369.0,15.3,False
Murder,Kemerovo Oblast,2015,342.0,12.6,False
Murder,Novosibirsk Oblast,2015,225.0,8.2,False
Murder,Omsk Oblast,2015,130.0,6.6,False
Murder,Tomsk Oblast,2015,99.0,9.2,False
Murder,Sakha (Yakutia) Republic,2015,128.0,13.3,False
Murder,Kamchatka Krai,2015,39.0,12.6,False
Murder,Primorsky Krai,2015,240.0,12.5,False
Murder,Khabarovsk Krai,2015,199.0,14.9,False
Murder,Amur Oblast,2015,127.0,15.7,False
Murder,Magadan Oblast,2015,34.0,23.1,False
Murder,Sakhalin Oblast,2015,81.0,16.9,False
Murder,Jewish Autonomous Oblast,2015,23.0,13.8,False
Murder,Chukotka Autonomous Okrug,2015,7.0,14.1,False
Intentional Bodily Harm,Russian Federation,2015,30167.0,20.6,True
Intentional Bodily Harm,Belgorod Oblast,2015,182.0,11.7,False
Intentional Bodily Harm,Bryansk Oblast,2015,204.0,16.6,False
Intentional Bodily Harm,Vladimir Oblast,2015,232.0,16.4,False
Intentional Bodily Harm,Voronezh Oblast,2015,339.0,14.5,False
Intentional Bodily Harm,Ivanovo Oblast,2015,175.0,17.2,False
Intentional Bodily Harm,Kaluga Oblast,2015,198.0,19.2,False
Intentional Bodily Harm,Kostroma Oblast,2015,84.0,13.2,False
Intentional Bodily Harm,Kursk Oblast,2015,161.0,14.4,False
Intentional Bodily Harm,Lipetsk Oblast,2015,179.0,15.3,False
Intentional Bodily Harm,Moscow Oblast,2015,1252.0,16.3,False
Intentional Bodily Harm,Oryol Oblast,2015,99.0,13.0,False
Intentional Bodily Harm,Ryazan Oblast,2015,113.0,9.9,False
Intentional Bodily Harm,Smolensk Oblast,2015,196.0,20.5,False
Intentional Bodily Harm,Tambov Oblast,2015,147.0,13.8,False
Intentional Bodily Harm,Tver Oblast,2015,244.0,18.6,False
Intentional Bodily Harm,Tula Oblast,2015,264.0,17.2,False
Intentional Bodily Harm,Yaroslavl Oblast,2015,255.0,20.2,False
Intentional Bodily Harm,Moscow,2015,1049.0,8.6,False
Intentional Bodily Harm,Republic of Karelia,2015,157.0,25.8,False
Intentional Bodily Harm,Komi Republic,2015,332.0,39.6,False
Intentional Bodily Harm,Arkhangelsk Oblast,2015,316.0,28.6,False
Intentional Bodily Harm,Nenets Autonomous Okrug,2015,13.0,30.8,False
Intentional Bodily Harm,Vologda Oblast,2015,334.0,28.1,False
Intentional Bodily Harm,Kaliningrad Oblast,2015,155.0,16.0,False
Intentional Bodily Harm,Leningrad Oblast,2015,261.0,14.4,False
Intentional Bodily Harm,Murmansk Oblast,2015,195.0,26.2,False
Intentional Bodily Harm,Novgorod Oblast,2015,165.0,26.7,False
Intentional Bodily Harm,Pskov Oblast,2015,139.0,21.6,False
Intentional Bodily Harm,Saint Petersburg,2015,487.0,9.2,False
Intentional Bodily Harm,Republic of Dagestan,2015,113.0,3.8,False
Intentional Bodily Harm,Republic of Ingushetia,2015,19.0,4.1,False
Intentional Bodily Harm,Kabardino-Balkar Republic,2015,66.0,7.6,False
Intentional Bodily Harm,Karachay-Cherkess Republic,2015,39.0,8.3,False
Intentional Bodily Harm,Republic of North Ossetia-Alania,2015,51.0,7.2,False
Intentional Bodily Harm,Chechen Republic,2015,11.0,0.8,False
Intentional Bodily Harm,Stavropol Krai,2015,358.0,12.6,False
Intentional Bodily Harm,Republic of Adygea,2015,53.0,11.5,False
Intentional Bodily Harm,Republic of Kalmykia,2015,46.0,16.4,False
Intentional Bodily Harm,Republic of Crimea,2015,224.0,11.8,False
Intentional Bodily Harm,Krasnodar Krai,2015,811.0,14.7,False
Intentional Bodily Harm,Astrakhan Oblast,2015,132.0,13.1,False
Intentional Bodily Harm,Volgograd Oblast,2015,429.0,16.7,False
Intentional Bodily Harm,Rostov Oblast,2015,539.0,12.7,False
Intentional Bodily Harm,Sevastopol,2015,51.0,12.8,False
Intentional Bodily Harm,Republic of Bashkortostan,2015,948.0,23.1,False
Intentional Bodily Harm,Mari El Republic,2015,148.0,21.5,False
Intentional Bodily Harm,Republic of Mordovia,2015,136.0,16.7,False
Intentional Bodily Harm,Republic of Tatarstan,2015,595.0,15.3,False
Intentional Bodily Harm,Udmurt Republic,2015,405.0,26.9,False
Intentional Bodily Harm,Chuvash Republic,2015,196.0,15.9,False
Intentional Bodily Harm,Perm Krai,2015,853.0,32.5,False
Intentional Bodily Harm,Kirov Oblast,2015,228.0,17.9,False
Intentional Bodily Harm,Nizhny Novgorod Oblast,2015,463.0,14.2,False
Intentional Bodily Harm,Orenburg Oblast,2015,532.0,27.0,False
Intentional Bodily Harm,Penza Oblast,2015,195.0,14.4,False
Intentional Bodily Harm,Samara Oblast,2015,561.0,17.4,False
Intentional Bodily Harm,Saratov Oblast,2015,396.0,15.7,False
Intentional Bodily Harm,Ulyanovsk Oblast,2015,308.0,24.5,False
Intentional Bodily Harm,Kurgan Oblast,2015,231.0,26.9,False
Intentional Bodily Harm,Sverdlovsk Oblast,2015,1278.0,29.5,False
Intentional Bodily Harm,Tyumen Oblast,2015,428.0,29.6,False
Intentional Bodily Harm,Khanty–Mansi Autonomous Okrug – Yugra,2015,356.0,22.0,False
Intentional Bodily Harm,Yamalo-Nenets Autonomous Okrug,2015,162.0,30.9,False
Intentional Bodily Harm,Chelyabinsk Oblast,2015,1014.0,29.0,False
Intentional Bodily Harm,Altai Republic,2015,88.0,42.0,False
Intentional Bodily Harm,Republic of Buryatia,2015,425.0,43.5,False
Intentional Bodily Harm,Tuva Republic,2015,368.0,116.8,False
Intentional Bodily Harm,Republic of Khakassia,2015,189.0,35.2,False
Intentional Bodily Harm,Altai Krai,2015,643.0,27.4,False
Intentional Bodily Harm,Zabaykalsky Krai,2015,555.0,51.8,False
Intentional Bodily Harm,Krasnoyarsk Krai,2015,1077.0,37.6,False
Intentional Bodily Harm,Irkutsk Oblast,2015,1033.0,42.7,False
Intentional Bodily Harm,Kemerovo Oblast,2015,1346.0,49.5,False
Intentional Bodily Harm,Novosibirsk Oblast,2015,804.0,29.2,False
Intentional Bodily Harm,Omsk Oblast,2015,515.0,26.2,False
Intentional Bodily Harm,Tomsk Oblast,2015,359.0,33.5,False
Intentional Bodily Harm,Sakha (Yakutia) Republic,2015,430.0,44.8,False
Intentional Bodily Harm,Kamchatka Krai,2015,89.0,28.7,False
Intentional Bodily Harm,Primorsky Krai,2015,683.0,35.5,False
Intentional Bodily Harm,Khabarovsk Krai,2015,449.0,33.6,False
Intentional Bodily Harm,Amur Oblast,2015,336.0,41.7,False
Intentional Bodily Harm,Magadan Oblast,2015,61.0,41.4,False
Intentional Bodily Harm,Sakhalin Oblast,2015,194.0,40.4,False
Intentional Bodily Harm,Jewish Autonomous Oblast,2015,59.0,35.4,False
Intentional Bodily Harm,Chukotka Autonomous Okrug,2015,30.0,60.3,False
Rape,Russian Federation,2015,3936.0,2.7,True
Rape,Belgorod Oblast,2015,17.0,1.1,False
Rape,Bryansk Oblast,2015,22.0,1.8,False
Rape,Vladimir Oblast,2015,31.0,2.2,False
Rape,Voronezh Oblast,2015,35.0,1.5,False
Rape,Ivanovo Oblast,2015,28.0,2.8,False
Rape,Kaluga Oblast,2015,42.0,4.1,False
Rape,Kostroma Oblast,2015,14.0,2.2,False
Rape,Kursk Oblast,2015,26.0,2.3,False
Rape,Lipetsk Oblast,2015,15.0,1.3,False
Rape,Moscow Oblast,2015,158.0,2.1,False
Rape,Oryol Oblast,2015,17.0,2.2,False
Rape,Ryazan Oblast,2015,8.0,0.7,False
Rape,Smolensk Oblast,2015,19.0,2.0,False
Rape,Tambov Oblast,2015,17.0,1.6,False
Rape,Tver Oblast,2015,39.0,3.0,False
Rape,Tula Oblast,2015,25.0,1.6,False
Rape,Yaroslavl Oblast,2015,21.0,1.7,False
Rape,Moscow,2015,224.0,1.8,False
Rape,Republic of Karelia,2015,16.0,2.6,False
Rape,Komi Republic,2015,43.0,5.1,False
Rape,Arkhangelsk Oblast,2015,45.0,4.1,False
Rape,Nenets Autonomous Okrug,2015,0.0,0.0,False
Rape,Vologda Oblast,2015,19.0,1.6,False
Rape,Kaliningrad Oblast,2015,35.0,3.6,False
Rape,Leningrad Oblast,2015,39.0,2.2,False
Rape,Murmansk Oblast,2015,7.0,0.9,False
Rape,Novgorod Oblast,2015,13.0,2.1,False
Rape,Pskov Oblast,2015,9.0,1.4,False
Rape,Saint Petersburg,2015,74.0,1.4,False
Rape,Republic of Dagestan,2015,26.0,0.9,False
Rape,Republic of Ingushetia,2015,4.0,0.9,False
Rape,Kabardino-Balkar Republic,2015,16.0,1.8,False
Rape,Karachay-Cherkess Republic,2015,19.0,4.0,False
Rape,Republic of North Ossetia-Alania,2015,10.0,1.4,False
Rape,Chechen Republic,2015,4.0,0.3,False
Rape,Stavropol Krai,2015,81.0,2.8,False
Rape,Republic of Adygea,2015,9.0,2.0,False
Rape,Republic of Kalmykia,2015,9.0,3.2,False
Rape,Republic of Crimea,2015,66.0,3.5,False
Rape,Krasnodar Krai,2015,121.0,2.2,False
Rape,Astrakhan Oblast,2015,32.0,3.2,False
Rape,Volgograd Oblast,2015,73.0,2.8,False
Rape,Rostov Oblast,2015,81.0,1.9,False
Rape,Sevastopol,2015,7.0,1.8,False
Rape,Republic of Bashkortostan,2015,131.0,3.2,False
Rape,Mari El Republic,2015,14.0,2.0,False
Rape,Republic of Mordovia,2015,11.0,1.4,False
Rape,Republic of Tatarstan,2015,222.0,5.7,False
Rape,Udmurt Republic,2015,48.0,3.2,False
Rape,Chuvash Republic,2015,56.0,4.5,False
Rape,Perm Krai,2015,115.0,4.4,False
Rape,Kirov Oblast,2015,41.0,3.2,False
Rape,Nizhny Novgorod Oblast,2015,54.0,1.7,False
Rape,Orenburg Oblast,2015,49.0,2.5,False
Rape,Penza Oblast,2015,28.0,2.1,False
Rape,Samara Oblast,2015,41.0,1.3,False
Rape,Saratov Oblast,2015,81.0,3.2,False
Rape,Ulyanovsk Oblast,2015,29.0,2.3,False
Rape,Kurgan Oblast,2015,51.0,5.9,False
Rape,Sverdlovsk Oblast,2015,135.0,3.1,False
Rape,Tyumen Oblast,2015,67.0,4.6,False
Rape,Khanty–Mansi Autonomous Okrug – Yugra,2015,33.0,2.0,False
Rape,Yamalo-Nenets Autonomous Okrug,2015,18.0,3.4,False
Rape,Chelyabinsk Oblast,2015,91.0,2.6,False
Rape,Altai Republic,2015,9.0,4.3,False
Rape,Republic of Buryatia,2015,50.0,5.1,False
Rape,Tuva Republic,2015,57.0,18.1,False
Rape,Republic of Khakassia,2015,38.0,7.1,False
Rape,Altai Krai,2015,62.0,2.6,False
Rape,Zabaykalsky Krai,2015,89.0,8.3,False
Rape,Krasnoyarsk Krai,2015,65.0,2.3,False
Rape,Irkutsk Oblast,2015,55.0,2.3,False
Rape,Kemerovo Oblast,2015,91.0,3.3,False
Rape,Novosibirsk Oblast,2015,68.0,2.5,False
Rape,Omsk Oblast,2015,58.0,2.9,False
Rape,Tomsk Oblast,2015,19.0,1.8,False
Rape,Sakha (Yakutia) Republic,2015,54.0,5.6,False
Rape,Kamchatka Krai,2015,16.0,5.2,False
Rape,Primorsky Krai,2015,50.0,2.6,False
Rape,Khabarovsk Krai,2015,131.0,9.8,False
Rape,Amur Oblast,2015,32.0,4.0,False
Rape,Magadan Oblast,2015,3.0,2.0,False
Rape,Sakhalin Oblast,2015,12.0,2.5,False
Rape,Jewish Autonomous Oblast,2015,7.0,4.2,False
Rape,Chukotka Autonomous Okrug,2015,15.0,30.2,False
Theft,Russian Federation,2015,1018456.0,694.0,True
Theft,Belgorod Oblast,2015,7262.0,468.6,False
Theft,Bryansk Oblast,2015,7073.0,574.9,False
Theft,Vladimir Oblast,2015,9343.0,661.6,False
Theft,Voronezh Oblast,2015,21372.0,914.7,False
Theft,Ivanovo Oblast,2015,6515.0,640.4,False
Theft,Kaluga Oblast,2015,8454.0,819.1,False
Theft,Kostroma Oblast,2015,3593.0,562.5,False
Theft,Kursk Oblast,2015,5756.0,516.1,False
Theft,Lipetsk Oblast,2015,6109.0,523.8,False
Theft,Moscow Oblast,2015,39196.0,511.3,False
Theft,Oryol Oblast,2015,4815.0,630.4,False
Theft,Ryazan Oblast,2015,3560.0,312.2,False
Theft,Smolensk Oblast,2015,5071.0,530.4,False
Theft,Tambov Oblast,2015,4521.0,425.7,False
Theft,Tver Oblast,2015,9907.0,754.2,False
Theft,Tula Oblast,2015,5390.0,350.9,False
Theft,Yaroslavl Oblast,2015,11562.0,914.9,False
Theft,Moscow,2015,103720.0,851.3,False
Theft,Republic of Karelia,2015,6689.0,1101.0,False
Theft,Komi Republic,2015,7208.0,860.1,False
Theft,Arkhangelsk Oblast,2015,9645.0,873.8,False
Theft,Nenets Autonomous Okrug,2015,266.0,629.2,False
Theft,Vologda Oblast,2015,12558.0,1054.8,False
Theft,Kaliningrad Oblast,2015,8373.0,863.1,False
Theft,Leningrad Oblast,2015,8947.0,494.6,False
Theft,Murmansk Oblast,2015,7735.0,1039.8,False
Theft,Novgorod Oblast,2015,5921.0,959.8,False
Theft,Pskov Oblast,2015,5047.0,782.8,False
Theft,Saint Petersburg,2015,22628.0,428.9,False
Theft,Republic of Dagestan,2015,2308.0,76.8,False
Theft,Republic of Ingushetia,2015,260.0,56.6,False
Theft,Kabardino-Balkar Republic,2015,2549.0,292.1,False
Theft,Karachay-Cherkess Republic,2015,1015.0,216.0,False
Theft,Republic of North Ossetia-Alania,2015,1357.0,192.5,False
Theft,Chechen Republic,2015,682.0,49.8,False
Theft,Stavropol Krai,2015,12806.0,450.4,False
Theft,Republic of Adygea,2015,1910.0,415.3,False
Theft,Republic of Kalmykia,2015,801.0,286.4,False
Theft,Republic of Crimea,2015,16697.0,880.7,False
Theft,Krasnodar Krai,2015,33626.0,610.7,False
Theft,Astrakhan Oblast,2015,4543.0,450.2,False
Theft,Volgograd Oblast,2015,18136.0,704.9,False
Theft,Rostov Oblast,2015,29869.0,701.9,False
Theft,Sevastopol,2015,5153.0,1291.6,False
Theft,Republic of Bashkortostan,2015,28682.0,698.6,False
Theft,Mari El Republic,2015,2965.0,430.2,False
Theft,Republic of Mordovia,2015,2703.0,332.6,False
Theft,Republic of Tatarstan,2015,21021.0,539.8,False
Theft,Udmurt Republic,2015,9816.0,652.5,False
Theft,Chuvash Republic,2015,5244.0,425.7,False
Theft,Perm Krai,2015,24508.0,933.3,False
Theft,Kirov Oblast,2015,8882.0,698.8,False
Theft,Nizhny Novgorod Oblast,2015,17666.0,542.4,False
Theft,Orenburg Oblast,2015,13250.0,671.3,False
Theft,Penza Oblast,2015,4766.0,352.8,False
Theft,Samara Oblast,2015,19325.0,599.3,False
Theft,Saratov Oblast,2015,12370.0,491.3,False
Theft,Ulyanovsk Oblast,2015,6878.0,546.8,False
Theft,Kurgan Oblast,2015,7273.0,848.0,False
Theft,Sverdlovsk Oblast,2015,30121.0,696.1,False
Theft,Tyumen Oblast,2015,11967.0,826.9,False
Theft,Khanty–Mansi Autonomous Okrug – Yugra,2015,7901.0,488.9,False
Theft,Yamalo-Nenets Autonomous Okrug,2015,3100.0,591.4,False
Theft,Chelyabinsk Oblast,2015,31039.0,887.3,False
Theft,Altai Republic,2015,2004.0,955.8,False
Theft,Republic of Buryatia,2015,12127.0,1241.3,False
Theft,Tuva Republic,2015,3498.0,1110.1,False
Theft,Republic of Khakassia,2015,6459.0,1202.2,False
Theft,Altai Krai,2015,20763.0,886.0,False
Theft,Zabaykalsky Krai,2015,15971.0,1489.6,False
Theft,Krasnoyarsk Krai,2015,28085.0,981.5,False
Theft,Irkutsk Oblast,2015,23420.0,968.9,False
Theft,Kemerovo Oblast,2015,25910.0,952.5,False
Theft,Novosibirsk Oblast,2015,26313.0,955.8,False
Theft,Omsk Oblast,2015,13875.0,705.1,False
Theft,Tomsk Oblast,2015,10229.0,953.9,False
Theft,Sakha (Yakutia) Republic,2015,3986.0,415.7,False
Theft,Kamchatka Krai,2015,2179.0,703.4,False
Theft,Primorsky Krai,2015,19185.0,996.6,False
Theft,Khabarovsk Krai,2015,13884.0,1039.9,False
Theft,Amur Oblast,2015,8970.0,1112.2,False
Theft,Magadan Oblast,2015,1009.0,684.5,False
Theft,Sakhalin Oblast,2015,4343.0,903.7,False
Theft,Jewish Autonomous Oblast,2015,1612.0,968.5,False
Theft,Chukotka Autonomous Okrug,2015,313.0,629.4,False
Robbery without violence,Russian Federation,2015,72739.0,49.6,True
Robbery without violence,Belgorod Oblast,2015,310.0,20.0,False
Robbery without violence,Bryansk Oblast,2015,368.0,29.9,False
Robbery without violence,Vladimir Oblast,2015,802.0,56.8,False
Robbery without violence,Voronezh Oblast,2015,1229.0,52.6,False
Robbery without violence,Ivanovo Oblast,2015,489.0,48.1,False
Robbery without violence,Kaluga Oblast,2015,520.0,50.4,False
Robbery without violence,Kostroma Oblast,2015,256.0,40.1,False
Robbery without violence,Kursk Oblast,2015,296.0,26.5,False
Robbery without violence,Lipetsk Oblast,2015,478.0,41.0,False
Robbery without violence,Moscow Oblast,2015,2952.0,38.5,False
Robbery without violence,Oryol Oblast,2015,306.0,40.1,False
Robbery without violence,Ryazan Oblast,2015,294.0,25.8,False
Robbery without violence,Smolensk Oblast,2015,308.0,32.2,False
Robbery without violence,Tambov Oblast,2015,236.0,22.2,False
Robbery without violence,Tver Oblast,2015,442.0,33.6,False
Robbery without violence,Tula Oblast,2015,385.0,25.1,False
Robbery without violence,Yaroslavl Oblast,2015,936.0,74.1,False
Robbery without violence,Moscow,2015,9022.0,74.1,False
Robbery without violence,Republic of Karelia,2015,394.0,64.9,False
Robbery without violence,Komi Republic,2015,624.0,74.5,False
Robbery without violence,Arkhangelsk Oblast,2015,829.0,75.1,False
Robbery without violence,Nenets Autonomous Okrug,2015,11.0,26.0,False
Robbery without violence,Vologda Oblast,2015,865.0,72.7,False
Robbery without violence,Kaliningrad Oblast,2015,657.0,67.7,False
Robbery without violence,Leningrad Oblast,2015,560.0,31.0,False
Robbery without violence,Murmansk Oblast,2015,319.0,42.9,False
Robbery without violence,Novgorod Oblast,2015,375.0,60.8,False
Robbery without violence,Pskov Oblast,2015,254.0,39.4,False
Robbery without violence,Saint Petersburg,2015,2512.0,47.6,False
Robbery without violence,Republic of Dagestan,2015,148.0,4.9,False
Robbery without violence,Republic of Ingushetia,2015,13.0,2.8,False
Robbery without violence,Kabardino-Balkar Republic,2015,136.0,15.6,False
Robbery without violence,Karachay-Cherkess Republic,2015,50.0,10.6,False
Robbery without violence,Republic of North Ossetia-Alania,2015,86.0,12.2,False
Robbery without violence,Chechen Republic,2015,15.0,1.1,False
Robbery without violence,Stavropol Krai,2015,727.0,25.6,False
Robbery without violence,Republic of Adygea,2015,88.0,19.1,False
Robbery without violence,Republic of Kalmykia,2015,46.0,16.4,False
Robbery without violence,Republic of Crimea,2015,1133.0,59.8,False
Robbery without violence,Krasnodar Krai,2015,1560.0,28.3,False
Robbery without violence,Astrakhan Oblast,2015,440.0,43.6,False
Robbery without violence,Volgograd Oblast,2015,1462.0,56.8,False
Robbery without violence,Rostov Oblast,2015,2075.0,48.8,False
Robbery without violence,Sevastopol,2015,503.0,126.1,False
Robbery without violence,Republic of Bashkortostan,2015,1423.0,34.7,False
Robbery without violence,Mari El Republic,2015,278.0,40.3,False
Robbery without violence,Republic of Mordovia,2015,163.0,20.1,False
Robbery without violence,Republic of Tatarstan,2015,1291.0,33.1,False
Robbery without violence,Udmurt Republic,2015,1018.0,67.7,False
Robbery without violence,Chuvash Republic,2015,441.0,35.8,False
Robbery without violence,Perm Krai,2015,1412.0,53.8,False
Robbery without violence,Kirov Oblast,2015,665.0,52.3,False
Robbery without violence,Nizhny Novgorod Oblast,2015,1384.0,42.5,False
Robbery without violence,Orenburg Oblast,2015,989.0,50.1,False
Robbery without violence,Penza Oblast,2015,285.0,21.1,False
Robbery without violence,Samara Oblast,2015,1423.0,44.1,False
Robbery without violence,Saratov Oblast,2015,905.0,35.9,False
Robbery without violence,Ulyanovsk Oblast,2015,506.0,40.2,False
Robbery without violence,Kurgan Oblast,2015,356.0,41.5,False
Robbery without violence,Sverdlovsk Oblast,2015,2100.0,48.5,False
Robbery without violence,Tyumen Oblast,2015,860.0,59.4,False
Robbery without violence,Khanty–Mansi Autonomous Okrug – Yugra,2015,316.0,19.6,False
Robbery without violence,Yamalo-Nenets Autonomous Okrug,2015,97.0,18.5,False
Robbery without violence,Chelyabinsk Oblast,2015,2640.0,75.5,False
Robbery without violence,Altai Republic,2015,74.0,35.3,False
Robbery without violence,Republic of Buryatia,2015,810.0,82.9,False
Robbery without violence,Tuva Republic,2015,308.0,97.7,False
Robbery without violence,Republic of Khakassia,2015,311.0,57.9,False
Robbery without violence,Altai Krai,2015,996.0,42.5,False
Robbery without violence,Zabaykalsky Krai,2015,948.0,88.4,False
Robbery without violence,Krasnoyarsk Krai,2015,1882.0,65.8,False
Robbery without violence,Irkutsk Oblast,2015,2157.0,89.2,False
Robbery without violence,Kemerovo Oblast,2015,2841.0,104.4,False
Robbery without violence,Novosibirsk Oblast,2015,2059.0,74.8,False
Robbery without violence,Omsk Oblast,2015,824.0,41.9,False
Robbery without violence,Tomsk Oblast,2015,1022.0,95.3,False
Robbery without violence,Sakha (Yakutia) Republic,2015,372.0,38.8,False
Robbery without violence,Kamchatka Krai,2015,137.0,44.2,False
Robbery without violence,Primorsky Krai,2015,1191.0,61.9,False
Robbery without violence,Khabarovsk Krai,2015,1100.0,82.4,False
Robbery without violence,Amur Oblast,2015,611.0,75.8,False
Robbery without violence,Magadan Oblast,2015,75.0,50.9,False
Robbery without violence,Sakhalin Oblast,2015,259.0,53.9,False
Robbery without violence,Jewish Autonomous Oblast,2015,111.0,66.7,False
Robbery without violence,Chukotka Autonomous Okrug,2015,21.0,42.2,False
Robbery with violence,Russian Federation,2015,13642.0,9.3,True
Robbery with violence,Belgorod Oblast,2015,59.0,3.8,False
Robbery with violence,Bryansk Oblast,2015,81.0,6.6,False
Robbery with violence,Vladimir Oblast,2015,132.0,9.3,False
Robbery with violence,Voronezh Oblast,2015,294.0,12.6,False
Robbery with violence,Ivanovo Oblast,2015,92.0,9.0,False
Robbery with violence,Kaluga Oblast,2015,91.0,8.8,False
Robbery with violence,Kostroma Oblast,2015,37.0,5.8,False
Robbery with violence,Kursk Oblast,2015,61.0,5.5,False
Robbery with violence,Lipetsk Oblast,2015,38.0,3.3,False
Robbery with violence,Moscow Oblast,2015,685.0,8.9,False
Robbery with violence,Oryol Oblast,2015,51.0,6.7,False
Robbery with violence,Ryazan Oblast,2015,70.0,6.1,False
Robbery with violence,Smolensk Oblast,2015,56.0,5.9,False
Robbery with violence,Tambov Oblast,2015,40.0,3.8,False
Robbery with violence,Tver Oblast,2015,106.0,8.1,False
Robbery with violence,Tula Oblast,2015,98.0,6.4,False
Robbery with violence,Yaroslavl Oblast,2015,121.0,9.6,False
Robbery with violence,Moscow,2015,1953.0,16.0,False
Robbery with violence,Republic of Karelia,2015,67.0,11.0,False
Robbery with violence,Komi Republic,2015,91.0,10.9,False
Robbery with violence,Arkhangelsk Oblast,2015,124.0,11.2,False
Robbery with violence,Nenets Autonomous Okrug,2015,0.0,0.0,False
Robbery with violence,Vologda Oblast,2015,100.0,8.4,False
Robbery with violence,Kaliningrad Oblast,2015,83.0,8.6,False
Robbery with violence,Leningrad Oblast,2015,143.0,7.9,False
Robbery with violence,Murmansk Oblast,2015,40.0,5.4,False
Robbery with violence,Novgorod Oblast,2015,49.0,7.9,False
Robbery with violence,Pskov Oblast,2015,34.0,5.3,False
Robbery with violence,Saint Petersburg,2015,702.0,13.3,False
Robbery with violence,Republic of Dagestan,2015,87.0,2.9,False
Robbery with violence,Republic of Ingushetia,2015,16.0,3.5,False
Robbery with violence,Kabardino-Balkar Republic,2015,54.0,6.2,False
Robbery with violence,Karachay-Cherkess Republic,2015,21.0,4.5,False
Robbery with violence,Republic of North Ossetia-Alania,2015,22.0,3.1,False
Robbery with violence,Chechen Republic,2015,9.0,0.7,False
Robbery with violence,Stavropol Krai,2015,191.0,6.7,False
Robbery with violence,Republic of Adygea,2015,18.0,3.9,False
Robbery with violence,Republic of Kalmykia,2015,4.0,1.4,False
Robbery with violence,Republic of Crimea,2015,159.0,8.4,False
Robbery with violence,Krasnodar Krai,2015,414.0,7.5,False
Robbery with violence,Astrakhan Oblast,2015,68.0,6.7,False
Robbery with violence,Volgograd Oblast,2015,221.0,8.6,False
Robbery with violence,Rostov Oblast,2015,327.0,7.7,False
Robbery with violence,Sevastopol,2015,62.0,15.5,False
Robbery with violence,Republic of Bashkortostan,2015,301.0,7.3,False
Robbery with violence,Mari El Republic,2015,28.0,4.1,False
Robbery with violence,Republic of Mordovia,2015,21.0,2.6,False
Robbery with violence,Republic of Tatarstan,2015,273.0,7.0,False
Robbery with violence,Udmurt Republic,2015,173.0,11.5,False
Robbery with violence,Chuvash Republic,2015,67.0,5.4,False
Robbery with violence,Perm Krai,2015,249.0,9.5,False
Robbery with violence,Kirov Oblast,2015,85.0,6.7,False
Robbery with violence,Nizhny Novgorod Oblast,2015,216.0,6.6,False
Robbery with violence,Orenburg Oblast,2015,176.0,8.9,False
Robbery with violence,Penza Oblast,2015,49.0,3.6,False
Robbery with violence,Samara Oblast,2015,266.0,8.2,False
Robbery with violence,Saratov Oblast,2015,149.0,5.9,False
Robbery with violence,Ulyanovsk Oblast,2015,120.0,9.5,False
Robbery with violence,Kurgan Oblast,2015,107.0,12.5,False
Robbery with violence,Sverdlovsk Oblast,2015,459.0,10.6,False
Robbery with violence,Tyumen Oblast,2015,152.0,10.5,False
Robbery with violence,Khanty–Mansi Autonomous Okrug – Yugra,2015,92.0,5.7,False
Robbery with violence,Yamalo-Nenets Autonomous Okrug,2015,35.0,6.7,False
Robbery with violence,Chelyabinsk Oblast,2015,416.0,11.9,False
Robbery with violence,Altai Republic,2015,17.0,8.1,False
Robbery with violence,Republic of Buryatia,2015,149.0,15.3,False
Robbery with violence,Tuva Republic,2015,72.0,22.9,False
Robbery with violence,Republic of Khakassia,2015,44.0,8.2,False
Robbery with violence,Altai Krai,2015,125.0,5.3,False
Robbery with violence,Zabaykalsky Krai,2015,213.0,19.9,False
Robbery with violence,Krasnoyarsk Krai,2015,330.0,11.5,False
Robbery with violence,Irkutsk Oblast,2015,330.0,13.7,False
Robbery with violence,Kemerovo Oblast,2015,304.0,11.2,False
Robbery with violence,Novosibirsk Oblast,2015,446.0,16.2,False
Robbery with violence,Omsk Oblast,2015,170.0,8.6,False
Robbery with violence,Tomsk Oblast,2015,85.0,7.9,False
Robbery with violence,Sakha (Yakutia) Republic,2015,48.0,5.0,False
Robbery with violence,Kamchatka Krai,2015,16.0,5.2,False
Robbery with violence,Primorsky Krai,2015,255.0,13.2,False
Robbery with violence,Khabarovsk Krai,2015,152.0,11.4,False
Robbery with violence,Amur Oblast,2015,126.0,15.6,False
Robbery with violence,Magadan Oblast,2015,7.0,4.7,False
Robbery with violence,Sakhalin Oblast,2015,16.0,3.3,False
Robbery with violence,Jewish Autonomous Oblast,2015,18.0,10.8,False
Robbery with violence,Chukotka Autonomous Okrug,2015,2.0,4.0,False
Extortion,Russian Federation,2015,4259.0,2.9,True
Extortion,Belgorod Oblast,2015,26.0,1.7,False
Extortion,Bryansk Oblast,2015,22.0,1.8,False
Extortion,Vladimir Oblast,2015,39.0,2.8,False
Extortion,Voronezh Oblast,2015,39.0,1.7,False
Extortion,Ivanovo Oblast,2015,29.0,2.9,False
Extortion,Kaluga Oblast,2015,42.0,4.1,False
Extortion,Kostroma Oblast,2015,17.0,2.7,False
Extortion,Kursk Oblast,2015,13.0,1.2,False
Extortion,Lipetsk Oblast,2015,39.0,3.3,False
Extortion,Moscow Oblast,2015,136.0,1.8,False
Extortion,Oryol Oblast,2015,15.0,2.0,False
Extortion,Ryazan Oblast,2015,4.0,0.4,False
Extortion,Smolensk Oblast,2015,47.0,4.9,False
Extortion,Tambov Oblast,2015,10.0,0.9,False
Extortion,Tver Oblast,2015,25.0,1.9,False
Extortion,Tula Oblast,2015,11.0,0.7,False
Extortion,Yaroslavl Oblast,2015,26.0,2.1,False
Extortion,Moscow,2015,271.0,2.2,False
Extortion,Republic of Karelia,2015,18.0,3.0,False
Extortion,Komi Republic,2015,111.0,13.2,False
Extortion,Arkhangelsk Oblast,2015,72.0,6.5,False
Extortion,Nenets Autonomous Okrug,2015,1.0,2.4,False
Extortion,Vologda Oblast,2015,44.0,3.7,False
Extortion,Kaliningrad Oblast,2015,18.0,1.9,False
Extortion,Leningrad Oblast,2015,36.0,2.0,False
Extortion,Murmansk Oblast,2015,38.0,5.1,False
Extortion,Novgorod Oblast,2015,7.0,1.1,False
Extortion,Pskov Oblast,2015,5.0,0.8,False
Extortion,Saint Petersburg,2015,70.0,1.3,False
Extortion,Republic of Dagestan,2015,50.0,1.7,False
Extortion,Republic of Ingushetia,2015,4.0,0.9,False
Extortion,Kabardino-Balkar Republic,2015,20.0,2.3,False
Extortion,Karachay-Cherkess Republic,2015,19.0,4.0,False
Extortion,Republic of North Ossetia-Alania,2015,10.0,1.4,False
Extortion,Chechen Republic,2015,6.0,0.4,False
Extortion,Stavropol Krai,2015,70.0,2.5,False
Extortion,Republic of Adygea,2015,8.0,1.7,False
Extortion,Republic of Kalmykia,2015,12.0,4.3,False
Extortion,Republic of Crimea,2015,17.0,0.9,False
Extortion,Krasnodar Krai,2015,89.0,1.6,False
Extortion,Astrakhan Oblast,2015,19.0,1.9,False
Extortion,Volgograd Oblast,2015,57.0,2.2,False
Extortion,Rostov Oblast,2015,50.0,1.2,False
Extortion,Sevastopol,2015,4.0,1.0,False
Extortion,Republic of Bashkortostan,2015,131.0,3.2,False
Extortion,Mari El Republic,2015,30.0,4.4,False
Extortion,Republic of Mordovia,2015,11.0,1.4,False
Extortion,Republic of Tatarstan,2015,162.0,4.2,False
Extortion,Udmurt Republic,2015,100.0,6.6,False
Extortion,Chuvash Republic,2015,45.0,3.7,False
Extortion,Perm Krai,2015,78.0,3.0,False
Extortion,Kirov Oblast,2015,47.0,3.7,False
Extortion,Nizhny Novgorod Oblast,2015,184.0,5.6,False
Extortion,Orenburg Oblast,2015,44.0,2.2,False
Extortion,Penza Oblast,2015,12.0,0.9,False
Extortion,Samara Oblast,2015,98.0,3.0,False
Extortion,Saratov Oblast,2015,39.0,1.5,False
Extortion,Ulyanovsk Oblast,2015,41.0,3.3,False
Extortion,Kurgan Oblast,2015,23.0,2.7,False
Extortion,Sverdlovsk Oblast,2015,85.0,2.0,False
Extortion,Tyumen Oblast,2015,152.0,10.5,False
Extortion,Khanty–Mansi Autonomous Okrug – Yugra,2015,72.0,4.5,False
Extortion,Yamalo-Nenets Autonomous Okrug,2015,26.0,5.0,False
Extortion,Chelyabinsk Oblast,2015,150.0,4.3,False
Extortion,Altai Republic,2015,2.0,1.0,False
Extortion,Republic of Buryatia,2015,49.0,5.0,False
Extortion,Tuva Republic,2015,7.0,2.2,False
Extortion,Republic of Khakassia,2015,19.0,3.5,False
Extortion,Altai Krai,2015,97.0,4.1,False
Extortion,Zabaykalsky Krai,2015,91.0,8.5,False
Extortion,Krasnoyarsk Krai,2015,69.0,2.4,False
Extortion,Irkutsk Oblast,2015,74.0,3.1,False
Extortion,Kemerovo Oblast,2015,76.0,2.8,False
Extortion,Novosibirsk Oblast,2015,105.0,3.8,False
Extortion,Omsk Oblast,2015,16.0,0.8,False
Extortion,Tomsk Oblast,2015,19.0,1.8,False
Extortion,Sakha (Yakutia) Republic,2015,28.0,2.9,False
Extortion,Kamchatka Krai,2015,9.0,2.9,False
Extortion,Primorsky Krai,2015,100.0,5.2,False
Extortion,Khabarovsk Krai,2015,52.0,3.9,False
Extortion,Amur Oblast,2015,29.0,3.6,False
Extortion,Magadan Oblast,2015,6.0,4.1,False
Extortion,Sakhalin Oblast,2015,5.0,1.0,False
Extortion,Jewish Autonomous Oblast,2015,5.0,3.0,False
Extortion,Chukotka Autonomous Okrug,2015,0.0,0.0,False
Hooliganism,Russian Federation,2015,3318.0,2.3,True
Hooliganism,Belgorod Oblast,2015,8.0,0.5,False
Hooliganism,Bryansk Oblast,2015,25.0,2.0,False
Hooliganism,Vladimir Oblast,2015,12.0,0.8,False
Hooliganism,Voronezh Oblast,2015,24.0,1.0,False
Hooliganism,Ivanovo Oblast,2015,16.0,1.6,False
Hooliganism,Kaluga Oblast,2015,19.0,1.8,False
Hooliganism,Kostroma Oblast,2015,6.0,0.9,False
Hooliganism,Kursk Oblast,2015,7.0,0.6,False
Hooliganism,Lipetsk Oblast,2015,6.0,0.5,False
Hooliganism,Moscow Oblast,2015,153.0,2.0,False
Hooliganism,Oryol Oblast,2015,16.0,2.1,False
Hooliganism,Ryazan Oblast,2015,5.0,0.4,False
Hooliganism,Smolensk Oblast,2015,14.0,1.5,False
Hooliganism,Tambov Oblast,2015,14.0,1.3,False
Hooliganism,Tver Oblast,2015,12.0,0.9,False
Hooliganism,Tula Oblast,2015,11.0,0.7,False
Hooliganism,Yaroslavl Oblast,2015,20.0,1.6,False
Hooliganism,Moscow,2015,497.0,4.1,False
Hooliganism,Republic of Karelia,2015,109.0,17.9,False
Hooliganism,Komi Republic,2015,93.0,11.1,False
Hooliganism,Arkhangelsk Oblast,2015,25.0,2.3,False
Hooliganism,Nenets Autonomous Okrug,2015,4.0,9.5,False
Hooliganism,Vologda Oblast,2015,123.0,10.3,False
Hooliganism,Kaliningrad Oblast,2015,10.0,1.0,False
Hooliganism,Leningrad Oblast,2015,27.0,1.5,False
Hooliganism,Murmansk Oblast,2015,13.0,1.7,False
Hooliganism,Novgorod Oblast,2015,18.0,2.9,False
Hooliganism,Pskov Oblast,2015,6.0,0.9,False
Hooliganism,Saint Petersburg,2015,87.0,1.6,False
Hooliganism,Republic of Dagestan,2015,27.0,0.9,False
Hooliganism,Republic of Ingushetia,2015,4.0,0.9,False
Hooliganism,Kabardino-Balkar Republic,2015,5.0,0.6,False
Hooliganism,Karachay-Cherkess Republic,2015,7.0,1.5,False
Hooliganism,Republic of North Ossetia-Alania,2015,7.0,1.0,False
Hooliganism,Chechen Republic,2015,7.0,0.5,False
Hooliganism,Stavropol Krai,2015,97.0,3.4,False
Hooliganism,Republic of Adygea,2015,6.0,1.3,False
Hooliganism,Republic of Kalmykia,2015,11.0,3.9,False
Hooliganism,Republic of Crimea,2015,22.0,1.2,False
Hooliganism,Krasnodar Krai,2015,73.0,1.3,False
Hooliganism,Astrakhan Oblast,2015,12.0,1.2,False
Hooliganism,Volgograd Oblast,2015,117.0,4.5,False
Hooliganism,Rostov Oblast,2015,64.0,1.5,False
Hooliganism,Sevastopol,2015,9.0,2.3,False
Hooliganism,Republic of Bashkortostan,2015,71.0,1.7,False
Hooliganism,Mari El Republic,2015,12.0,1.7,False
Hooliganism,Republic of Mordovia,2015,3.0,0.4,False
Hooliganism,Republic of Tatarstan,2015,131.0,3.4,False
Hooliganism,Udmurt Republic,2015,106.0,7.0,False
Hooliganism,Chuvash Republic,2015,46.0,3.7,False
Hooliganism,Perm Krai,2015,48.0,1.8,False
Hooliganism,Kirov Oblast,2015,126.0,9.9,False
Hooliganism,Nizhny Novgorod Oblast,2015,23.0,0.7,False
Hooliganism,Orenburg Oblast,2015,10.0,0.5,False
Hooliganism,Penza Oblast,2015,5.0,0.4,False
Hooliganism,Samara Oblast,2015,50.0,1.6,False
Hooliganism,Saratov Oblast,2015,18.0,0.7,False
Hooliganism,Ulyanovsk Oblast,2015,12.0,1.0,False
Hooliganism,Kurgan Oblast,2015,24.0,2.8,False
Hooliganism,Sverdlovsk Oblast,2015,73.0,1.7,False
Hooliganism,Tyumen Oblast,2015,77.0,5.3,False
Hooliganism,Khanty–Mansi Autonomous Okrug – Yugra,2015,50.0,3.1,False
Hooliganism,Yamalo-Nenets Autonomous Okrug,2015,12.0,2.3,False
Hooliganism,Chelyabinsk Oblast,2015,152.0,4.3,False
Hooliganism,Altai Republic,2015,0.0,0.0,False
Hooliganism,Republic of Buryatia,2015,24.0,2.5,False
Hooliganism,Tuva Republic,2015,7.0,2.2,False
Hooliganism,Republic of Khakassia,2015,18.0,3.4,False
Hooliganism,Altai Krai,2015,13.0,0.6,False
Hooliganism,Zabaykalsky Krai,2015,23.0,2.1,False
Hooliganism,Krasnoyarsk Krai,2015,29.0,1.0,False
Hooliganism,Irkutsk Oblast,2015,31.0,1.3,False
Hooliganism,Kemerovo Oblast,2015,71.0,2.6,False
Hooliganism,Novosibirsk Oblast,2015,33.0,1.2,False
Hooliganism,Omsk Oblast,2015,6.0,0.3,False
Hooliganism,Tomsk Oblast,2015,5.0,0.5,False
Hooliganism,Sakha (Yakutia) Republic,2015,19.0,2.0,False
Hooliganism,Kamchatka Krai,2015,1.0,0.3,False
Hooliganism,Primorsky Krai,2015,29.0,1.5,False
Hooliganism,Khabarovsk Krai,2015,12.0,0.9,False
Hooliganism,Amur Oblast,2015,4.0,0.5,False
Hooliganism,Magadan Oblast,2015,2.0,1.4,False
Hooliganism,Sakhalin Oblast,2015,11.0,2.3,False
Hooliganism,Jewish Autonomous Oblast,2015,0.0,0.0,False
Hooliganism,Chukotka Autonomous Okrug,2015,1.0,2.0,False
Crimes in the Sphere of Economic Activity,Russian Federation,2015,112445.0,76.6,True
Crimes in the Sphere of Economic Activity,Belgorod Oblast,2015,802.0,51.7,False
Crimes in the Sphere of Economic Activity,Bryansk Oblast,2015,537.0,43.6,False
Crimes in the Sphere of Economic Activity,Vladimir Oblast,2015,926.0,65.6,False
Crimes in the Sphere of Economic Activity,Voronezh Oblast,2015,1640.0,70.2,False
Crimes in the Sphere of Economic Activity,Ivanovo Oblast,2015,870.0,85.5,False
Crimes in the Sphere of Economic Activity,Kaluga Oblast,2015,728.0,70.5,False
Crimes in the Sphere of Economic Activity,Kostroma Oblast,2015,571.0,89.4,False
Crimes in the Sphere of Economic Activity,Kursk Oblast,2015,651.0,58.4,False
Crimes in the Sphere of Economic Activity,Lipetsk Oblast,2015,707.0,60.6,False
Crimes in the Sphere of Economic Activity,Moscow Oblast,2015,3827.0,49.9,False
Crimes in the Sphere of Economic Activity,Oryol Oblast,2015,750.0,98.2,False
Crimes in the Sphere of Economic Activity,Ryazan Oblast,2015,1078.0,94.5,False
Crimes in the Sphere of Economic Activity,Smolensk Oblast,2015,907.0,94.9,False
Crimes in the Sphere of Economic Activity,Tambov Oblast,2015,546.0,51.4,False
Crimes in the Sphere of Economic Activity,Tver Oblast,2015,1083.0,82.4,False
Crimes in the Sphere of Economic Activity,Tula Oblast,2015,881.0,57.4,False
Crimes in the Sphere of Economic Activity,Yaroslavl Oblast,2015,654.0,51.7,False
Crimes in the Sphere of Economic Activity,Moscow,2015,9199.0,75.5,False
Crimes in the Sphere of Economic Activity,Republic of Karelia,2015,545.0,89.7,False
Crimes in the Sphere of Economic Activity,Komi Republic,2015,834.0,99.5,False
Crimes in the Sphere of Economic Activity,Arkhangelsk Oblast,2015,1189.0,107.7,False
Crimes in the Sphere of Economic Activity,Nenets Autonomous Okrug,2015,81.0,191.6,False
Crimes in the Sphere of Economic Activity,Vologda Oblast,2015,924.0,77.6,False
Crimes in the Sphere of Economic Activity,Kaliningrad Oblast,2015,806.0,83.1,False
Crimes in the Sphere of Economic Activity,Leningrad Oblast,2015,844.0,46.7,False
Crimes in the Sphere of Economic Activity,Murmansk Oblast,2015,501.0,67.3,False
Crimes in the Sphere of Economic Activity,Novgorod Oblast,2015,491.0,79.6,False
Crimes in the Sphere of Economic Activity,Pskov Oblast,2015,387.0,60.0,False
Crimes in the Sphere of Economic Activity,Saint Petersburg,2015,2747.0,52.1,False
Crimes in the Sphere of Economic Activity,Republic of Dagestan,2015,2074.0,69.0,False
Crimes in the Sphere of Economic Activity,Republic of Ingushetia,2015,399.0,86.9,False
Crimes in the Sphere of Economic Activity,Kabardino-Balkar Republic,2015,1311.0,150.2,False
Crimes in the Sphere of Economic Activity,Karachay-Cherkess Republic,2015,561.0,119.4,False
Crimes in the Sphere of Economic Activity,Republic of North Ossetia-Alania,2015,1078.0,152.9,False
Crimes in the Sphere of Economic Activity,Chechen Republic,2015,411.0,30.0,False
Crimes in the Sphere of Economic Activity,Stavropol Krai,2015,3313.0,116.5,False
Crimes in the Sphere of Economic Activity,Republic of Adygea,2015,507.0,110.2,False
Crimes in the Sphere of Economic Activity,Republic of Kalmykia,2015,284.0,101.5,False
Crimes in the Sphere of Economic Activity,Republic of Crimea,2015,845.0,44.6,False
Crimes in the Sphere of Economic Activity,Krasnodar Krai,2015,3946.0,71.7,False
Crimes in the Sphere of Economic Activity,Astrakhan Oblast,2015,1054.0,104.4,False
Crimes in the Sphere of Economic Activity,Volgograd Oblast,2015,2597.0,100.9,False
Crimes in the Sphere of Economic Activity,Rostov Oblast,2015,2959.0,69.5,False
Crimes in the Sphere of Economic Activity,Sevastopol,2015,328.0,82.2,False
Crimes in the Sphere of Economic Activity,Republic of Bashkortostan,2015,2179.0,53.1,False
Crimes in the Sphere of Economic Activity,Mari El Republic,2015,340.0,49.3,False
Crimes in the Sphere of Economic Activity,Republic of Mordovia,2015,1036.0,127.5,False
Crimes in the Sphere of Economic Activity,Republic of Tatarstan,2015,2904.0,74.6,False
Crimes in the Sphere of Economic Activity,Udmurt Republic,2015,1000.0,66.5,False
Crimes in the Sphere of Economic Activity,Chuvash Republic,2015,1033.0,83.9,False
Crimes in the Sphere of Economic Activity,Perm Krai,2015,1886.0,71.8,False
Crimes in the Sphere of Economic Activity,Kirov Oblast,2015,1073.0,84.4,False
Crimes in the Sphere of Economic Activity,Nizhny Novgorod Oblast,2015,1679.0,51.6,False
Crimes in the Sphere of Economic Activity,Orenburg Oblast,2015,802.0,40.6,False
Crimes in the Sphere of Economic Activity,Penza Oblast,2015,654.0,48.4,False
Crimes in the Sphere of Economic Activity,Samara Oblast,2015,2153.0,66.8,False
Crimes in the Sphere of Economic Activity,Saratov Oblast,2015,1467.0,58.3,False
Crimes in the Sphere of Economic Activity,Ulyanovsk Oblast,2015,873.0,69.4,False
Crimes in the Sphere of Economic Activity,Kurgan Oblast,2015,562.0,65.5,False
Crimes in the Sphere of Economic Activity,Sverdlovsk Oblast,2015,2909.0,67.2,False
Crimes in the Sphere of Economic Activity,Tyumen Oblast,2015,946.0,65.4,False
Crimes in the Sphere of Economic Activity,Khanty–Mansi Autonomous Okrug – Yugra,2015,922.0,57.0,False
Crimes in the Sphere of Economic Activity,Yamalo-Nenets Autonomous Okrug,2015,384.0,73.3,False
Crimes in the Sphere of Economic Activity,Chelyabinsk Oblast,2015,2253.0,64.4,False
Crimes in the Sphere of Economic Activity,Altai Republic,2015,181.0,86.3,False
Crimes in the Sphere of Economic Activity,Republic of Buryatia,2015,750.0,76.8,False
Crimes in the Sphere of Economic Activity,Tuva Republic,2015,168.0,53.3,False
Crimes in the Sphere of Economic Activity,Republic of Khakassia,2015,366.0,68.1,False
Crimes in the Sphere of Economic Activity,Altai Krai,2015,1297.0,55.3,False
Crimes in the Sphere of Economic Activity,Zabaykalsky Krai,2015,1197.0,111.6,False
Crimes in the Sphere of Economic Activity,Krasnoyarsk Krai,2015,1918.0,67.0,False
Crimes in the Sphere of Economic Activity,Irkutsk Oblast,2015,1754.0,72.6,False
Crimes in the Sphere of Economic Activity,Kemerovo Oblast,2015,1532.0,56.3,False
Crimes in the Sphere of Economic Activity,Novosibirsk Oblast,2015,2210.0,80.3,False
Crimes in the Sphere of Economic Activity,Omsk Oblast,2015,1911.0,97.1,False
Crimes in the Sphere of Economic Activity,Tomsk Oblast,2015,630.0,58.7,False
Crimes in the Sphere of Economic Activity,Sakha (Yakutia) Republic,2015,441.0,46.0,False
Crimes in the Sphere of Economic Activity,Kamchatka Krai,2015,287.0,92.6,False
Crimes in the Sphere of Economic Activity,Primorsky Krai,2015,1186.0,61.6,False
Crimes in the Sphere of Economic Activity,Khabarovsk Krai,2015,963.0,72.1,False
Crimes in the Sphere of Economic Activity,Amur Oblast,2015,386.0,47.9,False
Crimes in the Sphere of Economic Activity,Magadan Oblast,2015,185.0,125.5,False
Crimes in the Sphere of Economic Activity,Sakhalin Oblast,2015,511.0,106.3,False
Crimes in the Sphere of Economic Activity,Jewish Autonomous Oblast,2015,99.0,59.5,False
Crimes in the Sphere of Economic Activity,Chukotka Autonomous Okrug,2015,41.0,82.4,False
Murder,Russian Federation,2016,10315.0,7.0,True
Murder,Belgorod Oblast,2016,67.0,4.3,False
Murder,Bryansk Oblast,2016,61.0,5.0,False
Murder,Vladimir Oblast,2016,111.0,7.9,False
Murder,Voronezh Oblast,2016,116.0,5.0,False
Murder,Ivanovo Oblast,2016,61.0,6.1,False
Murder,Kaluga Oblast,2016,69.0,6.7,False
Murder,Kostroma Oblast,2016,27.0,4.3,False
Murder,Kursk Oblast,2016,51.0,4.6,False
Murder,Lipetsk Oblast,2016,59.0,5.1,False
Murder,Moscow Oblast,2016,500.0,6.4,False
Murder,Oryol Oblast,2016,41.0,5.4,False
Murder,Ryazan Oblast,2016,59.0,5.2,False
Murder,Smolensk Oblast,2016,63.0,6.6,False
Murder,Tambov Oblast,2016,49.0,4.7,False
Murder,Tver Oblast,2016,97.0,7.4,False
Murder,Tula Oblast,2016,106.0,6.9,False
Murder,Yaroslavl Oblast,2016,76.0,6.0,False
Murder,Moscow,2016,346.0,2.8,False
Murder,Republic of Karelia,2016,62.0,10.4,False
Murder,Komi Republic,2016,118.0,14.3,False
Murder,Arkhangelsk Oblast,2016,131.0,12.1,False
Murder,Nenets Autonomous Okrug,2016,7.0,16.5,False
Murder,Vologda Oblast,2016,84.0,7.1,False
Murder,Kaliningrad Oblast,2016,59.0,6.0,False
Murder,Leningrad Oblast,2016,172.0,9.4,False
Murder,Murmansk Oblast,2016,52.0,7.1,False
Murder,Novgorod Oblast,2016,69.0,11.2,False
Murder,Pskov Oblast,2016,42.0,6.6,False
Murder,Saint Petersburg,2016,212.0,4.0,False
Murder,Republic of Dagestan,2016,102.0,3.4,False
Murder,Republic of Ingushetia,2016,16.0,3.4,False
Murder,Kabardino-Balkar Republic,2016,25.0,2.8,False
Murder,Karachay-Cherkess Republic,2016,26.0,5.5,False
Murder,Republic of North Ossetia-Alania,2016,32.0,4.5,False
Murder,Chechen Republic,2016,25.0,1.8,False
Murder,Stavropol Krai,2016,130.0,4.5,False
Murder,Republic of Adygea,2016,16.0,3.4,False
Murder,Republic of Kalmykia,2016,27.0,9.7,False
Murder,Republic of Crimea,2016,102.0,5.3,False
Murder,Krasnodar Krai,2016,277.0,5.0,False
Murder,Astrakhan Oblast,2016,60.0,6.0,False
Murder,Volgograd Oblast,2016,107.0,4.2,False
Murder,Rostov Oblast,2016,199.0,4.7,False
Murder,Sevastopol,2016,16.0,3.7,False
Murder,Republic of Bashkortostan,2016,318.0,7.7,False
Murder,Mari El Republic,2016,48.0,7.0,False
Murder,Republic of Mordovia,2016,36.0,4.4,False
Murder,Republic of Tatarstan,2016,282.0,7.2,False
Murder,Udmurt Republic,2016,114.0,7.6,False
Murder,Chuvash Republic,2016,73.0,5.9,False
Murder,Perm Krai,2016,217.0,8.3,False
Murder,Kirov Oblast,2016,90.0,7.2,False
Murder,Nizhny Novgorod Oblast,2016,218.0,6.7,False
Murder,Orenburg Oblast,2016,155.0,7.9,False
Murder,Penza Oblast,2016,49.0,3.6,False
Murder,Samara Oblast,2016,157.0,4.9,False
Murder,Saratov Oblast,2016,111.0,4.4,False
Murder,Ulyanovsk Oblast,2016,93.0,7.4,False
Murder,Kurgan Oblast,2016,95.0,11.2,False
Murder,Sverdlovsk Oblast,2016,399.0,9.2,False
Murder,Tyumen Oblast,2016,114.0,7.7,False
Murder,Khanty–Mansi Autonomous Okrug – Yugra,2016,99.0,6.1,False
Murder,Yamalo-Nenets Autonomous Okrug,2016,57.0,11.1,False
Murder,Chelyabinsk Oblast,2016,321.0,9.2,False
Murder,Altai Republic,2016,30.0,14.3,False
Murder,Republic of Buryatia,2016,241.0,24.6,False
Murder,Tuva Republic,2016,111.0,35.0,False
Murder,Republic of Khakassia,2016,88.0,16.3,False
Murder,Altai Krai,2016,196.0,8.4,False
Murder,Zabaykalsky Krai,2016,209.0,19.6,False
Murder,Krasnoyarsk Krai,2016,333.0,11.6,False
Murder,Irkutsk Oblast,2016,325.0,13.5,False
Murder,Kemerovo Oblast,2016,297.0,11.0,False
Murder,Novosibirsk Oblast,2016,249.0,9.0,False
Murder,Omsk Oblast,2016,121.0,6.2,False
Murder,Tomsk Oblast,2016,89.0,8.3,False
Murder,Sakha (Yakutia) Republic,2016,143.0,14.9,False
Murder,Kamchatka Krai,2016,33.0,10.8,False
Murder,Primorsky Krai,2016,204.0,10.6,False
Murder,Khabarovsk Krai,2016,175.0,13.1,False
Murder,Amur Oblast,2016,110.0,13.7,False
Murder,Magadan Oblast,2016,34.0,23.4,False
Murder,Sakhalin Oblast,2016,56.0,11.7,False
Murder,Jewish Autonomous Oblast,2016,36.0,22.0,False
Murder,Chukotka Autonomous Okrug,2016,14.0,28.5,False
Intentional Bodily Harm,Russian Federation,2016,27442.0,18.6,True
Intentional Bodily Harm,Belgorod Oblast,2016,147.0,9.5,False
Intentional Bodily Harm,Bryansk Oblast,2016,198.0,16.2,False
Intentional Bodily Harm,Vladimir Oblast,2016,232.0,16.5,False
Intentional Bodily Harm,Voronezh Oblast,2016,283.0,12.1,False
Intentional Bodily Harm,Ivanovo Oblast,2016,177.0,17.6,False
Intentional Bodily Harm,Kaluga Oblast,2016,182.0,17.6,False
Intentional Bodily Harm,Kostroma Oblast,2016,103.0,16.3,False
Intentional Bodily Harm,Kursk Oblast,2016,131.0,11.7,False
Intentional Bodily Harm,Lipetsk Oblast,2016,155.0,13.3,False
Intentional Bodily Harm,Moscow Oblast,2016,1118.0,14.3,False
Intentional Bodily Harm,Oryol Oblast,2016,82.0,10.8,False
Intentional Bodily Harm,Ryazan Oblast,2016,151.0,13.3,False
Intentional Bodily Harm,Smolensk Oblast,2016,208.0,21.9,False
Intentional Bodily Harm,Tambov Oblast,2016,131.0,12.5,False
Intentional Bodily Harm,Tver Oblast,2016,218.0,16.7,False
Intentional Bodily Harm,Tula Oblast,2016,241.0,15.7,False
Intentional Bodily Harm,Yaroslavl Oblast,2016,245.0,19.4,False
Intentional Bodily Harm,Moscow,2016,997.0,8.1,False
Intentional Bodily Harm,Republic of Karelia,2016,164.0,27.5,False
Intentional Bodily Harm,Komi Republic,2016,300.0,36.4,False
Intentional Bodily Harm,Arkhangelsk Oblast,2016,277.0,25.5,False
Intentional Bodily Harm,Nenets Autonomous Okrug,2016,15.0,35.3,False
Intentional Bodily Harm,Vologda Oblast,2016,285.0,24.0,False
Intentional Bodily Harm,Kaliningrad Oblast,2016,125.0,12.8,False
Intentional Bodily Harm,Leningrad Oblast,2016,288.0,15.8,False
Intentional Bodily Harm,Murmansk Oblast,2016,188.0,25.6,False
Intentional Bodily Harm,Novgorod Oblast,2016,134.0,21.8,False
Intentional Bodily Harm,Pskov Oblast,2016,112.0,17.5,False
Intentional Bodily Harm,Saint Petersburg,2016,430.0,8.1,False
Intentional Bodily Harm,Republic of Dagestan,2016,89.0,2.9,False
Intentional Bodily Harm,Republic of Ingushetia,2016,11.0,2.4,False
Intentional Bodily Harm,Kabardino-Balkar Republic,2016,58.0,6.6,False
Intentional Bodily Harm,Karachay-Cherkess Republic,2016,34.0,7.2,False
Intentional Bodily Harm,Republic of North Ossetia-Alania,2016,44.0,6.3,False
Intentional Bodily Harm,Chechen Republic,2016,13.0,0.9,False
Intentional Bodily Harm,Stavropol Krai,2016,327.0,11.4,False
Intentional Bodily Harm,Republic of Adygea,2016,54.0,11.6,False
Intentional Bodily Harm,Republic of Kalmykia,2016,59.0,21.2,False
Intentional Bodily Harm,Republic of Crimea,2016,230.0,12.0,False
Intentional Bodily Harm,Krasnodar Krai,2016,730.0,13.1,False
Intentional Bodily Harm,Astrakhan Oblast,2016,131.0,13.0,False
Intentional Bodily Harm,Volgograd Oblast,2016,394.0,15.4,False
Intentional Bodily Harm,Rostov Oblast,2016,499.0,11.7,False
Intentional Bodily Harm,Sevastopol,2016,76.0,17.4,False
Intentional Bodily Harm,Republic of Bashkortostan,2016,835.0,20.3,False
Intentional Bodily Harm,Mari El Republic,2016,139.0,20.2,False
Intentional Bodily Harm,Republic of Mordovia,2016,129.0,15.9,False
Intentional Bodily Harm,Republic of Tatarstan,2016,576.0,14.7,False
Intentional Bodily Harm,Udmurt Republic,2016,406.0,27.1,False
Intentional Bodily Harm,Chuvash Republic,2016,166.0,13.5,False
Intentional Bodily Harm,Perm Krai,2016,787.0,30.0,False
Intentional Bodily Harm,Kirov Oblast,2016,239.0,19.0,False
Intentional Bodily Harm,Nizhny Novgorod Oblast,2016,454.0,14.0,False
Intentional Bodily Harm,Orenburg Oblast,2016,431.0,22.0,False
Intentional Bodily Harm,Penza Oblast,2016,184.0,13.7,False
Intentional Bodily Harm,Samara Oblast,2016,508.0,15.8,False
Intentional Bodily Harm,Saratov Oblast,2016,318.0,12.6,False
Intentional Bodily Harm,Ulyanovsk Oblast,2016,276.0,22.0,False
Intentional Bodily Harm,Kurgan Oblast,2016,183.0,21.6,False
Intentional Bodily Harm,Sverdlovsk Oblast,2016,1058.0,24.4,False
Intentional Bodily Harm,Tyumen Oblast,2016,404.0,27.3,False
Intentional Bodily Harm,Khanty–Mansi Autonomous Okrug – Yugra,2016,408.0,25.0,False
Intentional Bodily Harm,Yamalo-Nenets Autonomous Okrug,2016,132.0,25.7,False
Intentional Bodily Harm,Chelyabinsk Oblast,2016,968.0,27.6,False
Intentional Bodily Harm,Altai Republic,2016,78.0,37.1,False
Intentional Bodily Harm,Republic of Buryatia,2016,296.0,30.2,False
Intentional Bodily Harm,Tuva Republic,2016,395.0,124.5,False
Intentional Bodily Harm,Republic of Khakassia,2016,232.0,43.1,False
Intentional Bodily Harm,Altai Krai,2016,586.0,25.2,False
Intentional Bodily Harm,Zabaykalsky Krai,2016,513.0,48.2,False
Intentional Bodily Harm,Krasnoyarsk Krai,2016,949.0,33.1,False
Intentional Bodily Harm,Irkutsk Oblast,2016,987.0,40.9,False
Intentional Bodily Harm,Kemerovo Oblast,2016,1092.0,40.3,False
Intentional Bodily Harm,Novosibirsk Oblast,2016,601.0,21.7,False
Intentional Bodily Harm,Omsk Oblast,2016,486.0,24.7,False
Intentional Bodily Harm,Tomsk Oblast,2016,308.0,28.7,False
Intentional Bodily Harm,Sakha (Yakutia) Republic,2016,372.0,38.6,False
Intentional Bodily Harm,Kamchatka Krai,2016,98.0,31.9,False
Intentional Bodily Harm,Primorsky Krai,2016,642.0,33.5,False
Intentional Bodily Harm,Khabarovsk Krai,2016,392.0,29.5,False
Intentional Bodily Harm,Amur Oblast,2016,307.0,38.3,False
Intentional Bodily Harm,Magadan Oblast,2016,66.0,45.4,False
Intentional Bodily Harm,Sakhalin Oblast,2016,160.0,33.5,False
Intentional Bodily Harm,Jewish Autonomous Oblast,2016,69.0,42.1,False
Intentional Bodily Harm,Chukotka Autonomous Okrug,2016,33.0,67.1,False
Rape,Russian Federation,2016,3893.0,2.6,True
Rape,Belgorod Oblast,2016,14.0,0.9,False
Rape,Bryansk Oblast,2016,25.0,2.0,False
Rape,Vladimir Oblast,2016,30.0,2.1,False
Rape,Voronezh Oblast,2016,45.0,1.9,False
Rape,Ivanovo Oblast,2016,18.0,1.8,False
Rape,Kaluga Oblast,2016,54.0,5.2,False
Rape,Kostroma Oblast,2016,21.0,3.3,False
Rape,Kursk Oblast,2016,20.0,1.8,False
Rape,Lipetsk Oblast,2016,23.0,2.0,False
Rape,Moscow Oblast,2016,139.0,1.8,False
Rape,Oryol Oblast,2016,7.0,0.9,False
Rape,Ryazan Oblast,2016,10.0,0.9,False
Rape,Smolensk Oblast,2016,16.0,1.7,False
Rape,Tambov Oblast,2016,8.0,0.8,False
Rape,Tver Oblast,2016,42.0,3.2,False
Rape,Tula Oblast,2016,14.0,0.9,False
Rape,Yaroslavl Oblast,2016,23.0,1.8,False
Rape,Moscow,2016,154.0,1.2,False
Rape,Republic of Karelia,2016,18.0,3.0,False
Rape,Komi Republic,2016,29.0,3.5,False
Rape,Arkhangelsk Oblast,2016,41.0,3.8,False
Rape,Nenets Autonomous Okrug,2016,4.0,9.4,False
Rape,Vologda Oblast,2016,15.0,1.3,False
Rape,Kaliningrad Oblast,2016,9.0,0.9,False
Rape,Leningrad Oblast,2016,34.0,1.9,False
Rape,Murmansk Oblast,2016,4.0,0.5,False
Rape,Novgorod Oblast,2016,16.0,2.6,False
Rape,Pskov Oblast,2016,10.0,1.6,False
Rape,Saint Petersburg,2016,69.0,1.3,False
Rape,Republic of Dagestan,2016,19.0,0.6,False
Rape,Republic of Ingushetia,2016,2.0,0.4,False
Rape,Kabardino-Balkar Republic,2016,85.0,9.7,False
Rape,Karachay-Cherkess Republic,2016,10.0,2.1,False
Rape,Republic of North Ossetia-Alania,2016,3.0,0.4,False
Rape,Chechen Republic,2016,7.0,0.5,False
Rape,Stavropol Krai,2016,69.0,2.4,False
Rape,Republic of Adygea,2016,15.0,3.2,False
Rape,Republic of Kalmykia,2016,9.0,3.2,False
Rape,Republic of Crimea,2016,88.0,4.6,False
Rape,Krasnodar Krai,2016,113.0,2.0,False
Rape,Astrakhan Oblast,2016,24.0,2.4,False
Rape,Volgograd Oblast,2016,75.0,2.9,False
Rape,Rostov Oblast,2016,69.0,1.6,False
Rape,Sevastopol,2016,8.0,1.8,False
Rape,Republic of Bashkortostan,2016,117.0,2.8,False
Rape,Mari El Republic,2016,9.0,1.3,False
Rape,Republic of Mordovia,2016,9.0,1.1,False
Rape,Republic of Tatarstan,2016,95.0,2.4,False
Rape,Udmurt Republic,2016,52.0,3.5,False
Rape,Chuvash Republic,2016,49.0,4.0,False
Rape,Perm Krai,2016,108.0,4.1,False
Rape,Kirov Oblast,2016,23.0,1.8,False
Rape,Nizhny Novgorod Oblast,2016,55.0,1.7,False
Rape,Orenburg Oblast,2016,36.0,1.8,False
Rape,Penza Oblast,2016,18.0,1.3,False
Rape,Samara Oblast,2016,52.0,1.6,False
Rape,Saratov Oblast,2016,58.0,2.3,False
Rape,Ulyanovsk Oblast,2016,53.0,4.2,False
Rape,Kurgan Oblast,2016,44.0,5.2,False
Rape,Sverdlovsk Oblast,2016,142.0,3.3,False
Rape,Tyumen Oblast,2016,63.0,4.3,False
Rape,Khanty–Mansi Autonomous Okrug – Yugra,2016,58.0,3.6,False
Rape,Yamalo-Nenets Autonomous Okrug,2016,23.0,4.5,False
Rape,Chelyabinsk Oblast,2016,122.0,3.5,False
Rape,Altai Republic,2016,12.0,5.7,False
Rape,Republic of Buryatia,2016,54.0,5.5,False
Rape,Tuva Republic,2016,77.0,24.3,False
Rape,Republic of Khakassia,2016,15.0,2.8,False
Rape,Altai Krai,2016,66.0,2.8,False
Rape,Zabaykalsky Krai,2016,59.0,5.5,False
Rape,Krasnoyarsk Krai,2016,128.0,4.5,False
Rape,Irkutsk Oblast,2016,53.0,2.2,False
Rape,Kemerovo Oblast,2016,60.0,2.2,False
Rape,Novosibirsk Oblast,2016,124.0,4.5,False
Rape,Omsk Oblast,2016,44.0,2.2,False
Rape,Tomsk Oblast,2016,21.0,2.0,False
Rape,Sakha (Yakutia) Republic,2016,19.0,2.0,False
Rape,Kamchatka Krai,2016,15.0,4.9,False
Rape,Primorsky Krai,2016,55.0,2.9,False
Rape,Khabarovsk Krai,2016,311.0,23.4,False
Rape,Amur Oblast,2016,27.0,3.4,False
Rape,Magadan Oblast,2016,4.0,2.7,False
Rape,Sakhalin Oblast,2016,9.0,1.9,False
Rape,Jewish Autonomous Oblast,2016,8.0,4.9,False
Rape,Chukotka Autonomous Okrug,2016,1.0,2.0,False
Theft,Russian Federation,2016,871084.0,591.8,True
Theft,Belgorod Oblast,2016,5494.0,353.9,False
Theft,Bryansk Oblast,2016,6449.0,527.3,False
Theft,Vladimir Oblast,2016,8271.0,588.5,False
Theft,Voronezh Oblast,2016,16855.0,720.3,False
Theft,Ivanovo Oblast,2016,6156.0,612.4,False
Theft,Kaluga Oblast,2016,6967.0,671.9,False
Theft,Kostroma Oblast,2016,2921.0,462.3,False
Theft,Kursk Oblast,2016,4376.0,391.6,False
Theft,Lipetsk Oblast,2016,4646.0,398.1,False
Theft,Moscow Oblast,2016,38559.0,494.0,False
Theft,Oryol Oblast,2016,3822.0,504.3,False
Theft,Ryazan Oblast,2016,3154.0,277.6,False
Theft,Smolensk Oblast,2016,4912.0,518.2,False
Theft,Tambov Oblast,2016,3843.0,366.1,False
Theft,Tver Oblast,2016,9067.0,695.9,False
Theft,Tula Oblast,2016,4439.0,289.1,False
Theft,Yaroslavl Oblast,2016,8992.0,712.5,False
Theft,Moscow,2016,89276.0,721.5,False
Theft,Republic of Karelia,2016,5481.0,919.2,False
Theft,Komi Republic,2016,5655.0,686.2,False
Theft,Arkhangelsk Oblast,2016,8041.0,740.9,False
Theft,Nenets Autonomous Okrug,2016,240.0,564.7,False
Theft,Vologda Oblast,2016,10746.0,905.2,False
Theft,Kaliningrad Oblast,2016,6038.0,617.5,False
Theft,Leningrad Oblast,2016,7672.0,421.2,False
Theft,Murmansk Oblast,2016,5305.0,722.6,False
Theft,Novgorod Oblast,2016,5304.0,864.4,False
Theft,Pskov Oblast,2016,3891.0,609.3,False
Theft,Saint Petersburg,2016,20636.0,387.1,False
Theft,Republic of Dagestan,2016,2469.0,81.4,False
Theft,Republic of Ingushetia,2016,316.0,67.6,False
Theft,Kabardino-Balkar Republic,2016,2061.0,234.6,False
Theft,Karachay-Cherkess Republic,2016,885.0,188.4,False
Theft,Republic of North Ossetia-Alania,2016,1618.0,230.0,False
Theft,Chechen Republic,2016,771.0,55.3,False
Theft,Stavropol Krai,2016,10815.0,378.4,False
Theft,Republic of Adygea,2016,1716.0,368.8,False
Theft,Republic of Kalmykia,2016,635.0,228.6,False
Theft,Republic of Crimea,2016,12509.0,654.0,False
Theft,Krasnodar Krai,2016,29818.0,534.4,False
Theft,Astrakhan Oblast,2016,3741.0,372.6,False
Theft,Volgograd Oblast,2016,16298.0,635.3,False
Theft,Rostov Oblast,2016,26468.0,622.2,False
Theft,Sevastopol,2016,2646.0,604.9,False
Theft,Republic of Bashkortostan,2016,24664.0,599.5,False
Theft,Mari El Republic,2016,2537.0,368.7,False
Theft,Republic of Mordovia,2016,2159.0,265.8,False
Theft,Republic of Tatarstan,2016,17888.0,456.4,False
Theft,Udmurt Republic,2016,8195.0,546.1,False
Theft,Chuvash Republic,2016,4150.0,337.7,False
Theft,Perm Krai,2016,19771.0,754.4,False
Theft,Kirov Oblast,2016,7013.0,557.9,False
Theft,Nizhny Novgorod Oblast,2016,16705.0,514.9,False
Theft,Orenburg Oblast,2016,10154.0,517.9,False
Theft,Penza Oblast,2016,3929.0,292.6,False
Theft,Samara Oblast,2016,16931.0,525.7,False
Theft,Saratov Oblast,2016,10270.0,407.8,False
Theft,Ulyanovsk Oblast,2016,6320.0,504.8,False
Theft,Kurgan Oblast,2016,5795.0,684.4,False
Theft,Sverdlovsk Oblast,2016,25988.0,600.2,False
Theft,Tyumen Oblast,2016,9177.0,621.2,False
Theft,Khanty–Mansi Autonomous Okrug – Yugra,2016,6701.0,410.6,False
Theft,Yamalo-Nenets Autonomous Okrug,2016,2476.0,481.4,False
Theft,Chelyabinsk Oblast,2016,25601.0,731.0,False
Theft,Altai Republic,2016,1746.0,830.9,False
Theft,Republic of Buryatia,2016,9759.0,995.7,False
Theft,Tuva Republic,2016,5097.0,1606.7,False
Theft,Republic of Khakassia,2016,4194.0,778.3,False
Theft,Altai Krai,2016,17838.0,767.2,False
Theft,Zabaykalsky Krai,2016,13945.0,1310.7,False
Theft,Krasnoyarsk Krai,2016,24661.0,859.4,False
Theft,Irkutsk Oblast,2016,19306.0,799.2,False
Theft,Kemerovo Oblast,2016,22934.0,845.7,False
Theft,Novosibirsk Oblast,2016,22003.0,794.3,False
Theft,Omsk Oblast,2016,12934.0,658.1,False
Theft,Tomsk Oblast,2016,8738.0,813.4,False
Theft,Sakha (Yakutia) Republic,2016,4108.0,426.8,False
Theft,Kamchatka Krai,2016,2340.0,762.7,False
Theft,Primorsky Krai,2016,15030.0,783.4,False
Theft,Khabarovsk Krai,2016,11868.0,891.7,False
Theft,Amur Oblast,2016,8238.0,1027.8,False
Theft,Magadan Oblast,2016,891.0,612.4,False
Theft,Sakhalin Oblast,2016,4746.0,994.0,False
Theft,Jewish Autonomous Oblast,2016,1364.0,832.4,False
Theft,Chukotka Autonomous Okrug,2016,234.0,475.9,False
Robbery without violence,Russian Federation,2016,61524.0,41.8,True
Robbery without violence,Belgorod Oblast,2016,249.0,16.0,False
Robbery without violence,Bryansk Oblast,2016,334.0,27.3,False
Robbery without violence,Vladimir Oblast,2016,666.0,47.4,False
Robbery without violence,Voronezh Oblast,2016,984.0,42.0,False
Robbery without violence,Ivanovo Oblast,2016,486.0,48.3,False
Robbery without violence,Kaluga Oblast,2016,385.0,37.1,False
Robbery without violence,Kostroma Oblast,2016,190.0,30.1,False
Robbery without violence,Kursk Oblast,2016,234.0,20.9,False
Robbery without violence,Lipetsk Oblast,2016,394.0,33.8,False
Robbery without violence,Moscow Oblast,2016,2724.0,34.9,False
Robbery without violence,Oryol Oblast,2016,246.0,32.5,False
Robbery without violence,Ryazan Oblast,2016,250.0,22.0,False
Robbery without violence,Smolensk Oblast,2016,281.0,29.6,False
Robbery without violence,Tambov Oblast,2016,199.0,19.0,False
Robbery without violence,Tver Oblast,2016,410.0,31.5,False
Robbery without violence,Tula Oblast,2016,362.0,23.6,False
Robbery without violence,Yaroslavl Oblast,2016,719.0,57.0,False
Robbery without violence,Moscow,2016,6976.0,56.4,False
Robbery without violence,Republic of Karelia,2016,411.0,68.9,False
Robbery without violence,Komi Republic,2016,406.0,49.3,False
Robbery without violence,Arkhangelsk Oblast,2016,665.0,61.3,False
Robbery without violence,Nenets Autonomous Okrug,2016,8.0,18.8,False
Robbery without violence,Vologda Oblast,2016,704.0,59.3,False
Robbery without violence,Kaliningrad Oblast,2016,512.0,52.4,False
Robbery without violence,Leningrad Oblast,2016,505.0,27.7,False
Robbery without violence,Murmansk Oblast,2016,299.0,40.7,False
Robbery without violence,Novgorod Oblast,2016,366.0,59.6,False
Robbery without violence,Pskov Oblast,2016,235.0,36.8,False
Robbery without violence,Saint Petersburg,2016,2220.0,41.6,False
Robbery without violence,Republic of Dagestan,2016,140.0,4.6,False
Robbery without violence,Republic of Ingushetia,2016,16.0,3.4,False
Robbery without violence,Kabardino-Balkar Republic,2016,113.0,12.9,False
Robbery without violence,Karachay-Cherkess Republic,2016,57.0,12.1,False
Robbery without violence,Republic of North Ossetia-Alania,2016,78.0,11.1,False
Robbery without violence,Chechen Republic,2016,19.0,1.4,False
Robbery without violence,Stavropol Krai,2016,540.0,18.9,False
Robbery without violence,Republic of Adygea,2016,86.0,18.5,False
Robbery without violence,Republic of Kalmykia,2016,30.0,10.8,False
Robbery without violence,Republic of Crimea,2016,816.0,42.7,False
Robbery without violence,Krasnodar Krai,2016,1352.0,24.2,False
Robbery without violence,Astrakhan Oblast,2016,402.0,40.0,False
Robbery without violence,Volgograd Oblast,2016,1228.0,47.9,False
Robbery without violence,Rostov Oblast,2016,1909.0,44.9,False
Robbery without violence,Sevastopol,2016,261.0,59.7,False
Robbery without violence,Republic of Bashkortostan,2016,1408.0,34.2,False
Robbery without violence,Mari El Republic,2016,236.0,34.3,False
Robbery without violence,Republic of Mordovia,2016,199.0,24.5,False
Robbery without violence,Republic of Tatarstan,2016,1142.0,29.1,False
Robbery without violence,Udmurt Republic,2016,777.0,51.8,False
Robbery without violence,Chuvash Republic,2016,294.0,23.9,False
Robbery without violence,Perm Krai,2016,1155.0,44.1,False
Robbery without violence,Kirov Oblast,2016,594.0,47.3,False
Robbery without violence,Nizhny Novgorod Oblast,2016,1328.0,40.9,False
Robbery without violence,Orenburg Oblast,2016,657.0,33.5,False
Robbery without violence,Penza Oblast,2016,211.0,15.7,False
Robbery without violence,Samara Oblast,2016,1251.0,38.8,False
Robbery without violence,Saratov Oblast,2016,662.0,26.3,False
Robbery without violence,Ulyanovsk Oblast,2016,528.0,42.2,False
Robbery without violence,Kurgan Oblast,2016,351.0,41.5,False
Robbery without violence,Sverdlovsk Oblast,2016,1979.0,45.7,False
Robbery without violence,Tyumen Oblast,2016,686.0,46.4,False
Robbery without violence,Khanty–Mansi Autonomous Okrug – Yugra,2016,299.0,18.3,False
Robbery without violence,Yamalo-Nenets Autonomous Okrug,2016,88.0,17.1,False
Robbery without violence,Chelyabinsk Oblast,2016,2651.0,75.7,False
Robbery without violence,Altai Republic,2016,67.0,31.9,False
Robbery without violence,Republic of Buryatia,2016,628.0,64.1,False
Robbery without violence,Tuva Republic,2016,499.0,157.3,False
Robbery without violence,Republic of Khakassia,2016,235.0,43.6,False
Robbery without violence,Altai Krai,2016,912.0,39.2,False
Robbery without violence,Zabaykalsky Krai,2016,829.0,77.9,False
Robbery without violence,Krasnoyarsk Krai,2016,1660.0,57.8,False
Robbery without violence,Irkutsk Oblast,2016,1740.0,72.0,False
Robbery without violence,Kemerovo Oblast,2016,2256.0,83.2,False
Robbery without violence,Novosibirsk Oblast,2016,1554.0,56.1,False
Robbery without violence,Omsk Oblast,2016,751.0,38.2,False
Robbery without violence,Tomsk Oblast,2016,691.0,64.3,False
Robbery without violence,Sakha (Yakutia) Republic,2016,371.0,38.5,False
Robbery without violence,Kamchatka Krai,2016,116.0,37.8,False
Robbery without violence,Primorsky Krai,2016,929.0,48.4,False
Robbery without violence,Khabarovsk Krai,2016,878.0,66.0,False
Robbery without violence,Amur Oblast,2016,556.0,69.4,False
Robbery without violence,Magadan Oblast,2016,69.0,47.4,False
Robbery without violence,Sakhalin Oblast,2016,268.0,56.1,False
Robbery without violence,Jewish Autonomous Oblast,2016,88.0,53.7,False
Robbery without violence,Chukotka Autonomous Okrug,2016,13.0,26.4,False
Robbery with violence,Russian Federation,2016,11416.0,7.8,True
Robbery with violence,Belgorod Oblast,2016,51.0,3.3,False
Robbery with violence,Bryansk Oblast,2016,76.0,6.2,False
Robbery with violence,Vladimir Oblast,2016,109.0,7.8,False
Robbery with violence,Voronezh Oblast,2016,230.0,9.8,False
Robbery with violence,Ivanovo Oblast,2016,87.0,8.7,False
Robbery with violence,Kaluga Oblast,2016,72.0,6.9,False
Robbery with violence,Kostroma Oblast,2016,31.0,4.9,False
Robbery with violence,Kursk Oblast,2016,66.0,5.9,False
Robbery with violence,Lipetsk Oblast,2016,41.0,3.5,False
Robbery with violence,Moscow Oblast,2016,657.0,8.4,False
Robbery with violence,Oryol Oblast,2016,29.0,3.8,False
Robbery with violence,Ryazan Oblast,2016,54.0,4.8,False
Robbery with violence,Smolensk Oblast,2016,57.0,6.0,False
Robbery with violence,Tambov Oblast,2016,37.0,3.5,False
Robbery with violence,Tver Oblast,2016,98.0,7.5,False
Robbery with violence,Tula Oblast,2016,81.0,5.3,False
Robbery with violence,Yaroslavl Oblast,2016,109.0,8.6,False
Robbery with violence,Moscow,2016,1439.0,11.6,False
Robbery with violence,Republic of Karelia,2016,39.0,6.5,False
Robbery with violence,Komi Republic,2016,62.0,7.5,False
Robbery with violence,Arkhangelsk Oblast,2016,92.0,8.5,False
Robbery with violence,Nenets Autonomous Okrug,2016,3.0,7.1,False
Robbery with violence,Vologda Oblast,2016,76.0,6.4,False
Robbery with violence,Kaliningrad Oblast,2016,74.0,7.6,False
Robbery with violence,Leningrad Oblast,2016,148.0,8.1,False
Robbery with violence,Murmansk Oblast,2016,32.0,4.4,False
Robbery with violence,Novgorod Oblast,2016,49.0,8.0,False
Robbery with violence,Pskov Oblast,2016,58.0,9.1,False
Robbery with violence,Saint Petersburg,2016,505.0,9.5,False
Robbery with violence,Republic of Dagestan,2016,61.0,2.0,False
Robbery with violence,Republic of Ingushetia,2016,10.0,2.1,False
Robbery with violence,Kabardino-Balkar Republic,2016,43.0,4.9,False
Robbery with violence,Karachay-Cherkess Republic,2016,12.0,2.6,False
Robbery with violence,Republic of North Ossetia-Alania,2016,21.0,3.0,False
Robbery with violence,Chechen Republic,2016,15.0,1.1,False
Robbery with violence,Stavropol Krai,2016,215.0,7.5,False
Robbery with violence,Republic of Adygea,2016,16.0,3.4,False
Robbery with violence,Republic of Kalmykia,2016,8.0,2.9,False
Robbery with violence,Republic of Crimea,2016,127.0,6.6,False
Robbery with violence,Krasnodar Krai,2016,307.0,5.5,False
Robbery with violence,Astrakhan Oblast,2016,60.0,6.0,False
Robbery with violence,Volgograd Oblast,2016,169.0,6.6,False
Robbery with violence,Rostov Oblast,2016,325.0,7.6,False
Robbery with violence,Sevastopol,2016,35.0,8.0,False
Robbery with violence,Republic of Bashkortostan,2016,293.0,7.1,False
Robbery with violence,Mari El Republic,2016,40.0,5.8,False
Robbery with violence,Republic of Mordovia,2016,28.0,3.4,False
Robbery with violence,Republic of Tatarstan,2016,307.0,7.8,False
Robbery with violence,Udmurt Republic,2016,116.0,7.7,False
Robbery with violence,Chuvash Republic,2016,49.0,4.0,False
Robbery with violence,Perm Krai,2016,182.0,6.9,False
Robbery with violence,Kirov Oblast,2016,86.0,6.8,False
Robbery with violence,Nizhny Novgorod Oblast,2016,253.0,7.8,False
Robbery with violence,Orenburg Oblast,2016,126.0,6.4,False
Robbery with violence,Penza Oblast,2016,36.0,2.7,False
Robbery with violence,Samara Oblast,2016,244.0,7.6,False
Robbery with violence,Saratov Oblast,2016,122.0,4.8,False
Robbery with violence,Ulyanovsk Oblast,2016,126.0,10.1,False
Robbery with violence,Kurgan Oblast,2016,91.0,10.7,False
Robbery with violence,Sverdlovsk Oblast,2016,423.0,9.8,False
Robbery with violence,Tyumen Oblast,2016,138.0,9.3,False
Robbery with violence,Khanty–Mansi Autonomous Okrug – Yugra,2016,69.0,4.2,False
Robbery with violence,Yamalo-Nenets Autonomous Okrug,2016,15.0,2.9,False
Robbery with violence,Chelyabinsk Oblast,2016,408.0,11.7,False
Robbery with violence,Altai Republic,2016,13.0,6.2,False
Robbery with violence,Republic of Buryatia,2016,88.0,9.0,False
Robbery with violence,Tuva Republic,2016,84.0,26.5,False
Robbery with violence,Republic of Khakassia,2016,25.0,4.6,False
Robbery with violence,Altai Krai,2016,122.0,5.2,False
Robbery with violence,Zabaykalsky Krai,2016,130.0,12.2,False
Robbery with violence,Krasnoyarsk Krai,2016,243.0,8.5,False
Robbery with violence,Irkutsk Oblast,2016,211.0,8.7,False
Robbery with violence,Kemerovo Oblast,2016,267.0,9.8,False
Robbery with violence,Novosibirsk Oblast,2016,320.0,11.6,False
Robbery with violence,Omsk Oblast,2016,169.0,8.6,False
Robbery with violence,Tomsk Oblast,2016,94.0,8.8,False
Robbery with violence,Sakha (Yakutia) Republic,2016,49.0,5.1,False
Robbery with violence,Kamchatka Krai,2016,24.0,7.8,False
Robbery with violence,Primorsky Krai,2016,186.0,9.7,False
Robbery with violence,Khabarovsk Krai,2016,105.0,7.9,False
Robbery with violence,Amur Oblast,2016,90.0,11.2,False
Robbery with violence,Magadan Oblast,2016,8.0,5.5,False
Robbery with violence,Sakhalin Oblast,2016,32.0,6.7,False
Robbery with violence,Jewish Autonomous Oblast,2016,14.0,8.5,False
Robbery with violence,Chukotka Autonomous Okrug,2016,3.0,6.1,False
Extortion,Russian Federation,2016,4561.0,3.1,True
Extortion,Belgorod Oblast,2016,21.0,1.4,False
Extortion,Bryansk Oblast,2016,22.0,1.8,False
Extortion,Vladimir Oblast,2016,17.0,1.2,False
Extortion,Voronezh Oblast,2016,48.0,2.1,False
Extortion,Ivanovo Oblast,2016,21.0,2.1,False
Extortion,Kaluga Oblast,2016,26.0,2.5,False
Extortion,Kostroma Oblast,2016,18.0,2.8,False
Extortion,Kursk Oblast,2016,19.0,1.7,False
Extortion,Lipetsk Oblast,2016,11.0,0.9,False
Extortion,Moscow Oblast,2016,120.0,1.5,False
Extortion,Oryol Oblast,2016,10.0,1.3,False
Extortion,Ryazan Oblast,2016,2.0,0.2,False
Extortion,Smolensk Oblast,2016,16.0,1.7,False
Extortion,Tambov Oblast,2016,12.0,1.1,False
Extortion,Tver Oblast,2016,31.0,2.4,False
Extortion,Tula Oblast,2016,6.0,0.4,False
Extortion,Yaroslavl Oblast,2016,26.0,2.1,False
Extortion,Moscow,2016,337.0,2.7,False
Extortion,Republic of Karelia,2016,22.0,3.7,False
Extortion,Komi Republic,2016,84.0,10.2,False
Extortion,Arkhangelsk Oblast,2016,71.0,6.5,False
Extortion,Nenets Autonomous Okrug,2016,1.0,2.4,False
Extortion,Vologda Oblast,2016,59.0,5.0,False
Extortion,Kaliningrad Oblast,2016,16.0,1.6,False
Extortion,Leningrad Oblast,2016,20.0,1.1,False
Extortion,Murmansk Oblast,2016,42.0,5.7,False
Extortion,Novgorod Oblast,2016,23.0,3.7,False
Extortion,Pskov Oblast,2016,9.0,1.4,False
Extortion,Saint Petersburg,2016,57.0,1.1,False
Extortion,Republic of Dagestan,2016,36.0,1.2,False
Extortion,Republic of Ingushetia,2016,3.0,0.6,False
Extortion,Kabardino-Balkar Republic,2016,28.0,3.2,False
Extortion,Karachay-Cherkess Republic,2016,14.0,3.0,False
Extortion,Republic of North Ossetia-Alania,2016,16.0,2.3,False
Extortion,Chechen Republic,2016,10.0,0.7,False
Extortion,Stavropol Krai,2016,90.0,3.1,False
Extortion,Republic of Adygea,2016,15.0,3.2,False
Extortion,Republic of Kalmykia,2016,4.0,1.4,False
Extortion,Republic of Crimea,2016,23.0,1.2,False
Extortion,Krasnodar Krai,2016,77.0,1.4,False
Extortion,Astrakhan Oblast,2016,22.0,2.2,False
Extortion,Volgograd Oblast,2016,108.0,4.2,False
Extortion,Rostov Oblast,2016,56.0,1.3,False
Extortion,Sevastopol,2016,18.0,4.1,False
Extortion,Republic of Bashkortostan,2016,153.0,3.7,False
Extortion,Mari El Republic,2016,29.0,4.2,False
Extortion,Republic of Mordovia,2016,17.0,2.1,False
Extortion,Republic of Tatarstan,2016,214.0,5.5,False
Extortion,Udmurt Republic,2016,87.0,5.8,False
Extortion,Chuvash Republic,2016,32.0,2.6,False
Extortion,Perm Krai,2016,101.0,3.9,False
Extortion,Kirov Oblast,2016,83.0,6.6,False
Extortion,Nizhny Novgorod Oblast,2016,97.0,3.0,False
Extortion,Orenburg Oblast,2016,53.0,2.7,False
Extortion,Penza Oblast,2016,12.0,0.9,False
Extortion,Samara Oblast,2016,62.0,1.9,False
Extortion,Saratov Oblast,2016,55.0,2.2,False
Extortion,Ulyanovsk Oblast,2016,76.0,6.1,False
Extortion,Kurgan Oblast,2016,23.0,2.7,False
Extortion,Sverdlovsk Oblast,2016,90.0,2.1,False
Extortion,Tyumen Oblast,2016,211.0,14.3,False
Extortion,Khanty–Mansi Autonomous Okrug – Yugra,2016,62.0,3.8,False
Extortion,Yamalo-Nenets Autonomous Okrug,2016,20.0,3.9,False
Extortion,Chelyabinsk Oblast,2016,321.0,9.2,False
Extortion,Altai Republic,2016,4.0,1.9,False
Extortion,Republic of Buryatia,2016,48.0,4.9,False
Extortion,Tuva Republic,2016,3.0,0.9,False
Extortion,Republic of Khakassia,2016,14.0,2.6,False
Extortion,Altai Krai,2016,134.0,5.8,False
Extortion,Zabaykalsky Krai,2016,92.0,8.6,False
Extortion,Krasnoyarsk Krai,2016,86.0,3.0,False
Extortion,Irkutsk Oblast,2016,64.0,2.6,False
Extortion,Kemerovo Oblast,2016,101.0,3.7,False
Extortion,Novosibirsk Oblast,2016,101.0,3.6,False
Extortion,Omsk Oblast,2016,22.0,1.1,False
Extortion,Tomsk Oblast,2016,15.0,1.4,False
Extortion,Sakha (Yakutia) Republic,2016,35.0,3.6,False
Extortion,Kamchatka Krai,2016,11.0,3.6,False
Extortion,Primorsky Krai,2016,84.0,4.4,False
Extortion,Khabarovsk Krai,2016,40.0,3.0,False
Extortion,Amur Oblast,2016,27.0,3.4,False
Extortion,Magadan Oblast,2016,8.0,5.5,False
Extortion,Sakhalin Oblast,2016,10.0,2.1,False
Extortion,Jewish Autonomous Oblast,2016,3.0,1.8,False
Extortion,Chukotka Autonomous Okrug,2016,3.0,6.1,False
Hooliganism,Russian Federation,2016,2597.0,1.8,True
Hooliganism,Belgorod Oblast,2016,8.0,0.5,False
Hooliganism,Bryansk Oblast,2016,18.0,1.5,False
Hooliganism,Vladimir Oblast,2016,10.0,0.7,False
Hooliganism,Voronezh Oblast,2016,25.0,1.1,False
Hooliganism,Ivanovo Oblast,2016,18.0,1.8,False
Hooliganism,Kaluga Oblast,2016,9.0,0.9,False
Hooliganism,Kostroma Oblast,2016,4.0,0.6,False
Hooliganism,Kursk Oblast,2016,5.0,0.4,False
Hooliganism,Lipetsk Oblast,2016,8.0,0.7,False
Hooliganism,Moscow Oblast,2016,157.0,2.0,False
Hooliganism,Oryol Oblast,2016,16.0,2.1,False
Hooliganism,Ryazan Oblast,2016,4.0,0.4,False
Hooliganism,Smolensk Oblast,2016,14.0,1.5,False
Hooliganism,Tambov Oblast,2016,20.0,1.9,False
Hooliganism,Tver Oblast,2016,20.0,1.5,False
Hooliganism,Tula Oblast,2016,16.0,1.0,False
Hooliganism,Yaroslavl Oblast,2016,24.0,1.9,False
Hooliganism,Moscow,2016,432.0,3.5,False
Hooliganism,Republic of Karelia,2016,45.0,7.5,False
Hooliganism,Komi Republic,2016,50.0,6.1,False
Hooliganism,Arkhangelsk Oblast,2016,19.0,1.8,False
Hooliganism,Nenets Autonomous Okrug,2016,0.0,0.0,False
Hooliganism,Vologda Oblast,2016,74.0,6.2,False
Hooliganism,Kaliningrad Oblast,2016,7.0,0.7,False
Hooliganism,Leningrad Oblast,2016,22.0,1.2,False
Hooliganism,Murmansk Oblast,2016,14.0,1.9,False
Hooliganism,Novgorod Oblast,2016,18.0,2.9,False
Hooliganism,Pskov Oblast,2016,3.0,0.5,False
Hooliganism,Saint Petersburg,2016,89.0,1.7,False
Hooliganism,Republic of Dagestan,2016,18.0,0.6,False
Hooliganism,Republic of Ingushetia,2016,4.0,0.9,False
Hooliganism,Kabardino-Balkar Republic,2016,1.0,0.1,False
Hooliganism,Karachay-Cherkess Republic,2016,8.0,1.7,False
Hooliganism,Republic of North Ossetia-Alania,2016,9.0,1.3,False
Hooliganism,Chechen Republic,2016,4.0,0.3,False
Hooliganism,Stavropol Krai,2016,59.0,2.1,False
Hooliganism,Republic of Adygea,2016,0.0,0.0,False
Hooliganism,Republic of Kalmykia,2016,1.0,0.4,False
Hooliganism,Republic of Crimea,2016,22.0,1.2,False
Hooliganism,Krasnodar Krai,2016,49.0,0.9,False
Hooliganism,Astrakhan Oblast,2016,13.0,1.3,False
Hooliganism,Volgograd Oblast,2016,107.0,4.2,False
Hooliganism,Rostov Oblast,2016,31.0,0.7,False
Hooliganism,Sevastopol,2016,5.0,1.1,False
Hooliganism,Republic of Bashkortostan,2016,46.0,1.1,False
Hooliganism,Mari El Republic,2016,24.0,3.5,False
Hooliganism,Republic of Mordovia,2016,8.0,1.0,False
Hooliganism,Republic of Tatarstan,2016,86.0,2.2,False
Hooliganism,Udmurt Republic,2016,107.0,7.1,False
Hooliganism,Chuvash Republic,2016,21.0,1.7,False
Hooliganism,Perm Krai,2016,37.0,1.4,False
Hooliganism,Kirov Oblast,2016,98.0,7.8,False
Hooliganism,Nizhny Novgorod Oblast,2016,29.0,0.9,False
Hooliganism,Orenburg Oblast,2016,11.0,0.6,False
Hooliganism,Penza Oblast,2016,3.0,0.2,False
Hooliganism,Samara Oblast,2016,26.0,0.8,False
Hooliganism,Saratov Oblast,2016,15.0,0.6,False
Hooliganism,Ulyanovsk Oblast,2016,8.0,0.6,False
Hooliganism,Kurgan Oblast,2016,25.0,3.0,False
Hooliganism,Sverdlovsk Oblast,2016,46.0,1.1,False
Hooliganism,Tyumen Oblast,2016,47.0,3.2,False
Hooliganism,Khanty–Mansi Autonomous Okrug – Yugra,2016,49.0,3.0,False
Hooliganism,Yamalo-Nenets Autonomous Okrug,2016,5.0,1.0,False
Hooliganism,Chelyabinsk Oblast,2016,119.0,3.4,False
Hooliganism,Altai Republic,2016,3.0,1.4,False
Hooliganism,Republic of Buryatia,2016,17.0,1.7,False
Hooliganism,Tuva Republic,2016,7.0,2.2,False
Hooliganism,Republic of Khakassia,2016,10.0,1.9,False
Hooliganism,Altai Krai,2016,6.0,0.3,False
Hooliganism,Zabaykalsky Krai,2016,19.0,1.8,False
Hooliganism,Krasnoyarsk Krai,2016,31.0,1.1,False
Hooliganism,Irkutsk Oblast,2016,17.0,0.7,False
Hooliganism,Kemerovo Oblast,2016,25.0,0.9,False
Hooliganism,Novosibirsk Oblast,2016,53.0,1.9,False
Hooliganism,Omsk Oblast,2016,5.0,0.3,False
Hooliganism,Tomsk Oblast,2016,2.0,0.2,False
Hooliganism,Sakha (Yakutia) Republic,2016,14.0,1.5,False
Hooliganism,Kamchatka Krai,2016,2.0,0.7,False
Hooliganism,Primorsky Krai,2016,15.0,0.8,False
Hooliganism,Khabarovsk Krai,2016,9.0,0.7,False
Hooliganism,Amur Oblast,2016,4.0,0.5,False
Hooliganism,Magadan Oblast,2016,1.0,0.7,False
Hooliganism,Sakhalin Oblast,2016,6.0,1.3,False
Hooliganism,Jewish Autonomous Oblast,2016,1.0,0.6,False
Hooliganism,Chukotka Autonomous Okrug,2016,1.0,2.0,False
Crimes in the Sphere of Economic Activity,Russian Federation,2016,108754.0,73.9,True
Crimes in the Sphere of Economic Activity,Belgorod Oblast,2016,888.0,57.2,False
Crimes in the Sphere of Economic Activity,Bryansk Oblast,2016,542.0,44.3,False
Crimes in the Sphere of Economic Activity,Vladimir Oblast,2016,1024.0,72.9,False
Crimes in the Sphere of Economic Activity,Voronezh Oblast,2016,1444.0,61.7,False
Crimes in the Sphere of Economic Activity,Ivanovo Oblast,2016,667.0,66.4,False
Crimes in the Sphere of Economic Activity,Kaluga Oblast,2016,638.0,61.5,False
Crimes in the Sphere of Economic Activity,Kostroma Oblast,2016,578.0,91.5,False
Crimes in the Sphere of Economic Activity,Kursk Oblast,2016,636.0,56.9,False
Crimes in the Sphere of Economic Activity,Lipetsk Oblast,2016,620.0,53.1,False
Crimes in the Sphere of Economic Activity,Moscow Oblast,2016,4071.0,52.2,False
Crimes in the Sphere of Economic Activity,Oryol Oblast,2016,578.0,76.3,False
Crimes in the Sphere of Economic Activity,Ryazan Oblast,2016,752.0,66.2,False
Crimes in the Sphere of Economic Activity,Smolensk Oblast,2016,761.0,80.3,False
Crimes in the Sphere of Economic Activity,Tambov Oblast,2016,637.0,60.7,False
Crimes in the Sphere of Economic Activity,Tver Oblast,2016,877.0,67.3,False
Crimes in the Sphere of Economic Activity,Tula Oblast,2016,937.0,61.0,False
Crimes in the Sphere of Economic Activity,Yaroslavl Oblast,2016,641.0,50.8,False
Crimes in the Sphere of Economic Activity,Moscow,2016,9325.0,75.4,False
Crimes in the Sphere of Economic Activity,Republic of Karelia,2016,557.0,93.4,False
Crimes in the Sphere of Economic Activity,Komi Republic,2016,870.0,105.6,False
Crimes in the Sphere of Economic Activity,Arkhangelsk Oblast,2016,954.0,87.9,False
Crimes in the Sphere of Economic Activity,Nenets Autonomous Okrug,2016,32.0,75.3,False
Crimes in the Sphere of Economic Activity,Vologda Oblast,2016,899.0,75.7,False
Crimes in the Sphere of Economic Activity,Kaliningrad Oblast,2016,754.0,77.1,False
Crimes in the Sphere of Economic Activity,Leningrad Oblast,2016,844.0,46.3,False
Crimes in the Sphere of Economic Activity,Murmansk Oblast,2016,507.0,69.1,False
Crimes in the Sphere of Economic Activity,Novgorod Oblast,2016,421.0,68.6,False
Crimes in the Sphere of Economic Activity,Pskov Oblast,2016,446.0,69.8,False
Crimes in the Sphere of Economic Activity,Saint Petersburg,2016,2671.0,50.1,False
Crimes in the Sphere of Economic Activity,Republic of Dagestan,2016,2179.0,71.9,False
Crimes in the Sphere of Economic Activity,Republic of Ingushetia,2016,231.0,49.5,False
Crimes in the Sphere of Economic Activity,Kabardino-Balkar Republic,2016,1000.0,113.8,False
Crimes in the Sphere of Economic Activity,Karachay-Cherkess Republic,2016,404.0,86.0,False
Crimes in the Sphere of Economic Activity,Republic of North Ossetia-Alania,2016,1083.0,154.0,False
Crimes in the Sphere of Economic Activity,Chechen Republic,2016,517.0,37.1,False
Crimes in the Sphere of Economic Activity,Stavropol Krai,2016,3250.0,113.7,False
Crimes in the Sphere of Economic Activity,Republic of Adygea,2016,423.0,90.9,False
Crimes in the Sphere of Economic Activity,Republic of Kalmykia,2016,251.0,90.3,False
Crimes in the Sphere of Economic Activity,Republic of Crimea,2016,856.0,44.8,False
Crimes in the Sphere of Economic Activity,Krasnodar Krai,2016,4461.0,80.0,False
Crimes in the Sphere of Economic Activity,Astrakhan Oblast,2016,820.0,81.7,False
Crimes in the Sphere of Economic Activity,Volgograd Oblast,2016,1983.0,77.3,False
Crimes in the Sphere of Economic Activity,Rostov Oblast,2016,2960.0,69.6,False
Crimes in the Sphere of Economic Activity,Sevastopol,2016,268.0,61.3,False
Crimes in the Sphere of Economic Activity,Republic of Bashkortostan,2016,2179.0,53.0,False
Crimes in the Sphere of Economic Activity,Mari El Republic,2016,346.0,50.3,False
Crimes in the Sphere of Economic Activity,Republic of Mordovia,2016,851.0,104.8,False
Crimes in the Sphere of Economic Activity,Republic of Tatarstan,2016,3236.0,82.6,False
Crimes in the Sphere of Economic Activity,Udmurt Republic,2016,866.0,57.7,False
Crimes in the Sphere of Economic Activity,Chuvash Republic,2016,979.0,79.7,False
Crimes in the Sphere of Economic Activity,Perm Krai,2016,1815.0,69.3,False
Crimes in the Sphere of Economic Activity,Kirov Oblast,2016,996.0,79.2,False
Crimes in the Sphere of Economic Activity,Nizhny Novgorod Oblast,2016,1720.0,53.0,False
Crimes in the Sphere of Economic Activity,Orenburg Oblast,2016,976.0,49.8,False
Crimes in the Sphere of Economic Activity,Penza Oblast,2016,578.0,43.0,False
Crimes in the Sphere of Economic Activity,Samara Oblast,2016,1995.0,61.9,False
Crimes in the Sphere of Economic Activity,Saratov Oblast,2016,1441.0,57.2,False
Crimes in the Sphere of Economic Activity,Ulyanovsk Oblast,2016,665.0,53.1,False
Crimes in the Sphere of Economic Activity,Kurgan Oblast,2016,728.0,86.0,False
Crimes in the Sphere of Economic Activity,Sverdlovsk Oblast,2016,2763.0,63.8,False
Crimes in the Sphere of Economic Activity,Tyumen Oblast,2016,885.0,59.9,False
Crimes in the Sphere of Economic Activity,Khanty–Mansi Autonomous Okrug – Yugra,2016,1050.0,64.3,False
Crimes in the Sphere of Economic Activity,Yamalo-Nenets Autonomous Okrug,2016,333.0,64.7,False
Crimes in the Sphere of Economic Activity,Chelyabinsk Oblast,2016,2352.0,67.2,False
Crimes in the Sphere of Economic Activity,Altai Republic,2016,188.0,89.5,False
Crimes in the Sphere of Economic Activity,Republic of Buryatia,2016,777.0,79.3,False
Crimes in the Sphere of Economic Activity,Tuva Republic,2016,204.0,64.3,False
Crimes in the Sphere of Economic Activity,Republic of Khakassia,2016,358.0,66.4,False
Crimes in the Sphere of Economic Activity,Altai Krai,2016,1052.0,45.2,False
Crimes in the Sphere of Economic Activity,Zabaykalsky Krai,2016,1140.0,107.2,False
Crimes in the Sphere of Economic Activity,Krasnoyarsk Krai,2016,1668.0,58.1,False
Crimes in the Sphere of Economic Activity,Irkutsk Oblast,2016,1452.0,60.1,False
Crimes in the Sphere of Economic Activity,Kemerovo Oblast,2016,1383.0,51.0,False
Crimes in the Sphere of Economic Activity,Novosibirsk Oblast,2016,2085.0,75.3,False
Crimes in the Sphere of Economic Activity,Omsk Oblast,2016,1691.0,86.0,False
Crimes in the Sphere of Economic Activity,Tomsk Oblast,2016,620.0,57.7,False
Crimes in the Sphere of Economic Activity,Sakha (Yakutia) Republic,2016,490.0,50.9,False
Crimes in the Sphere of Economic Activity,Kamchatka Krai,2016,282.0,91.9,False
Crimes in the Sphere of Economic Activity,Primorsky Krai,2016,1192.0,62.1,False
Crimes in the Sphere of Economic Activity,Khabarovsk Krai,2016,838.0,63.0,False
Crimes in the Sphere of Economic Activity,Amur Oblast,2016,496.0,61.9,False
Crimes in the Sphere of Economic Activity,Magadan Oblast,2016,194.0,133.3,False
Crimes in the Sphere of Economic Activity,Sakhalin Oblast,2016,480.0,100.5,False
Crimes in the Sphere of Economic Activity,Jewish Autonomous Oblast,2016,137.0,83.6,False
Crimes in the Sphere of Economic Activity,Chukotka Autonomous Okrug,2016,33.0,67.1,False
Murder,Russian Federation,2017,9616.0,6.5,True
Murder,Belgorod Oblast,2017,66.0,4.2,False
Murder,Bryansk Oblast,2017,59.0,4.8,False
Murder,Vladimir Oblast,2017,100.0,7.1,False
Murder,Voronezh Oblast,2017,99.0,4.2,False
Murder,Ivanovo Oblast,2017,73.0,7.3,False
Murder,Kaluga Oblast,2017,67.0,6.4,False
Murder,Kostroma Oblast,2017,26.0,4.2,False
Murder,Kursk Oblast,2017,35.0,3.1,False
Murder,Lipetsk Oblast,2017,45.0,3.8,False
Murder,Moscow Oblast,2017,415.0,5.2,False
Murder,Oryol Oblast,2017,41.0,5.4,False
Murder,Ryazan Oblast,2017,58.0,5.1,False
Murder,Smolensk Oblast,2017,43.0,4.6,False
Murder,Tambov Oblast,2017,51.0,4.9,False
Murder,Tver Oblast,2017,110.0,8.5,False
Murder,Tula Oblast,2017,93.0,6.1,False
Murder,Yaroslavl Oblast,2017,70.0,5.6,False
Murder,Moscow,2017,311.0,2.5,False
Murder,Republic of Karelia,2017,53.0,9.0,False
Murder,Komi Republic,2017,84.0,10.4,False
Murder,Arkhangelsk Oblast,2017,170.0,15.9,False
Murder,Nenets Autonomous Okrug,2017,5.0,11.8,False
Murder,Vologda Oblast,2017,75.0,6.3,False
Murder,Kaliningrad Oblast,2017,59.0,6.0,False
Murder,Leningrad Oblast,2017,139.0,7.5,False
Murder,Murmansk Oblast,2017,44.0,6.1,False
Murder,Novgorod Oblast,2017,42.0,6.9,False
Murder,Pskov Oblast,2017,59.0,9.3,False
Murder,Saint Petersburg,2017,198.0,3.7,False
Murder,Republic of Dagestan,2017,71.0,2.3,False
Murder,Republic of Ingushetia,2017,23.0,4.9,False
Murder,Kabardino-Balkar Republic,2017,25.0,2.8,False
Murder,Karachay-Cherkess Republic,2017,30.0,6.4,False
Murder,Republic of North Ossetia-Alania,2017,11.0,1.6,False
Murder,Chechen Republic,2017,24.0,1.7,False
Murder,Stavropol Krai,2017,121.0,4.2,False
Murder,Republic of Adygea,2017,14.0,3.0,False
Murder,Republic of Kalmykia,2017,23.0,8.3,False
Murder,Republic of Crimea,2017,83.0,4.3,False
Murder,Krasnodar Krai,2017,273.0,4.8,False
Murder,Astrakhan Oblast,2017,55.0,5.5,False
Murder,Volgograd Oblast,2017,118.0,4.6,False
Murder,Rostov Oblast,2017,198.0,4.7,False
Murder,Sevastopol,2017,27.0,5.9,False
Murder,Republic of Bashkortostan,2017,323.0,7.8,False
Murder,Mari El Republic,2017,49.0,7.1,False
Murder,Republic of Mordovia,2017,44.0,5.4,False
Murder,Republic of Tatarstan,2017,272.0,6.9,False
Murder,Udmurt Republic,2017,96.0,6.4,False
Murder,Chuvash Republic,2017,85.0,6.9,False
Murder,Perm Krai,2017,231.0,8.8,False
Murder,Kirov Oblast,2017,103.0,8.3,False
Murder,Nizhny Novgorod Oblast,2017,274.0,8.5,False
Murder,Orenburg Oblast,2017,130.0,6.7,False
Murder,Penza Oblast,2017,37.0,2.8,False
Murder,Samara Oblast,2017,162.0,5.0,False
Murder,Saratov Oblast,2017,110.0,4.4,False
Murder,Ulyanovsk Oblast,2017,75.0,6.0,False
Murder,Kurgan Oblast,2017,104.0,12.4,False
Murder,Sverdlovsk Oblast,2017,338.0,7.8,False
Murder,Tyumen Oblast,2017,99.0,6.6,False
Murder,Khanty–Mansi Autonomous Okrug – Yugra,2017,94.0,5.7,False
Murder,Yamalo-Nenets Autonomous Okrug,2017,51.0,10.0,False
Murder,Chelyabinsk Oblast,2017,256.0,7.3,False
Murder,Altai Republic,2017,38.0,18.0,False
Murder,Republic of Buryatia,2017,286.0,29.1,False
Murder,Tuva Republic,2017,83.0,25.9,False
Murder,Republic of Khakassia,2017,75.0,13.9,False
Murder,Altai Krai,2017,160.0,6.9,False
Murder,Zabaykalsky Krai,2017,173.0,16.4,False
Murder,Krasnoyarsk Krai,2017,287.0,10.0,False
Murder,Irkutsk Oblast,2017,266.0,11.0,False
Murder,Kemerovo Oblast,2017,296.0,11.0,False
Murder,Novosibirsk Oblast,2017,213.0,7.6,False
Murder,Omsk Oblast,2017,114.0,5.8,False
Murder,Tomsk Oblast,2017,82.0,7.6,False
Murder,Sakha (Yakutia) Republic,2017,136.0,14.1,False
Murder,Kamchatka Krai,2017,27.0,8.9,False
Murder,Primorsky Krai,2017,199.0,10.4,False
Murder,Khabarovsk Krai,2017,162.0,12.2,False
Murder,Amur Oblast,2017,114.0,14.3,False
Murder,Magadan Oblast,2017,31.0,21.4,False
Murder,Sakhalin Oblast,2017,59.0,12.4,False
Murder,Jewish Autonomous Oblast,2017,26.0,16.1,False
Murder,Chukotka Autonomous Okrug,2017,8.0,16.4,False
Intentional Bodily Harm,Russian Federation,2017,24552.0,16.6,True
Intentional Bodily Harm,Belgorod Oblast,2017,122.0,7.8,False
Intentional Bodily Harm,Bryansk Oblast,2017,171.0,14.0,False
Intentional Bodily Harm,Vladimir Oblast,2017,195.0,13.9,False
Intentional Bodily Harm,Voronezh Oblast,2017,270.0,11.5,False
Intentional Bodily Harm,Ivanovo Oblast,2017,176.0,17.7,False
Intentional Bodily Harm,Kaluga Oblast,2017,191.0,18.2,False
Intentional Bodily Harm,Kostroma Oblast,2017,87.0,13.9,False
Intentional Bodily Harm,Kursk Oblast,2017,124.0,11.1,False
Intentional Bodily Harm,Lipetsk Oblast,2017,153.0,13.1,False
Intentional Bodily Harm,Moscow Oblast,2017,1042.0,13.1,False
Intentional Bodily Harm,Oryol Oblast,2017,59.0,7.8,False
Intentional Bodily Harm,Ryazan Oblast,2017,133.0,11.7,False
Intentional Bodily Harm,Smolensk Oblast,2017,158.0,16.8,False
Intentional Bodily Harm,Tambov Oblast,2017,142.0,13.7,False
Intentional Bodily Harm,Tver Oblast,2017,231.0,17.8,False
Intentional Bodily Harm,Tula Oblast,2017,219.0,14.3,False
Intentional Bodily Harm,Yaroslavl Oblast,2017,185.0,14.7,False
Intentional Bodily Harm,Moscow,2017,869.0,7.0,False
Intentional Bodily Harm,Republic of Karelia,2017,153.0,26.1,False
Intentional Bodily Harm,Komi Republic,2017,284.0,35.0,False
Intentional Bodily Harm,Arkhangelsk Oblast,2017,224.0,21.0,False
Intentional Bodily Harm,Nenets Autonomous Okrug,2017,15.0,35.5,False
Intentional Bodily Harm,Vologda Oblast,2017,261.0,22.1,False
Intentional Bodily Harm,Kaliningrad Oblast,2017,113.0,11.4,False
Intentional Bodily Harm,Leningrad Oblast,2017,247.0,13.4,False
Intentional Bodily Harm,Murmansk Oblast,2017,148.0,20.4,False
Intentional Bodily Harm,Novgorod Oblast,2017,99.0,16.2,False
Intentional Bodily Harm,Pskov Oblast,2017,92.0,14.5,False
Intentional Bodily Harm,Saint Petersburg,2017,436.0,8.1,False
Intentional Bodily Harm,Republic of Dagestan,2017,110.0,3.6,False
Intentional Bodily Harm,Republic of Ingushetia,2017,9.0,1.9,False
Intentional Bodily Harm,Kabardino-Balkar Republic,2017,43.0,4.9,False
Intentional Bodily Harm,Karachay-Cherkess Republic,2017,43.0,9.2,False
Intentional Bodily Harm,Republic of North Ossetia-Alania,2017,52.0,7.4,False
Intentional Bodily Harm,Chechen Republic,2017,10.0,0.7,False
Intentional Bodily Harm,Stavropol Krai,2017,303.0,10.5,False
Intentional Bodily Harm,Republic of Adygea,2017,47.0,10.0,False
Intentional Bodily Harm,Republic of Kalmykia,2017,54.0,19.5,False
Intentional Bodily Harm,Republic of Crimea,2017,185.0,9.6,False
Intentional Bodily Harm,Krasnodar Krai,2017,647.0,11.5,False
Intentional Bodily Harm,Astrakhan Oblast,2017,128.0,12.8,False
Intentional Bodily Harm,Volgograd Oblast,2017,360.0,14.1,False
Intentional Bodily Harm,Rostov Oblast,2017,455.0,10.7,False
Intentional Bodily Harm,Sevastopol,2017,56.0,12.2,False
Intentional Bodily Harm,Republic of Bashkortostan,2017,720.0,17.5,False
Intentional Bodily Harm,Mari El Republic,2017,105.0,15.3,False
Intentional Bodily Harm,Republic of Mordovia,2017,108.0,13.3,False
Intentional Bodily Harm,Republic of Tatarstan,2017,458.0,11.6,False
Intentional Bodily Harm,Udmurt Republic,2017,319.0,21.3,False
Intentional Bodily Harm,Chuvash Republic,2017,175.0,14.3,False
Intentional Bodily Harm,Perm Krai,2017,701.0,26.8,False
Intentional Bodily Harm,Kirov Oblast,2017,181.0,14.6,False
Intentional Bodily Harm,Nizhny Novgorod Oblast,2017,402.0,12.5,False
Intentional Bodily Harm,Orenburg Oblast,2017,411.0,21.1,False
Intentional Bodily Harm,Penza Oblast,2017,147.0,11.0,False
Intentional Bodily Harm,Samara Oblast,2017,473.0,14.7,False
Intentional Bodily Harm,Saratov Oblast,2017,289.0,11.5,False
Intentional Bodily Harm,Ulyanovsk Oblast,2017,210.0,16.9,False
Intentional Bodily Harm,Kurgan Oblast,2017,172.0,20.6,False
Intentional Bodily Harm,Sverdlovsk Oblast,2017,948.0,21.9,False
Intentional Bodily Harm,Tyumen Oblast,2017,367.0,24.4,False
Intentional Bodily Harm,Khanty–Mansi Autonomous Okrug – Yugra,2017,346.0,20.9,False
Intentional Bodily Harm,Yamalo-Nenets Autonomous Okrug,2017,121.0,23.6,False
Intentional Bodily Harm,Chelyabinsk Oblast,2017,851.0,24.3,False
Intentional Bodily Harm,Altai Republic,2017,71.0,33.6,False
Intentional Bodily Harm,Republic of Buryatia,2017,249.0,25.4,False
Intentional Bodily Harm,Tuva Republic,2017,395.0,123.3,False
Intentional Bodily Harm,Republic of Khakassia,2017,169.0,31.3,False
Intentional Bodily Harm,Altai Krai,2017,535.0,23.2,False
Intentional Bodily Harm,Zabaykalsky Krai,2017,507.0,48.0,False
Intentional Bodily Harm,Krasnoyarsk Krai,2017,947.0,32.9,False
Intentional Bodily Harm,Irkutsk Oblast,2017,873.0,36.2,False
Intentional Bodily Harm,Kemerovo Oblast,2017,992.0,36.7,False
Intentional Bodily Harm,Novosibirsk Oblast,2017,522.0,18.7,False
Intentional Bodily Harm,Omsk Oblast,2017,397.0,20.3,False
Intentional Bodily Harm,Tomsk Oblast,2017,282.0,26.2,False
Intentional Bodily Harm,Sakha (Yakutia) Republic,2017,348.0,36.0,False
Intentional Bodily Harm,Kamchatka Krai,2017,88.0,29.0,False
Intentional Bodily Harm,Primorsky Krai,2017,563.0,29.5,False
Intentional Bodily Harm,Khabarovsk Krai,2017,347.0,26.1,False
Intentional Bodily Harm,Amur Oblast,2017,255.0,32.0,False
Intentional Bodily Harm,Magadan Oblast,2017,56.0,38.7,False
Intentional Bodily Harm,Sakhalin Oblast,2017,174.0,36.5,False
Intentional Bodily Harm,Jewish Autonomous Oblast,2017,45.0,27.8,False
Intentional Bodily Harm,Chukotka Autonomous Okrug,2017,29.0,59.6,False
Rape,Russian Federation,2017,3538.0,2.4,True
Rape,Belgorod Oblast,2017,9.0,0.6,False
Rape,Bryansk Oblast,2017,17.0,1.4,False
Rape,Vladimir Oblast,2017,19.0,1.4,False
Rape,Voronezh Oblast,2017,37.0,1.6,False
Rape,Ivanovo Oblast,2017,27.0,2.7,False
Rape,Kaluga Oblast,2017,37.0,3.5,False
Rape,Kostroma Oblast,2017,12.0,1.9,False
Rape,Kursk Oblast,2017,26.0,2.3,False
Rape,Lipetsk Oblast,2017,13.0,1.1,False
Rape,Moscow Oblast,2017,131.0,1.6,False
Rape,Oryol Oblast,2017,6.0,0.8,False
Rape,Ryazan Oblast,2017,7.0,0.6,False
Rape,Smolensk Oblast,2017,11.0,1.2,False
Rape,Tambov Oblast,2017,16.0,1.5,False
Rape,Tver Oblast,2017,32.0,2.5,False
Rape,Tula Oblast,2017,18.0,1.2,False
Rape,Yaroslavl Oblast,2017,17.0,1.4,False
Rape,Moscow,2017,124.0,1.0,False
Rape,Republic of Karelia,2017,15.0,2.6,False
Rape,Komi Republic,2017,21.0,2.6,False
Rape,Arkhangelsk Oblast,2017,36.0,3.4,False
Rape,Nenets Autonomous Okrug,2017,0.0,0.0,False
Rape,Vologda Oblast,2017,18.0,1.5,False
Rape,Kaliningrad Oblast,2017,8.0,0.8,False
Rape,Leningrad Oblast,2017,41.0,2.2,False
Rape,Murmansk Oblast,2017,3.0,0.4,False
Rape,Novgorod Oblast,2017,11.0,1.8,False
Rape,Pskov Oblast,2017,11.0,1.7,False
Rape,Saint Petersburg,2017,51.0,0.9,False
Rape,Republic of Dagestan,2017,25.0,0.8,False
Rape,Republic of Ingushetia,2017,2.0,0.4,False
Rape,Kabardino-Balkar Republic,2017,12.0,1.4,False
Rape,Karachay-Cherkess Republic,2017,31.0,6.6,False
Rape,Republic of North Ossetia-Alania,2017,16.0,2.3,False
Rape,Chechen Republic,2017,3.0,0.2,False
Rape,Stavropol Krai,2017,70.0,2.4,False
Rape,Republic of Adygea,2017,10.0,2.1,False
Rape,Republic of Kalmykia,2017,8.0,2.9,False
Rape,Republic of Crimea,2017,42.0,2.2,False
Rape,Krasnodar Krai,2017,113.0,2.0,False
Rape,Astrakhan Oblast,2017,32.0,3.2,False
Rape,Volgograd Oblast,2017,52.0,2.0,False
Rape,Rostov Oblast,2017,72.0,1.7,False
Rape,Sevastopol,2017,4.0,0.9,False
Rape,Republic of Bashkortostan,2017,134.0,3.3,False
Rape,Mari El Republic,2017,12.0,1.7,False
Rape,Republic of Mordovia,2017,14.0,1.7,False
Rape,Republic of Tatarstan,2017,268.0,6.8,False
Rape,Udmurt Republic,2017,45.0,3.0,False
Rape,Chuvash Republic,2017,45.0,3.7,False
Rape,Perm Krai,2017,128.0,4.9,False
Rape,Kirov Oblast,2017,39.0,3.1,False
Rape,Nizhny Novgorod Oblast,2017,49.0,1.5,False
Rape,Orenburg Oblast,2017,53.0,2.7,False
Rape,Penza Oblast,2017,16.0,1.2,False
Rape,Samara Oblast,2017,36.0,1.1,False
Rape,Saratov Oblast,2017,70.0,2.8,False
Rape,Ulyanovsk Oblast,2017,28.0,2.2,False
Rape,Kurgan Oblast,2017,18.0,2.2,False
Rape,Sverdlovsk Oblast,2017,145.0,3.3,False
Rape,Tyumen Oblast,2017,53.0,3.5,False
Rape,Khanty–Mansi Autonomous Okrug – Yugra,2017,29.0,1.8,False
Rape,Yamalo-Nenets Autonomous Okrug,2017,5.0,1.0,False
Rape,Chelyabinsk Oblast,2017,109.0,3.1,False
Rape,Altai Republic,2017,20.0,9.5,False
Rape,Republic of Buryatia,2017,67.0,6.8,False
Rape,Tuva Republic,2017,85.0,26.5,False
Rape,Republic of Khakassia,2017,48.0,8.9,False
Rape,Altai Krai,2017,61.0,2.6,False
Rape,Zabaykalsky Krai,2017,45.0,4.3,False
Rape,Krasnoyarsk Krai,2017,109.0,3.8,False
Rape,Irkutsk Oblast,2017,76.0,3.2,False
Rape,Kemerovo Oblast,2017,84.0,3.1,False
Rape,Novosibirsk Oblast,2017,76.0,2.7,False
Rape,Omsk Oblast,2017,43.0,2.2,False
Rape,Tomsk Oblast,2017,22.0,2.0,False
Rape,Sakha (Yakutia) Republic,2017,25.0,2.6,False
Rape,Kamchatka Krai,2017,12.0,4.0,False
Rape,Primorsky Krai,2017,43.0,2.3,False
Rape,Khabarovsk Krai,2017,55.0,4.1,False
Rape,Amur Oblast,2017,30.0,3.8,False
Rape,Magadan Oblast,2017,6.0,4.2,False
Rape,Sakhalin Oblast,2017,26.0,5.5,False
Rape,Jewish Autonomous Oblast,2017,6.0,3.7,False
Rape,Chukotka Autonomous Okrug,2017,2.0,4.1,False
Theft,Russian Federation,2017,788531.0,534.3,True
Theft,Belgorod Oblast,2017,5021.0,322.8,False
Theft,Bryansk Oblast,2017,5354.0,439.6,False
Theft,Vladimir Oblast,2017,7621.0,544.4,False
Theft,Voronezh Oblast,2017,15658.0,668.2,False
Theft,Ivanovo Oblast,2017,6647.0,668.8,False
Theft,Kaluga Oblast,2017,6415.0,612.5,False
Theft,Kostroma Oblast,2017,3124.0,500.3,False
Theft,Kursk Oblast,2017,4095.0,365.6,False
Theft,Lipetsk Oblast,2017,4350.0,371.9,False
Theft,Moscow Oblast,2017,34237.0,430.1,False
Theft,Oryol Oblast,2017,3170.0,421.2,False
Theft,Ryazan Oblast,2017,3316.0,292.4,False
Theft,Smolensk Oblast,2017,4745.0,504.5,False
Theft,Tambov Oblast,2017,3869.0,372.1,False
Theft,Tver Oblast,2017,8403.0,649.1,False
Theft,Tula Oblast,2017,4528.0,295.1,False
Theft,Yaroslavl Oblast,2017,7955.0,631.9,False
Theft,Moscow,2017,61357.0,491.6,False
Theft,Republic of Karelia,2017,4477.0,764.3,False
Theft,Komi Republic,2017,5301.0,653.2,False
Theft,Arkhangelsk Oblast,2017,7191.0,673.1,False
Theft,Nenets Autonomous Okrug,2017,228.0,539.0,False
Theft,Vologda Oblast,2017,8162.0,689.8,False
Theft,Kaliningrad Oblast,2017,8367.0,846.9,False
Theft,Leningrad Oblast,2017,7573.0,411.2,False
Theft,Murmansk Oblast,2017,4200.0,580.0,False
Theft,Novgorod Oblast,2017,4553.0,746.4,False
Theft,Pskov Oblast,2017,3276.0,517.7,False
Theft,Saint Petersburg,2017,19407.0,359.0,False
Theft,Republic of Dagestan,2017,2220.0,72.5,False
Theft,Republic of Ingushetia,2017,339.0,71.6,False
Theft,Kabardino-Balkar Republic,2017,1822.0,206.1,False
Theft,Karachay-Cherkess Republic,2017,757.0,161.3,False
Theft,Republic of North Ossetia-Alania,2017,1341.0,190.9,False
Theft,Chechen Republic,2017,592.0,41.8,False
Theft,Stavropol Krai,2017,10263.0,357.3,False
Theft,Republic of Adygea,2017,1508.0,321.0,False
Theft,Republic of Kalmykia,2017,623.0,225.0,False
Theft,Republic of Crimea,2017,9632.0,500.9,False
Theft,Krasnodar Krai,2017,27491.0,486.5,False
Theft,Astrakhan Oblast,2017,3508.0,350.3,False
Theft,Volgograd Oblast,2017,17188.0,671.8,False
Theft,Rostov Oblast,2017,26281.0,618.0,False
Theft,Sevastopol,2017,1840.0,401.2,False
Theft,Republic of Bashkortostan,2017,21489.0,521.7,False
Theft,Mari El Republic,2017,2410.0,350.6,False
Theft,Republic of Mordovia,2017,2089.0,256.5,False
Theft,Republic of Tatarstan,2017,15872.0,402.2,False
Theft,Udmurt Republic,2017,8034.0,536.6,False
Theft,Chuvash Republic,2017,3559.0,290.1,False
Theft,Perm Krai,2017,16729.0,639.5,False
Theft,Kirov Oblast,2017,6797.0,546.6,False
Theft,Nizhny Novgorod Oblast,2017,17349.0,537.4,False
Theft,Orenburg Oblast,2017,9476.0,486.2,False
Theft,Penza Oblast,2017,3645.0,273.2,False
Theft,Samara Oblast,2017,16854.0,523.2,False
Theft,Saratov Oblast,2017,11303.0,449.1,False
Theft,Ulyanovsk Oblast,2017,5479.0,439.7,False
Theft,Kurgan Oblast,2017,5642.0,674.9,False
Theft,Sverdlovsk Oblast,2017,24747.0,571.7,False
Theft,Tyumen Oblast,2017,8594.0,571.0,False
Theft,Khanty–Mansi Autonomous Okrug – Yugra,2017,6178.0,373.9,False
Theft,Yamalo-Nenets Autonomous Okrug,2017,2424.0,473.0,False
Theft,Chelyabinsk Oblast,2017,26141.0,746.1,False
Theft,Altai Republic,2017,1463.0,693.4,False
Theft,Republic of Buryatia,2017,10323.0,1051.7,False
Theft,Tuva Republic,2017,5466.0,1705.8,False
Theft,Republic of Khakassia,2017,4652.0,861.2,False
Theft,Altai Krai,2017,15347.0,666.2,False
Theft,Zabaykalsky Krai,2017,12036.0,1139.8,False
Theft,Krasnoyarsk Krai,2017,21508.0,747.0,False
Theft,Irkutsk Oblast,2017,18024.0,747.2,False
Theft,Kemerovo Oblast,2017,20883.0,772.9,False
Theft,Novosibirsk Oblast,2017,20608.0,738.9,False
Theft,Omsk Oblast,2017,11706.0,598.1,False
Theft,Tomsk Oblast,2017,7131.0,662.8,False
Theft,Sakha (Yakutia) Republic,2017,4127.0,427.1,False
Theft,Kamchatka Krai,2017,2174.0,716.2,False
Theft,Primorsky Krai,2017,12876.0,674.0,False
Theft,Khabarovsk Krai,2017,10074.0,758.0,False
Theft,Amur Oblast,2017,7773.0,975.5,False
Theft,Magadan Oblast,2017,719.0,497.4,False
Theft,Sakhalin Oblast,2017,3928.0,824.2,False
Theft,Jewish Autonomous Oblast,2017,1484.0,918.2,False
Theft,Chukotka Autonomous Okrug,2017,197.0,405.1,False
Robbery without violence,Russian Federation,2017,56855.0,38.5,True
Robbery without violence,Belgorod Oblast,2017,259.0,16.7,False
Robbery without violence,Bryansk Oblast,2017,325.0,26.7,False
Robbery without violence,Vladimir Oblast,2017,699.0,49.9,False
Robbery without violence,Voronezh Oblast,2017,850.0,36.3,False
Robbery without violence,Ivanovo Oblast,2017,614.0,61.8,False
Robbery without violence,Kaluga Oblast,2017,395.0,37.7,False
Robbery without violence,Kostroma Oblast,2017,239.0,38.3,False
Robbery without violence,Kursk Oblast,2017,197.0,17.6,False
Robbery without violence,Lipetsk Oblast,2017,479.0,41.0,False
Robbery without violence,Moscow Oblast,2017,2709.0,34.0,False
Robbery without violence,Oryol Oblast,2017,204.0,27.1,False
Robbery without violence,Ryazan Oblast,2017,350.0,30.9,False
Robbery without violence,Smolensk Oblast,2017,314.0,33.4,False
Robbery without violence,Tambov Oblast,2017,217.0,20.9,False
Robbery without violence,Tver Oblast,2017,397.0,30.7,False
Robbery without violence,Tula Oblast,2017,357.0,23.3,False
Robbery without violence,Yaroslavl Oblast,2017,603.0,47.9,False
Robbery without violence,Moscow,2017,4466.0,35.8,False
Robbery without violence,Republic of Karelia,2017,378.0,64.5,False
Robbery without violence,Komi Republic,2017,523.0,64.4,False
Robbery without violence,Arkhangelsk Oblast,2017,685.0,64.1,False
Robbery without violence,Nenets Autonomous Okrug,2017,8.0,18.9,False
Robbery without violence,Vologda Oblast,2017,544.0,46.0,False
Robbery without violence,Kaliningrad Oblast,2017,476.0,48.2,False
Robbery without violence,Leningrad Oblast,2017,511.0,27.7,False
Robbery without violence,Murmansk Oblast,2017,262.0,36.2,False
Robbery without violence,Novgorod Oblast,2017,314.0,51.5,False
Robbery without violence,Pskov Oblast,2017,159.0,25.1,False
Robbery without violence,Saint Petersburg,2017,1920.0,35.5,False
Robbery without violence,Republic of Dagestan,2017,157.0,5.1,False
Robbery without violence,Republic of Ingushetia,2017,9.0,1.9,False
Robbery without violence,Kabardino-Balkar Republic,2017,95.0,10.7,False
Robbery without violence,Karachay-Cherkess Republic,2017,50.0,10.7,False
Robbery without violence,Republic of North Ossetia-Alania,2017,78.0,11.1,False
Robbery without violence,Chechen Republic,2017,10.0,0.7,False
Robbery without violence,Stavropol Krai,2017,597.0,20.8,False
Robbery without violence,Republic of Adygea,2017,71.0,15.1,False
Robbery without violence,Republic of Kalmykia,2017,46.0,16.6,False
Robbery without violence,Republic of Crimea,2017,671.0,34.9,False
Robbery without violence,Krasnodar Krai,2017,1259.0,22.3,False
Robbery without violence,Astrakhan Oblast,2017,328.0,32.7,False
Robbery without violence,Volgograd Oblast,2017,1397.0,54.6,False
Robbery without violence,Rostov Oblast,2017,2032.0,47.8,False
Robbery without violence,Sevastopol,2017,187.0,40.8,False
Robbery without violence,Republic of Bashkortostan,2017,1404.0,34.1,False
Robbery without violence,Mari El Republic,2017,270.0,39.3,False
Robbery without violence,Republic of Mordovia,2017,169.0,20.8,False
Robbery without violence,Republic of Tatarstan,2017,980.0,24.8,False
Robbery without violence,Udmurt Republic,2017,824.0,55.0,False
Robbery without violence,Chuvash Republic,2017,338.0,27.6,False
Robbery without violence,Perm Krai,2017,984.0,37.6,False
Robbery without violence,Kirov Oblast,2017,716.0,57.6,False
Robbery without violence,Nizhny Novgorod Oblast,2017,1421.0,44.0,False
Robbery without violence,Orenburg Oblast,2017,683.0,35.0,False
Robbery without violence,Penza Oblast,2017,206.0,15.4,False
Robbery without violence,Samara Oblast,2017,1243.0,38.6,False
Robbery without violence,Saratov Oblast,2017,677.0,26.9,False
Robbery without violence,Ulyanovsk Oblast,2017,377.0,30.3,False
Robbery without violence,Kurgan Oblast,2017,321.0,38.4,False
Robbery without violence,Sverdlovsk Oblast,2017,1855.0,42.9,False
Robbery without violence,Tyumen Oblast,2017,631.0,41.9,False
Robbery without violence,Khanty–Mansi Autonomous Okrug – Yugra,2017,269.0,16.3,False
Robbery without violence,Yamalo-Nenets Autonomous Okrug,2017,86.0,16.8,False
Robbery without violence,Chelyabinsk Oblast,2017,2773.0,79.1,False
Robbery without violence,Altai Republic,2017,67.0,31.8,False
Robbery without violence,Republic of Buryatia,2017,783.0,79.8,False
Robbery without violence,Tuva Republic,2017,602.0,187.9,False
Robbery without violence,Republic of Khakassia,2017,258.0,47.8,False
Robbery without violence,Altai Krai,2017,825.0,35.8,False
Robbery without violence,Zabaykalsky Krai,2017,740.0,70.1,False
Robbery without violence,Krasnoyarsk Krai,2017,1396.0,48.5,False
Robbery without violence,Irkutsk Oblast,2017,1529.0,63.4,False
Robbery without violence,Kemerovo Oblast,2017,2156.0,79.8,False
Robbery without violence,Novosibirsk Oblast,2017,1283.0,46.0,False
Robbery without violence,Omsk Oblast,2017,644.0,32.9,False
Robbery without violence,Tomsk Oblast,2017,564.0,52.4,False
Robbery without violence,Sakha (Yakutia) Republic,2017,411.0,42.5,False
Robbery without violence,Kamchatka Krai,2017,82.0,27.0,False
Robbery without violence,Primorsky Krai,2017,785.0,41.1,False
Robbery without violence,Khabarovsk Krai,2017,739.0,55.6,False
Robbery without violence,Amur Oblast,2017,461.0,57.9,False
Robbery without violence,Magadan Oblast,2017,68.0,47.0,False
Robbery without violence,Sakhalin Oblast,2017,227.0,47.6,False
Robbery without violence,Jewish Autonomous Oblast,2017,79.0,48.9,False
Robbery without violence,Chukotka Autonomous Okrug,2017,10.0,20.6,False
Robbery with violence,Russian Federation,2017,9104.0,6.2,True
Robbery with violence,Belgorod Oblast,2017,45.0,2.9,False
Robbery with violence,Bryansk Oblast,2017,52.0,4.3,False
Robbery with violence,Vladimir Oblast,2017,71.0,5.1,False
Robbery with violence,Voronezh Oblast,2017,174.0,7.4,False
Robbery with violence,Ivanovo Oblast,2017,80.0,8.0,False
Robbery with violence,Kaluga Oblast,2017,58.0,5.5,False
Robbery with violence,Kostroma Oblast,2017,28.0,4.5,False
Robbery with violence,Kursk Oblast,2017,53.0,4.7,False
Robbery with violence,Lipetsk Oblast,2017,40.0,3.4,False
Robbery with violence,Moscow Oblast,2017,530.0,6.7,False
Robbery with violence,Oryol Oblast,2017,24.0,3.2,False
Robbery with violence,Ryazan Oblast,2017,52.0,4.6,False
Robbery with violence,Smolensk Oblast,2017,48.0,5.1,False
Robbery with violence,Tambov Oblast,2017,27.0,2.6,False
Robbery with violence,Tver Oblast,2017,69.0,5.3,False
Robbery with violence,Tula Oblast,2017,62.0,4.0,False
Robbery with violence,Yaroslavl Oblast,2017,99.0,7.9,False
Robbery with violence,Moscow,2017,886.0,7.1,False
Robbery with violence,Republic of Karelia,2017,43.0,7.3,False
Robbery with violence,Komi Republic,2017,57.0,7.0,False
Robbery with violence,Arkhangelsk Oblast,2017,104.0,9.7,False
Robbery with violence,Nenets Autonomous Okrug,2017,1.0,2.4,False
Robbery with violence,Vologda Oblast,2017,62.0,5.2,False
Robbery with violence,Kaliningrad Oblast,2017,68.0,6.9,False
Robbery with violence,Leningrad Oblast,2017,139.0,7.5,False
Robbery with violence,Murmansk Oblast,2017,26.0,3.6,False
Robbery with violence,Novgorod Oblast,2017,38.0,6.2,False
Robbery with violence,Pskov Oblast,2017,43.0,6.8,False
Robbery with violence,Saint Petersburg,2017,421.0,7.8,False
Robbery with violence,Republic of Dagestan,2017,49.0,1.6,False
Robbery with violence,Republic of Ingushetia,2017,9.0,1.9,False
Robbery with violence,Kabardino-Balkar Republic,2017,16.0,1.8,False
Robbery with violence,Karachay-Cherkess Republic,2017,14.0,3.0,False
Robbery with violence,Republic of North Ossetia-Alania,2017,21.0,3.0,False
Robbery with violence,Chechen Republic,2017,9.0,0.6,False
Robbery with violence,Stavropol Krai,2017,163.0,5.7,False
Robbery with violence,Republic of Adygea,2017,17.0,3.6,False
Robbery with violence,Republic of Kalmykia,2017,16.0,5.8,False
Robbery with violence,Republic of Crimea,2017,122.0,6.3,False
Robbery with violence,Krasnodar Krai,2017,262.0,4.6,False
Robbery with violence,Astrakhan Oblast,2017,53.0,5.3,False
Robbery with violence,Volgograd Oblast,2017,168.0,6.6,False
Robbery with violence,Rostov Oblast,2017,302.0,7.1,False
Robbery with violence,Sevastopol,2017,38.0,8.3,False
Robbery with violence,Republic of Bashkortostan,2017,271.0,6.6,False
Robbery with violence,Mari El Republic,2017,22.0,3.2,False
Robbery with violence,Republic of Mordovia,2017,14.0,1.7,False
Robbery with violence,Republic of Tatarstan,2017,208.0,5.3,False
Robbery with violence,Udmurt Republic,2017,109.0,7.3,False
Robbery with violence,Chuvash Republic,2017,33.0,2.7,False
Robbery with violence,Perm Krai,2017,163.0,6.2,False
Robbery with violence,Kirov Oblast,2017,67.0,5.4,False
Robbery with violence,Nizhny Novgorod Oblast,2017,181.0,5.6,False
Robbery with violence,Orenburg Oblast,2017,123.0,6.3,False
Robbery with violence,Penza Oblast,2017,27.0,2.0,False
Robbery with violence,Samara Oblast,2017,208.0,6.5,False
Robbery with violence,Saratov Oblast,2017,77.0,3.1,False
Robbery with violence,Ulyanovsk Oblast,2017,91.0,7.3,False
Robbery with violence,Kurgan Oblast,2017,79.0,9.5,False
Robbery with violence,Sverdlovsk Oblast,2017,277.0,6.4,False
Robbery with violence,Tyumen Oblast,2017,82.0,5.4,False
Robbery with violence,Khanty–Mansi Autonomous Okrug – Yugra,2017,56.0,3.4,False
Robbery with violence,Yamalo-Nenets Autonomous Okrug,2017,11.0,2.1,False
Robbery with violence,Chelyabinsk Oblast,2017,345.0,9.8,False
Robbery with violence,Altai Republic,2017,10.0,4.7,False
Robbery with violence,Republic of Buryatia,2017,79.0,8.0,False
Robbery with violence,Tuva Republic,2017,71.0,22.2,False
Robbery with violence,Republic of Khakassia,2017,28.0,5.2,False
Robbery with violence,Altai Krai,2017,85.0,3.7,False
Robbery with violence,Zabaykalsky Krai,2017,122.0,11.6,False
Robbery with violence,Krasnoyarsk Krai,2017,205.0,7.1,False
Robbery with violence,Irkutsk Oblast,2017,215.0,8.9,False
Robbery with violence,Kemerovo Oblast,2017,218.0,8.1,False
Robbery with violence,Novosibirsk Oblast,2017,222.0,8.0,False
Robbery with violence,Omsk Oblast,2017,122.0,6.2,False
Robbery with violence,Tomsk Oblast,2017,85.0,7.9,False
Robbery with violence,Sakha (Yakutia) Republic,2017,49.0,5.1,False
Robbery with violence,Kamchatka Krai,2017,13.0,4.3,False
Robbery with violence,Primorsky Krai,2017,167.0,8.7,False
Robbery with violence,Khabarovsk Krai,2017,81.0,6.1,False
Robbery with violence,Amur Oblast,2017,101.0,12.7,False
Robbery with violence,Magadan Oblast,2017,5.0,3.5,False
Robbery with violence,Sakhalin Oblast,2017,21.0,4.4,False
Robbery with violence,Jewish Autonomous Oblast,2017,20.0,12.4,False
Robbery with violence,Chukotka Autonomous Okrug,2017,2.0,4.1,False
Extortion,Russian Federation,2017,5159.0,3.5,True
Extortion,Belgorod Oblast,2017,25.0,1.6,False
Extortion,Bryansk Oblast,2017,21.0,1.7,False
Extortion,Vladimir Oblast,2017,17.0,1.2,False
Extortion,Voronezh Oblast,2017,69.0,2.9,False
Extortion,Ivanovo Oblast,2017,35.0,3.5,False
Extortion,Kaluga Oblast,2017,36.0,3.4,False
Extortion,Kostroma Oblast,2017,20.0,3.2,False
Extortion,Kursk Oblast,2017,12.0,1.1,False
Extortion,Lipetsk Oblast,2017,15.0,1.3,False
Extortion,Moscow Oblast,2017,166.0,2.1,False
Extortion,Oryol Oblast,2017,19.0,2.5,False
Extortion,Ryazan Oblast,2017,3.0,0.3,False
Extortion,Smolensk Oblast,2017,15.0,1.6,False
Extortion,Tambov Oblast,2017,26.0,2.5,False
Extortion,Tver Oblast,2017,31.0,2.4,False
Extortion,Tula Oblast,2017,9.0,0.6,False
Extortion,Yaroslavl Oblast,2017,34.0,2.7,False
Extortion,Moscow,2017,323.0,2.6,False
Extortion,Republic of Karelia,2017,30.0,5.1,False
Extortion,Komi Republic,2017,86.0,10.6,False
Extortion,Arkhangelsk Oblast,2017,104.0,9.7,False
Extortion,Nenets Autonomous Okrug,2017,3.0,7.1,False
Extortion,Vologda Oblast,2017,50.0,4.2,False
Extortion,Kaliningrad Oblast,2017,49.0,5.0,False
Extortion,Leningrad Oblast,2017,28.0,1.5,False
Extortion,Murmansk Oblast,2017,46.0,6.4,False
Extortion,Novgorod Oblast,2017,8.0,1.3,False
Extortion,Pskov Oblast,2017,18.0,2.8,False
Extortion,Saint Petersburg,2017,53.0,1.0,False
Extortion,Republic of Dagestan,2017,45.0,1.5,False
Extortion,Republic of Ingushetia,2017,2.0,0.4,False
Extortion,Kabardino-Balkar Republic,2017,20.0,2.3,False
Extortion,Karachay-Cherkess Republic,2017,9.0,1.9,False
Extortion,Republic of North Ossetia-Alania,2017,17.0,2.4,False
Extortion,Chechen Republic,2017,6.0,0.4,False
Extortion,Stavropol Krai,2017,113.0,3.9,False
Extortion,Republic of Adygea,2017,10.0,2.1,False
Extortion,Republic of Kalmykia,2017,10.0,3.6,False
Extortion,Republic of Crimea,2017,38.0,2.0,False
Extortion,Krasnodar Krai,2017,99.0,1.8,False
Extortion,Astrakhan Oblast,2017,24.0,2.4,False
Extortion,Volgograd Oblast,2017,120.0,4.7,False
Extortion,Rostov Oblast,2017,75.0,1.8,False
Extortion,Sevastopol,2017,12.0,2.6,False
Extortion,Republic of Bashkortostan,2017,155.0,3.8,False
Extortion,Mari El Republic,2017,33.0,4.8,False
Extortion,Republic of Mordovia,2017,25.0,3.1,False
Extortion,Republic of Tatarstan,2017,258.0,6.5,False
Extortion,Udmurt Republic,2017,143.0,9.6,False
Extortion,Chuvash Republic,2017,47.0,3.8,False
Extortion,Perm Krai,2017,104.0,4.0,False
Extortion,Kirov Oblast,2017,99.0,8.0,False
Extortion,Nizhny Novgorod Oblast,2017,158.0,4.9,False
Extortion,Orenburg Oblast,2017,49.0,2.5,False
Extortion,Penza Oblast,2017,14.0,1.0,False
Extortion,Samara Oblast,2017,120.0,3.7,False
Extortion,Saratov Oblast,2017,42.0,1.7,False
Extortion,Ulyanovsk Oblast,2017,63.0,5.1,False
Extortion,Kurgan Oblast,2017,34.0,4.1,False
Extortion,Sverdlovsk Oblast,2017,62.0,1.4,False
Extortion,Tyumen Oblast,2017,189.0,12.6,False
Extortion,Khanty–Mansi Autonomous Okrug – Yugra,2017,128.0,7.7,False
Extortion,Yamalo-Nenets Autonomous Okrug,2017,13.0,2.5,False
Extortion,Chelyabinsk Oblast,2017,255.0,7.3,False
Extortion,Altai Republic,2017,6.0,2.8,False
Extortion,Republic of Buryatia,2017,36.0,3.7,False
Extortion,Tuva Republic,2017,3.0,0.9,False
Extortion,Republic of Khakassia,2017,13.0,2.4,False
Extortion,Altai Krai,2017,130.0,5.6,False
Extortion,Zabaykalsky Krai,2017,86.0,8.1,False
Extortion,Krasnoyarsk Krai,2017,83.0,2.9,False
Extortion,Irkutsk Oblast,2017,86.0,3.6,False
Extortion,Kemerovo Oblast,2017,152.0,5.6,False
Extortion,Novosibirsk Oblast,2017,119.0,4.3,False
Extortion,Omsk Oblast,2017,27.0,1.4,False
Extortion,Tomsk Oblast,2017,34.0,3.2,False
Extortion,Sakha (Yakutia) Republic,2017,25.0,2.6,False
Extortion,Kamchatka Krai,2017,5.0,1.6,False
Extortion,Primorsky Krai,2017,80.0,4.2,False
Extortion,Khabarovsk Krai,2017,31.0,2.3,False
Extortion,Amur Oblast,2017,64.0,8.0,False
Extortion,Magadan Oblast,2017,7.0,4.8,False
Extortion,Sakhalin Oblast,2017,13.0,2.7,False
Extortion,Jewish Autonomous Oblast,2017,3.0,1.9,False
Extortion,Chukotka Autonomous Okrug,2017,0.0,0.0,False
Hooliganism,Russian Federation,2017,2190.0,1.5,True
Hooliganism,Belgorod Oblast,2017,4.0,0.3,False
Hooliganism,Bryansk Oblast,2017,4.0,0.3,False
Hooliganism,Vladimir Oblast,2017,6.0,0.4,False
Hooliganism,Voronezh Oblast,2017,20.0,0.9,False
Hooliganism,Ivanovo Oblast,2017,18.0,1.8,False
Hooliganism,Kaluga Oblast,2017,5.0,0.5,False
Hooliganism,Kostroma Oblast,2017,4.0,0.6,False
Hooliganism,Kursk Oblast,2017,2.0,0.2,False
Hooliganism,Lipetsk Oblast,2017,7.0,0.6,False
Hooliganism,Moscow Oblast,2017,155.0,1.9,False
Hooliganism,Oryol Oblast,2017,4.0,0.5,False
Hooliganism,Ryazan Oblast,2017,8.0,0.7,False
Hooliganism,Smolensk Oblast,2017,13.0,1.4,False
Hooliganism,Tambov Oblast,2017,9.0,0.9,False
Hooliganism,Tver Oblast,2017,14.0,1.1,False
Hooliganism,Tula Oblast,2017,12.0,0.8,False
Hooliganism,Yaroslavl Oblast,2017,7.0,0.6,False
Hooliganism,Moscow,2017,370.0,3.0,False
Hooliganism,Republic of Karelia,2017,26.0,4.4,False
Hooliganism,Komi Republic,2017,39.0,4.8,False
Hooliganism,Arkhangelsk Oblast,2017,20.0,1.9,False
Hooliganism,Nenets Autonomous Okrug,2017,0.0,0.0,False
Hooliganism,Vologda Oblast,2017,25.0,2.1,False
Hooliganism,Kaliningrad Oblast,2017,5.0,0.5,False
Hooliganism,Leningrad Oblast,2017,37.0,2.0,False
Hooliganism,Murmansk Oblast,2017,14.0,1.9,False
Hooliganism,Novgorod Oblast,2017,31.0,5.1,False
Hooliganism,Pskov Oblast,2017,2.0,0.3,False
Hooliganism,Saint Petersburg,2017,90.0,1.7,False
Hooliganism,Republic of Dagestan,2017,21.0,0.7,False
Hooliganism,Republic of Ingushetia,2017,5.0,1.1,False
Hooliganism,Kabardino-Balkar Republic,2017,2.0,0.2,False
Hooliganism,Karachay-Cherkess Republic,2017,11.0,2.3,False
Hooliganism,Republic of North Ossetia-Alania,2017,6.0,0.9,False
Hooliganism,Chechen Republic,2017,4.0,0.3,False
Hooliganism,Stavropol Krai,2017,43.0,1.5,False
Hooliganism,Republic of Adygea,2017,1.0,0.2,False
Hooliganism,Republic of Kalmykia,2017,5.0,1.8,False
Hooliganism,Republic of Crimea,2017,16.0,0.8,False
Hooliganism,Krasnodar Krai,2017,42.0,0.7,False
Hooliganism,Astrakhan Oblast,2017,13.0,1.3,False
Hooliganism,Volgograd Oblast,2017,129.0,5.0,False
Hooliganism,Rostov Oblast,2017,29.0,0.7,False
Hooliganism,Sevastopol,2017,8.0,1.7,False
Hooliganism,Republic of Bashkortostan,2017,35.0,0.8,False
Hooliganism,Mari El Republic,2017,19.0,2.8,False
Hooliganism,Republic of Mordovia,2017,6.0,0.7,False
Hooliganism,Republic of Tatarstan,2017,43.0,1.1,False
Hooliganism,Udmurt Republic,2017,70.0,4.7,False
Hooliganism,Chuvash Republic,2017,8.0,0.7,False
Hooliganism,Perm Krai,2017,14.0,0.5,False
Hooliganism,Kirov Oblast,2017,57.0,4.6,False
Hooliganism,Nizhny Novgorod Oblast,2017,23.0,0.7,False
Hooliganism,Orenburg Oblast,2017,11.0,0.6,False
Hooliganism,Penza Oblast,2017,2.0,0.1,False
Hooliganism,Samara Oblast,2017,30.0,0.9,False
Hooliganism,Saratov Oblast,2017,11.0,0.4,False
Hooliganism,Ulyanovsk Oblast,2017,7.0,0.6,False
Hooliganism,Kurgan Oblast,2017,15.0,1.8,False
Hooliganism,Sverdlovsk Oblast,2017,30.0,0.7,False
Hooliganism,Tyumen Oblast,2017,41.0,2.7,False
Hooliganism,Khanty–Mansi Autonomous Okrug – Yugra,2017,35.0,2.1,False
Hooliganism,Yamalo-Nenets Autonomous Okrug,2017,3.0,0.6,False
Hooliganism,Chelyabinsk Oblast,2017,107.0,3.1,False
Hooliganism,Altai Republic,2017,0.0,0.0,False
Hooliganism,Republic of Buryatia,2017,27.0,2.8,False
Hooliganism,Tuva Republic,2017,13.0,4.1,False
Hooliganism,Republic of Khakassia,2017,9.0,1.7,False
Hooliganism,Altai Krai,2017,4.0,0.2,False
Hooliganism,Zabaykalsky Krai,2017,14.0,1.3,False
Hooliganism,Krasnoyarsk Krai,2017,28.0,1.0,False
Hooliganism,Irkutsk Oblast,2017,18.0,0.7,False
Hooliganism,Kemerovo Oblast,2017,21.0,0.8,False
Hooliganism,Novosibirsk Oblast,2017,43.0,1.5,False
Hooliganism,Omsk Oblast,2017,3.0,0.2,False
Hooliganism,Tomsk Oblast,2017,10.0,0.9,False
Hooliganism,Sakha (Yakutia) Republic,2017,15.0,1.6,False
Hooliganism,Kamchatka Krai,2017,3.0,1.0,False
Hooliganism,Primorsky Krai,2017,20.0,1.0,False
Hooliganism,Khabarovsk Krai,2017,4.0,0.3,False
Hooliganism,Amur Oblast,2017,16.0,2.0,False
Hooliganism,Magadan Oblast,2017,0.0,0.0,False
Hooliganism,Sakhalin Oblast,2017,7.0,1.5,False
Hooliganism,Jewish Autonomous Oblast,2017,2.0,1.2,False
Hooliganism,Chukotka Autonomous Okrug,2017,1.0,2.1,False
Crimes in the Sphere of Economic Activity,Russian Federation,2017,105087.0,71.2,True
Crimes in the Sphere of Economic Activity,Belgorod Oblast,2017,783.0,50.3,False
Crimes in the Sphere of Economic Activity,Bryansk Oblast,2017,611.0,50.2,False
Crimes in the Sphere of Economic Activity,Vladimir Oblast,2017,921.0,65.8,False
Crimes in the Sphere of Economic Activity,Voronezh Oblast,2017,1630.0,69.6,False
Crimes in the Sphere of Economic Activity,Ivanovo Oblast,2017,667.0,67.1,False
Crimes in the Sphere of Economic Activity,Kaluga Oblast,2017,857.0,81.8,False
Crimes in the Sphere of Economic Activity,Kostroma Oblast,2017,455.0,72.9,False
Crimes in the Sphere of Economic Activity,Kursk Oblast,2017,637.0,56.9,False
Crimes in the Sphere of Economic Activity,Lipetsk Oblast,2017,573.0,49.0,False
Crimes in the Sphere of Economic Activity,Moscow Oblast,2017,4029.0,50.6,False
Crimes in the Sphere of Economic Activity,Oryol Oblast,2017,479.0,63.6,False
Crimes in the Sphere of Economic Activity,Ryazan Oblast,2017,696.0,61.4,False
Crimes in the Sphere of Economic Activity,Smolensk Oblast,2017,828.0,88.0,False
Crimes in the Sphere of Economic Activity,Tambov Oblast,2017,414.0,39.8,False
Crimes in the Sphere of Economic Activity,Tver Oblast,2017,835.0,64.5,False
Crimes in the Sphere of Economic Activity,Tula Oblast,2017,872.0,56.8,False
Crimes in the Sphere of Economic Activity,Yaroslavl Oblast,2017,652.0,51.8,False
Crimes in the Sphere of Economic Activity,Moscow,2017,10430.0,83.6,False
Crimes in the Sphere of Economic Activity,Republic of Karelia,2017,454.0,77.5,False
Crimes in the Sphere of Economic Activity,Komi Republic,2017,941.0,116.0,False
Crimes in the Sphere of Economic Activity,Arkhangelsk Oblast,2017,992.0,92.9,False
Crimes in the Sphere of Economic Activity,Nenets Autonomous Okrug,2017,47.0,111.1,False
Crimes in the Sphere of Economic Activity,Vologda Oblast,2017,861.0,72.8,False
Crimes in the Sphere of Economic Activity,Kaliningrad Oblast,2017,725.0,73.4,False
Crimes in the Sphere of Economic Activity,Leningrad Oblast,2017,1028.0,55.8,False
Crimes in the Sphere of Economic Activity,Murmansk Oblast,2017,447.0,61.7,False
Crimes in the Sphere of Economic Activity,Novgorod Oblast,2017,453.0,74.3,False
Crimes in the Sphere of Economic Activity,Pskov Oblast,2017,457.0,72.2,False
Crimes in the Sphere of Economic Activity,Saint Petersburg,2017,2930.0,54.2,False
Crimes in the Sphere of Economic Activity,Republic of Dagestan,2017,2226.0,72.7,False
Crimes in the Sphere of Economic Activity,Republic of Ingushetia,2017,204.0,43.1,False
Crimes in the Sphere of Economic Activity,Kabardino-Balkar Republic,2017,659.0,74.6,False
Crimes in the Sphere of Economic Activity,Karachay-Cherkess Republic,2017,524.0,111.7,False
Crimes in the Sphere of Economic Activity,Republic of North Ossetia-Alania,2017,866.0,123.3,False
Crimes in the Sphere of Economic Activity,Chechen Republic,2017,623.0,44.0,False
Crimes in the Sphere of Economic Activity,Stavropol Krai,2017,2587.0,90.1,False
Crimes in the Sphere of Economic Activity,Republic of Adygea,2017,295.0,62.8,False
Crimes in the Sphere of Economic Activity,Republic of Kalmykia,2017,247.0,89.2,False
Crimes in the Sphere of Economic Activity,Republic of Crimea,2017,1066.0,55.4,False
Crimes in the Sphere of Economic Activity,Krasnodar Krai,2017,4098.0,72.5,False
Crimes in the Sphere of Economic Activity,Astrakhan Oblast,2017,923.0,92.2,False
Crimes in the Sphere of Economic Activity,Volgograd Oblast,2017,1667.0,65.2,False
Crimes in the Sphere of Economic Activity,Rostov Oblast,2017,2265.0,53.3,False
Crimes in the Sphere of Economic Activity,Sevastopol,2017,362.0,78.9,False
Crimes in the Sphere of Economic Activity,Republic of Bashkortostan,2017,2212.0,53.7,False
Crimes in the Sphere of Economic Activity,Mari El Republic,2017,411.0,59.8,False
Crimes in the Sphere of Economic Activity,Republic of Mordovia,2017,700.0,86.0,False
Crimes in the Sphere of Economic Activity,Republic of Tatarstan,2017,2574.0,65.2,False
Crimes in the Sphere of Economic Activity,Udmurt Republic,2017,921.0,61.5,False
Crimes in the Sphere of Economic Activity,Chuvash Republic,2017,1032.0,84.1,False
Crimes in the Sphere of Economic Activity,Perm Krai,2017,1770.0,67.7,False
Crimes in the Sphere of Economic Activity,Kirov Oblast,2017,848.0,68.2,False
Crimes in the Sphere of Economic Activity,Nizhny Novgorod Oblast,2017,1537.0,47.6,False
Crimes in the Sphere of Economic Activity,Orenburg Oblast,2017,1130.0,58.0,False
Crimes in the Sphere of Economic Activity,Penza Oblast,2017,609.0,45.6,False
Crimes in the Sphere of Economic Activity,Samara Oblast,2017,2164.0,67.2,False
Crimes in the Sphere of Economic Activity,Saratov Oblast,2017,1598.0,63.5,False
Crimes in the Sphere of Economic Activity,Ulyanovsk Oblast,2017,739.0,59.3,False
Crimes in the Sphere of Economic Activity,Kurgan Oblast,2017,684.0,81.8,False
Crimes in the Sphere of Economic Activity,Sverdlovsk Oblast,2017,1856.0,42.9,False
Crimes in the Sphere of Economic Activity,Tyumen Oblast,2017,1214.0,80.7,False
Crimes in the Sphere of Economic Activity,Khanty–Mansi Autonomous Okrug – Yugra,2017,1039.0,62.9,False
Crimes in the Sphere of Economic Activity,Yamalo-Nenets Autonomous Okrug,2017,368.0,71.8,False
Crimes in the Sphere of Economic Activity,Chelyabinsk Oblast,2017,2762.0,78.8,False
Crimes in the Sphere of Economic Activity,Altai Republic,2017,169.0,80.1,False
Crimes in the Sphere of Economic Activity,Republic of Buryatia,2017,838.0,85.4,False
Crimes in the Sphere of Economic Activity,Tuva Republic,2017,215.0,67.1,False
Crimes in the Sphere of Economic Activity,Republic of Khakassia,2017,281.0,52.0,False
Crimes in the Sphere of Economic Activity,Altai Krai,2017,973.0,42.2,False
Crimes in the Sphere of Economic Activity,Zabaykalsky Krai,2017,938.0,88.8,False
Crimes in the Sphere of Economic Activity,Krasnoyarsk Krai,2017,1650.0,57.3,False
Crimes in the Sphere of Economic Activity,Irkutsk Oblast,2017,1407.0,58.3,False
Crimes in the Sphere of Economic Activity,Kemerovo Oblast,2017,1046.0,38.7,False
Crimes in the Sphere of Economic Activity,Novosibirsk Oblast,2017,1887.0,67.7,False
Crimes in the Sphere of Economic Activity,Omsk Oblast,2017,1685.0,86.1,False
Crimes in the Sphere of Economic Activity,Tomsk Oblast,2017,565.0,52.5,False
Crimes in the Sphere of Economic Activity,Sakha (Yakutia) Republic,2017,498.0,51.5,False
Crimes in the Sphere of Economic Activity,Kamchatka Krai,2017,273.0,89.9,False
Crimes in the Sphere of Economic Activity,Primorsky Krai,2017,1178.0,61.7,False
Crimes in the Sphere of Economic Activity,Khabarovsk Krai,2017,819.0,61.6,False
Crimes in the Sphere of Economic Activity,Amur Oblast,2017,499.0,62.6,False
Crimes in the Sphere of Economic Activity,Magadan Oblast,2017,223.0,154.3,False
Crimes in the Sphere of Economic Activity,Sakhalin Oblast,2017,495.0,103.9,False
Crimes in the Sphere of Economic Activity,Jewish Autonomous Oblast,2017,66.0,40.8,False
Crimes in the Sphere of Economic Activity,Chukotka Autonomous Okrug,2017,32.0,65.8,False
Murder,Russian Federation,2018,8469.0,5.7,True
Murder,Belgorod Oblast,2018,63.0,4.1,False
Murder,Bryansk Oblast,2018,45.0,3.7,False
Murder,Vladimir Oblast,2018,74.0,5.3,False
Murder,Voronezh Oblast,2018,80.0,3.4,False
Murder,Ivanovo Oblast,2018,62.0,6.3,False
Murder,Kaluga Oblast,2018,62.0,5.9,False
Murder,Kostroma Oblast,2018,21.0,3.4,False
Murder,Kursk Oblast,2018,39.0,3.5,False
Murder,Lipetsk Oblast,2018,43.0,3.7,False
Murder,Moscow Oblast,2018,364.0,4.5,False
Murder,Oryol Oblast,2018,38.0,5.1,False
Murder,Ryazan Oblast,2018,45.0,4.0,False
Murder,Smolensk Oblast,2018,52.0,5.6,False
Murder,Tambov Oblast,2018,54.0,5.2,False
Murder,Tver Oblast,2018,112.0,8.7,False
Murder,Tula Oblast,2018,77.0,5.0,False
Murder,Yaroslavl Oblast,2018,61.0,4.9,False
Murder,Moscow,2018,337.0,2.7,False
Murder,Republic of Karelia,2018,47.0,8.2,False
Murder,Komi Republic,2018,85.0,10.7,False
Murder,Arkhangelsk Oblast,2018,119.0,11.3,False
Murder,Nenets Autonomous Okrug,2018,1.0,2.4,False
Murder,Vologda Oblast,2018,81.0,6.9,False
Murder,Kaliningrad Oblast,2018,37.0,3.7,False
Murder,Leningrad Oblast,2018,150.0,8.0,False
Murder,Murmansk Oblast,2018,33.0,4.6,False
Murder,Novgorod Oblast,2018,46.0,7.6,False
Murder,Pskov Oblast,2018,44.0,7.0,False
Murder,Saint Petersburg,2018,189.0,3.4,False
Murder,Republic of Dagestan,2018,82.0,2.7,False
Murder,Republic of Ingushetia,2018,17.0,3.5,False
Murder,Kabardino-Balkar Republic,2018,25.0,2.8,False
Murder,Karachay-Cherkess Republic,2018,27.0,5.7,False
Murder,Republic of North Ossetia-Alania,2018,21.0,3.0,False
Murder,Chechen Republic,2018,15.0,1.0,False
Murder,Stavropol Krai,2018,117.0,4.1,False
Murder,Republic of Adygea,2018,16.0,3.4,False
Murder,Republic of Kalmykia,2018,19.0,6.9,False
Murder,Republic of Crimea,2018,94.0,4.9,False
Murder,Krasnodar Krai,2018,245.0,4.3,False
Murder,Astrakhan Oblast,2018,48.0,4.8,False
Murder,Volgograd Oblast,2018,119.0,4.7,False
Murder,Rostov Oblast,2018,166.0,3.9,False
Murder,Sevastopol,2018,12.0,2.5,False
Murder,Republic of Bashkortostan,2018,254.0,6.2,False
Murder,Mari El Republic,2018,46.0,6.7,False
Murder,Republic of Mordovia,2018,33.0,4.1,False
Murder,Republic of Tatarstan,2018,240.0,6.1,False
Murder,Udmurt Republic,2018,79.0,5.3,False
Murder,Chuvash Republic,2018,38.0,3.1,False
Murder,Perm Krai,2018,200.0,7.7,False
Murder,Kirov Oblast,2018,67.0,5.5,False
Murder,Nizhny Novgorod Oblast,2018,215.0,6.7,False
Murder,Orenburg Oblast,2018,117.0,6.1,False
Murder,Penza Oblast,2018,40.0,3.0,False
Murder,Samara Oblast,2018,124.0,3.9,False
Murder,Saratov Oblast,2018,90.0,3.6,False
Murder,Ulyanovsk Oblast,2018,64.0,5.2,False
Murder,Kurgan Oblast,2018,94.0,11.4,False
Murder,Sverdlovsk Oblast,2018,289.0,6.7,False
Murder,Tyumen Oblast,2018,96.0,6.3,False
Murder,Khanty–Mansi Autonomous Okrug – Yugra,2018,77.0,4.6,False
Murder,Yamalo-Nenets Autonomous Okrug,2018,51.0,10.0,False
Murder,Chelyabinsk Oblast,2018,242.0,6.9,False
Murder,Altai Republic,2018,33.0,15.6,False
Murder,Republic of Buryatia,2018,180.0,18.3,False
Murder,Tuva Republic,2018,88.0,27.2,False
Murder,Republic of Khakassia,2018,64.0,11.8,False
Murder,Altai Krai,2018,146.0,6.4,False
Murder,Zabaykalsky Krai,2018,184.0,17.6,False
Murder,Krasnoyarsk Krai,2018,271.0,9.4,False
Murder,Irkutsk Oblast,2018,275.0,11.4,False
Murder,Kemerovo Oblast,2018,210.0,7.8,False
Murder,Novosibirsk Oblast,2018,178.0,6.4,False
Murder,Omsk Oblast,2018,105.0,5.4,False
Murder,Tomsk Oblast,2018,63.0,5.9,False
Murder,Sakha (Yakutia) Republic,2018,111.0,11.5,False
Murder,Kamchatka Krai,2018,32.0,10.6,False
Murder,Primorsky Krai,2018,160.0,8.4,False
Murder,Khabarovsk Krai,2018,151.0,11.4,False
Murder,Amur Oblast,2018,118.0,14.9,False
Murder,Magadan Oblast,2018,24.0,16.8,False
Murder,Sakhalin Oblast,2018,50.0,10.5,False
Murder,Jewish Autonomous Oblast,2018,27.0,17.0,False
Murder,Chukotka Autonomous Okrug,2018,8.0,16.7,False
Intentional Bodily Harm,Russian Federation,2018,23224.0,15.7,True
Intentional Bodily Harm,Belgorod Oblast,2018,128.0,8.2,False
Intentional Bodily Harm,Bryansk Oblast,2018,164.0,13.6,False
Intentional Bodily Harm,Vladimir Oblast,2018,182.0,13.1,False
Intentional Bodily Harm,Voronezh Oblast,2018,228.0,9.7,False
Intentional Bodily Harm,Ivanovo Oblast,2018,156.0,15.9,False
Intentional Bodily Harm,Kaluga Oblast,2018,151.0,14.4,False
Intentional Bodily Harm,Kostroma Oblast,2018,74.0,12.0,False
Intentional Bodily Harm,Kursk Oblast,2018,111.0,10.0,False
Intentional Bodily Harm,Lipetsk Oblast,2018,127.0,10.9,False
Intentional Bodily Harm,Moscow Oblast,2018,1006.0,12.4,False
Intentional Bodily Harm,Oryol Oblast,2018,76.0,10.2,False
Intentional Bodily Harm,Ryazan Oblast,2018,114.0,10.1,False
Intentional Bodily Harm,Smolensk Oblast,2018,152.0,16.3,False
Intentional Bodily Harm,Tambov Oblast,2018,135.0,13.1,False
Intentional Bodily Harm,Tver Oblast,2018,183.0,14.3,False
Intentional Bodily Harm,Tula Oblast,2018,197.0,12.9,False
Intentional Bodily Harm,Yaroslavl Oblast,2018,199.0,15.9,False
Intentional Bodily Harm,Moscow,2018,836.0,6.6,False
Intentional Bodily Harm,Republic of Karelia,2018,147.0,25.7,False
Intentional Bodily Harm,Komi Republic,2018,227.0,28.5,False
Intentional Bodily Harm,Arkhangelsk Oblast,2018,220.0,21.0,False
Intentional Bodily Harm,Nenets Autonomous Okrug,2018,12.0,28.5,False
Intentional Bodily Harm,Vologda Oblast,2018,237.0,20.2,False
Intentional Bodily Harm,Kaliningrad Oblast,2018,112.0,11.2,False
Intentional Bodily Harm,Leningrad Oblast,2018,250.0,13.4,False
Intentional Bodily Harm,Murmansk Oblast,2018,149.0,20.8,False
Intentional Bodily Harm,Novgorod Oblast,2018,103.0,17.1,False
Intentional Bodily Harm,Pskov Oblast,2018,105.0,16.8,False
Intentional Bodily Harm,Saint Petersburg,2018,417.0,7.6,False
Intentional Bodily Harm,Republic of Dagestan,2018,79.0,2.6,False
Intentional Bodily Harm,Republic of Ingushetia,2018,11.0,2.3,False
Intentional Bodily Harm,Kabardino-Balkar Republic,2018,67.0,7.5,False
Intentional Bodily Harm,Karachay-Cherkess Republic,2018,34.0,7.2,False
Intentional Bodily Harm,Republic of North Ossetia-Alania,2018,53.0,7.6,False
Intentional Bodily Harm,Chechen Republic,2018,9.0,0.6,False
Intentional Bodily Harm,Stavropol Krai,2018,303.0,10.5,False
Intentional Bodily Harm,Republic of Adygea,2018,41.0,8.7,False
Intentional Bodily Harm,Republic of Kalmykia,2018,42.0,15.3,False
Intentional Bodily Harm,Republic of Crimea,2018,235.0,12.2,False
Intentional Bodily Harm,Krasnodar Krai,2018,684.0,12.0,False
Intentional Bodily Harm,Astrakhan Oblast,2018,148.0,14.8,False
Intentional Bodily Harm,Volgograd Oblast,2018,307.0,12.0,False
Intentional Bodily Harm,Rostov Oblast,2018,442.0,10.4,False
Intentional Bodily Harm,Sevastopol,2018,54.0,11.3,False
Intentional Bodily Harm,Republic of Bashkortostan,2018,653.0,15.8,False
Intentional Bodily Harm,Mari El Republic,2018,108.0,15.8,False
Intentional Bodily Harm,Republic of Mordovia,2018,99.0,12.2,False
Intentional Bodily Harm,Republic of Tatarstan,2018,435.0,11.0,False
Intentional Bodily Harm,Udmurt Republic,2018,273.0,18.3,False
Intentional Bodily Harm,Chuvash Republic,2018,147.0,12.0,False
Intentional Bodily Harm,Perm Krai,2018,637.0,24.5,False
Intentional Bodily Harm,Kirov Oblast,2018,162.0,13.2,False
Intentional Bodily Harm,Nizhny Novgorod Oblast,2018,378.0,11.8,False
Intentional Bodily Harm,Orenburg Oblast,2018,352.0,18.2,False
Intentional Bodily Harm,Penza Oblast,2018,183.0,13.8,False
Intentional Bodily Harm,Samara Oblast,2018,420.0,13.1,False
Intentional Bodily Harm,Saratov Oblast,2018,256.0,10.2,False
Intentional Bodily Harm,Ulyanovsk Oblast,2018,178.0,14.4,False
Intentional Bodily Harm,Kurgan Oblast,2018,162.0,19.7,False
Intentional Bodily Harm,Sverdlovsk Oblast,2018,840.0,19.4,False
Intentional Bodily Harm,Tyumen Oblast,2018,352.0,23.0,False
Intentional Bodily Harm,Khanty–Mansi Autonomous Okrug – Yugra,2018,325.0,19.5,False
Intentional Bodily Harm,Yamalo-Nenets Autonomous Okrug,2018,107.0,20.9,False
Intentional Bodily Harm,Chelyabinsk Oblast,2018,734.0,21.0,False
Intentional Bodily Harm,Altai Republic,2018,60.0,28.4,False
Intentional Bodily Harm,Republic of Buryatia,2018,329.0,33.5,False
Intentional Bodily Harm,Tuva Republic,2018,373.0,115.2,False
Intentional Bodily Harm,Republic of Khakassia,2018,173.0,32.0,False
Intentional Bodily Harm,Altai Krai,2018,534.0,23.4,False
Intentional Bodily Harm,Zabaykalsky Krai,2018,452.0,43.2,False
Intentional Bodily Harm,Krasnoyarsk Krai,2018,780.0,27.1,False
Intentional Bodily Harm,Irkutsk Oblast,2018,869.0,36.1,False
Intentional Bodily Harm,Kemerovo Oblast,2018,901.0,33.5,False
Intentional Bodily Harm,Novosibirsk Oblast,2018,578.0,20.6,False
Intentional Bodily Harm,Omsk Oblast,2018,412.0,21.2,False
Intentional Bodily Harm,Tomsk Oblast,2018,242.0,22.5,False
Intentional Bodily Harm,Sakha (Yakutia) Republic,2018,361.0,37.3,False
Intentional Bodily Harm,Kamchatka Krai,2018,95.0,31.4,False
Intentional Bodily Harm,Primorsky Krai,2018,514.0,27.1,False
Intentional Bodily Harm,Khabarovsk Krai,2018,360.0,27.2,False
Intentional Bodily Harm,Amur Oblast,2018,272.0,34.3,False
Intentional Bodily Harm,Magadan Oblast,2018,42.0,29.4,False
Intentional Bodily Harm,Sakhalin Oblast,2018,164.0,34.3,False
Intentional Bodily Harm,Jewish Autonomous Oblast,2018,58.0,36.5,False
Intentional Bodily Harm,Chukotka Autonomous Okrug,2018,33.0,68.8,False
Rape,Russian Federation,2018,3374.0,2.3,True
Rape,Belgorod Oblast,2018,14.0,0.9,False
Rape,Bryansk Oblast,2018,13.0,1.1,False
Rape,Vladimir Oblast,2018,27.0,1.9,False
Rape,Voronezh Oblast,2018,31.0,1.3,False
Rape,Ivanovo Oblast,2018,16.0,1.6,False
Rape,Kaluga Oblast,2018,30.0,2.9,False
Rape,Kostroma Oblast,2018,8.0,1.3,False
Rape,Kursk Oblast,2018,38.0,3.4,False
Rape,Lipetsk Oblast,2018,20.0,1.7,False
Rape,Moscow Oblast,2018,110.0,1.4,False
Rape,Oryol Oblast,2018,7.0,0.9,False
Rape,Ryazan Oblast,2018,10.0,0.9,False
Rape,Smolensk Oblast,2018,18.0,1.9,False
Rape,Tambov Oblast,2018,8.0,0.8,False
Rape,Tver Oblast,2018,30.0,2.3,False
Rape,Tula Oblast,2018,19.0,1.2,False
Rape,Yaroslavl Oblast,2018,15.0,1.2,False
Rape,Moscow,2018,131.0,1.0,False
Rape,Republic of Karelia,2018,10.0,1.7,False
Rape,Komi Republic,2018,23.0,2.9,False
Rape,Arkhangelsk Oblast,2018,20.0,1.9,False
Rape,Nenets Autonomous Okrug,2018,1.0,2.4,False
Rape,Vologda Oblast,2018,9.0,0.8,False
Rape,Kaliningrad Oblast,2018,13.0,1.3,False
Rape,Leningrad Oblast,2018,35.0,1.9,False
Rape,Murmansk Oblast,2018,3.0,0.4,False
Rape,Novgorod Oblast,2018,14.0,2.3,False
Rape,Pskov Oblast,2018,4.0,0.6,False
Rape,Saint Petersburg,2018,68.0,1.2,False
Rape,Republic of Dagestan,2018,18.0,0.6,False
Rape,Republic of Ingushetia,2018,1.0,0.2,False
Rape,Kabardino-Balkar Republic,2018,14.0,1.6,False
Rape,Karachay-Cherkess Republic,2018,25.0,5.3,False
Rape,Republic of North Ossetia-Alania,2018,10.0,1.4,False
Rape,Chechen Republic,2018,2.0,0.1,False
Rape,Stavropol Krai,2018,66.0,2.3,False
Rape,Republic of Adygea,2018,6.0,1.3,False
Rape,Republic of Kalmykia,2018,9.0,3.3,False
Rape,Republic of Crimea,2018,32.0,1.7,False
Rape,Krasnodar Krai,2018,91.0,1.6,False
Rape,Astrakhan Oblast,2018,39.0,3.9,False
Rape,Volgograd Oblast,2018,32.0,1.3,False
Rape,Rostov Oblast,2018,85.0,2.0,False
Rape,Sevastopol,2018,7.0,1.5,False
Rape,Republic of Bashkortostan,2018,110.0,2.7,False
Rape,Mari El Republic,2018,1.0,0.1,False
Rape,Republic of Mordovia,2018,11.0,1.4,False
Rape,Republic of Tatarstan,2018,230.0,5.8,False
Rape,Udmurt Republic,2018,37.0,2.5,False
Rape,Chuvash Republic,2018,41.0,3.4,False
Rape,Perm Krai,2018,118.0,4.5,False
Rape,Kirov Oblast,2018,22.0,1.8,False
Rape,Nizhny Novgorod Oblast,2018,96.0,3.0,False
Rape,Orenburg Oblast,2018,59.0,3.1,False
Rape,Penza Oblast,2018,30.0,2.3,False
Rape,Samara Oblast,2018,40.0,1.2,False
Rape,Saratov Oblast,2018,85.0,3.4,False
Rape,Ulyanovsk Oblast,2018,13.0,1.0,False
Rape,Kurgan Oblast,2018,29.0,3.5,False
Rape,Sverdlovsk Oblast,2018,245.0,5.7,False
Rape,Tyumen Oblast,2018,56.0,3.7,False
Rape,Khanty–Mansi Autonomous Okrug – Yugra,2018,27.0,1.6,False
Rape,Yamalo-Nenets Autonomous Okrug,2018,16.0,3.1,False
Rape,Chelyabinsk Oblast,2018,70.0,2.0,False
Rape,Altai Republic,2018,8.0,3.8,False
Rape,Republic of Buryatia,2018,39.0,4.0,False
Rape,Tuva Republic,2018,53.0,16.4,False
Rape,Republic of Khakassia,2018,42.0,7.8,False
Rape,Altai Krai,2018,46.0,2.0,False
Rape,Zabaykalsky Krai,2018,61.0,5.8,False
Rape,Krasnoyarsk Krai,2018,112.0,3.9,False
Rape,Irkutsk Oblast,2018,48.0,2.0,False
Rape,Kemerovo Oblast,2018,87.0,3.2,False
Rape,Novosibirsk Oblast,2018,74.0,2.6,False
Rape,Omsk Oblast,2018,45.0,2.3,False
Rape,Tomsk Oblast,2018,20.0,1.9,False
Rape,Sakha (Yakutia) Republic,2018,48.0,5.0,False
Rape,Kamchatka Krai,2018,9.0,3.0,False
Rape,Primorsky Krai,2018,52.0,2.7,False
Rape,Khabarovsk Krai,2018,52.0,3.9,False
Rape,Amur Oblast,2018,15.0,1.9,False
Rape,Magadan Oblast,2018,3.0,2.1,False
Rape,Sakhalin Oblast,2018,11.0,2.3,False
Rape,Jewish Autonomous Oblast,2018,5.0,3.1,False
Rape,Chukotka Autonomous Okrug,2018,2.0,4.2,False
Theft,Russian Federation,2018,756395.0,511.8,True
Theft,Belgorod Oblast,2018,4985.0,321.0,False
Theft,Bryansk Oblast,2018,5152.0,426.4,False
Theft,Vladimir Oblast,2018,6569.0,472.5,False
Theft,Voronezh Oblast,2018,13409.0,572.3,False
Theft,Ivanovo Oblast,2018,5705.0,581.8,False
Theft,Kaluga Oblast,2018,5947.0,566.1,False
Theft,Kostroma Oblast,2018,2841.0,461.4,False
Theft,Kursk Oblast,2018,4066.0,365.7,False
Theft,Lipetsk Oblast,2018,4352.0,373.3,False
Theft,Moscow Oblast,2018,31257.0,386.4,False
Theft,Oryol Oblast,2018,3294.0,442.3,False
Theft,Ryazan Oblast,2018,3102.0,274.5,False
Theft,Smolensk Oblast,2018,4335.0,463.8,False
Theft,Tambov Oblast,2018,3836.0,371.3,False
Theft,Tver Oblast,2018,7816.0,610.0,False
Theft,Tula Oblast,2018,5048.0,329.3,False
Theft,Yaroslavl Oblast,2018,7852.0,627.2,False
Theft,Moscow,2018,62689.0,495.1,False
Theft,Republic of Karelia,2018,4920.0,860.4,False
Theft,Komi Republic,2018,4433.0,557.0,False
Theft,Arkhangelsk Oblast,2018,6686.0,637.3,False
Theft,Nenets Autonomous Okrug,2018,272.0,646.8,False
Theft,Vologda Oblast,2018,6907.0,587.3,False
Theft,Kaliningrad Oblast,2018,6147.0,616.8,False
Theft,Leningrad Oblast,2018,9104.0,486.5,False
Theft,Murmansk Oblast,2018,3740.0,523.3,False
Theft,Novgorod Oblast,2018,4510.0,747.1,False
Theft,Pskov Oblast,2018,2983.0,476.7,False
Theft,Saint Petersburg,2018,19174.0,348.9,False
Theft,Republic of Dagestan,2018,1999.0,64.8,False
Theft,Republic of Ingushetia,2018,320.0,66.7,False
Theft,Kabardino-Balkar Republic,2018,1740.0,195.8,False
Theft,Karachay-Cherkess Republic,2018,830.0,176.6,False
Theft,Republic of North Ossetia-Alania,2018,1431.0,204.2,False
Theft,Chechen Republic,2018,593.0,41.3,False
Theft,Stavropol Krai,2018,11688.0,405.9,False
Theft,Republic of Adygea,2018,1321.0,279.5,False
Theft,Republic of Kalmykia,2018,559.0,203.6,False
Theft,Republic of Crimea,2018,8970.0,464.9,False
Theft,Krasnodar Krai,2018,28029.0,492.1,False
Theft,Astrakhan Oblast,2018,3458.0,346.7,False
Theft,Volgograd Oblast,2018,16926.0,664.2,False
Theft,Rostov Oblast,2018,24671.0,581.1,False
Theft,Sevastopol,2018,1329.0,277.1,False
Theft,Republic of Bashkortostan,2018,21138.0,512.7,False
Theft,Mari El Republic,2018,2418.0,352.8,False
Theft,Republic of Mordovia,2018,1819.0,224.1,False
Theft,Republic of Tatarstan,2018,16377.0,412.9,False
Theft,Udmurt Republic,2018,8605.0,577.5,False
Theft,Chuvash Republic,2018,3354.0,274.6,False
Theft,Perm Krai,2018,15709.0,603.2,False
Theft,Kirov Oblast,2018,6817.0,555.2,False
Theft,Nizhny Novgorod Oblast,2018,16208.0,504.5,False
Theft,Orenburg Oblast,2018,9102.0,471.5,False
Theft,Penza Oblast,2018,4349.0,328.7,False
Theft,Samara Oblast,2018,16587.0,516.0,False
Theft,Saratov Oblast,2018,11418.0,455.5,False
Theft,Ulyanovsk Oblast,2018,5020.0,405.3,False
Theft,Kurgan Oblast,2018,5616.0,681.2,False
Theft,Sverdlovsk Oblast,2018,21895.0,506.3,False
Theft,Tyumen Oblast,2018,8908.0,581.9,False
Theft,Khanty–Mansi Autonomous Okrug – Yugra,2018,5943.0,357.5,False
Theft,Yamalo-Nenets Autonomous Okrug,2018,2124.0,415.5,False
Theft,Chelyabinsk Oblast,2018,24943.0,713.7,False
Theft,Altai Republic,2018,1463.0,693.0,False
Theft,Republic of Buryatia,2018,10351.0,1054.8,False
Theft,Tuva Republic,2018,3945.0,1218.0,False
Theft,Republic of Khakassia,2018,4086.0,755.9,False
Theft,Altai Krai,2018,14624.0,642.1,False
Theft,Zabaykalsky Krai,2018,10548.0,1008.4,False
Theft,Krasnoyarsk Krai,2018,19249.0,668.1,False
Theft,Irkutsk Oblast,2018,17818.0,739.9,False
Theft,Kemerovo Oblast,2018,19331.0,719.4,False
Theft,Novosibirsk Oblast,2018,21765.0,777.4,False
Theft,Omsk Oblast,2018,10386.0,534.8,False
Theft,Tomsk Oblast,2018,6591.0,613.3,False
Theft,Sakha (Yakutia) Republic,2018,3706.0,382.8,False
Theft,Kamchatka Krai,2018,1944.0,642.6,False
Theft,Primorsky Krai,2018,11142.0,586.9,False
Theft,Khabarovsk Krai,2018,9672.0,730.7,False
Theft,Amur Oblast,2018,7231.0,912.2,False
Theft,Magadan Oblast,2018,775.0,542.3,False
Theft,Sakhalin Oblast,2018,3492.0,730.0,False
Theft,Jewish Autonomous Oblast,2018,1490.0,936.5,False
Theft,Chukotka Autonomous Okrug,2018,192.0,400.1,False
Robbery without violence,Russian Federation,2018,50111.0,33.9,True
Robbery without violence,Belgorod Oblast,2018,301.0,19.4,False
Robbery without violence,Bryansk Oblast,2018,348.0,28.8,False
Robbery without violence,Vladimir Oblast,2018,641.0,46.1,False
Robbery without violence,Voronezh Oblast,2018,722.0,30.8,False
Robbery without violence,Ivanovo Oblast,2018,391.0,39.9,False
Robbery without violence,Kaluga Oblast,2018,404.0,38.5,False
Robbery without violence,Kostroma Oblast,2018,178.0,28.9,False
Robbery without violence,Kursk Oblast,2018,203.0,18.3,False
Robbery without violence,Lipetsk Oblast,2018,416.0,35.7,False
Robbery without violence,Moscow Oblast,2018,2415.0,29.9,False
Robbery without violence,Oryol Oblast,2018,240.0,32.2,False
Robbery without violence,Ryazan Oblast,2018,279.0,24.7,False
Robbery without violence,Smolensk Oblast,2018,361.0,38.6,False
Robbery without violence,Tambov Oblast,2018,214.0,20.7,False
Robbery without violence,Tver Oblast,2018,330.0,25.8,False
Robbery without violence,Tula Oblast,2018,359.0,23.4,False
Robbery without violence,Yaroslavl Oblast,2018,625.0,49.9,False
Robbery without violence,Moscow,2018,4009.0,31.7,False
Robbery without violence,Republic of Karelia,2018,383.0,67.0,False
Robbery without violence,Komi Republic,2018,377.0,47.4,False
Robbery without violence,Arkhangelsk Oblast,2018,624.0,59.5,False
Robbery without violence,Nenets Autonomous Okrug,2018,20.0,47.6,False
Robbery without violence,Vologda Oblast,2018,398.0,33.8,False
Robbery without violence,Kaliningrad Oblast,2018,441.0,44.3,False
Robbery without violence,Leningrad Oblast,2018,524.0,28.0,False
Robbery without violence,Murmansk Oblast,2018,302.0,42.3,False
Robbery without violence,Novgorod Oblast,2018,349.0,57.8,False
Robbery without violence,Pskov Oblast,2018,135.0,21.6,False
Robbery without violence,Saint Petersburg,2018,1747.0,31.8,False
Robbery without violence,Republic of Dagestan,2018,126.0,4.1,False
Robbery without violence,Republic of Ingushetia,2018,20.0,4.2,False
Robbery without violence,Kabardino-Balkar Republic,2018,93.0,10.5,False
Robbery without violence,Karachay-Cherkess Republic,2018,69.0,14.7,False
Robbery without violence,Republic of North Ossetia-Alania,2018,83.0,11.8,False
Robbery without violence,Chechen Republic,2018,6.0,0.4,False
Robbery without violence,Stavropol Krai,2018,609.0,21.1,False
Robbery without violence,Republic of Adygea,2018,53.0,11.2,False
Robbery without violence,Republic of Kalmykia,2018,47.0,17.1,False
Robbery without violence,Republic of Crimea,2018,525.0,27.2,False
Robbery without violence,Krasnodar Krai,2018,1233.0,21.6,False
Robbery without violence,Astrakhan Oblast,2018,334.0,33.5,False
Robbery without violence,Volgograd Oblast,2018,1340.0,52.6,False
Robbery without violence,Rostov Oblast,2018,1758.0,41.4,False
Robbery without violence,Sevastopol,2018,119.0,24.8,False
Robbery without violence,Republic of Bashkortostan,2018,1169.0,28.4,False
Robbery without violence,Mari El Republic,2018,215.0,31.4,False
Robbery without violence,Republic of Mordovia,2018,145.0,17.9,False
Robbery without violence,Republic of Tatarstan,2018,908.0,22.9,False
Robbery without violence,Udmurt Republic,2018,779.0,52.3,False
Robbery without violence,Chuvash Republic,2018,234.0,19.2,False
Robbery without violence,Perm Krai,2018,855.0,32.8,False
Robbery without violence,Kirov Oblast,2018,621.0,50.6,False
Robbery without violence,Nizhny Novgorod Oblast,2018,1159.0,36.1,False
Robbery without violence,Orenburg Oblast,2018,570.0,29.5,False
Robbery without violence,Penza Oblast,2018,253.0,19.1,False
Robbery without violence,Samara Oblast,2018,1102.0,34.3,False
Robbery without violence,Saratov Oblast,2018,690.0,27.5,False
Robbery without violence,Ulyanovsk Oblast,2018,413.0,33.3,False
Robbery without violence,Kurgan Oblast,2018,294.0,35.7,False
Robbery without violence,Sverdlovsk Oblast,2018,1649.0,38.1,False
Robbery without violence,Tyumen Oblast,2018,554.0,36.2,False
Robbery without violence,Khanty–Mansi Autonomous Okrug – Yugra,2018,208.0,12.5,False
Robbery without violence,Yamalo-Nenets Autonomous Okrug,2018,97.0,19.0,False
Robbery without violence,Chelyabinsk Oblast,2018,2466.0,70.6,False
Robbery without violence,Altai Republic,2018,36.0,17.1,False
Robbery without violence,Republic of Buryatia,2018,718.0,73.2,False
Robbery without violence,Tuva Republic,2018,409.0,126.3,False
Robbery without violence,Republic of Khakassia,2018,218.0,40.3,False
Robbery without violence,Altai Krai,2018,660.0,29.0,False
Robbery without violence,Zabaykalsky Krai,2018,461.0,44.1,False
Robbery without violence,Krasnoyarsk Krai,2018,1104.0,38.3,False
Robbery without violence,Irkutsk Oblast,2018,1287.0,53.4,False
Robbery without violence,Kemerovo Oblast,2018,1529.0,56.9,False
Robbery without violence,Novosibirsk Oblast,2018,1303.0,46.5,False
Robbery without violence,Omsk Oblast,2018,492.0,25.3,False
Robbery without violence,Tomsk Oblast,2018,498.0,46.3,False
Robbery without violence,Sakha (Yakutia) Republic,2018,312.0,32.2,False
Robbery without violence,Kamchatka Krai,2018,97.0,32.1,False
Robbery without violence,Primorsky Krai,2018,637.0,33.6,False
Robbery without violence,Khabarovsk Krai,2018,620.0,46.8,False
Robbery without violence,Amur Oblast,2018,421.0,53.1,False
Robbery without violence,Magadan Oblast,2018,66.0,46.2,False
Robbery without violence,Sakhalin Oblast,2018,206.0,43.1,False
Robbery without violence,Jewish Autonomous Oblast,2018,80.0,50.3,False
Robbery without violence,Chukotka Autonomous Okrug,2018,12.0,25.0,False
Robbery with violence,Russian Federation,2018,7474.0,5.1,True
Robbery with violence,Belgorod Oblast,2018,21.0,1.4,False
Robbery with violence,Bryansk Oblast,2018,49.0,4.1,False
Robbery with violence,Vladimir Oblast,2018,61.0,4.4,False
Robbery with violence,Voronezh Oblast,2018,125.0,5.3,False
Robbery with violence,Ivanovo Oblast,2018,54.0,5.5,False
Robbery with violence,Kaluga Oblast,2018,41.0,3.9,False
Robbery with violence,Kostroma Oblast,2018,21.0,3.4,False
Robbery with violence,Kursk Oblast,2018,38.0,3.4,False
Robbery with violence,Lipetsk Oblast,2018,45.0,3.9,False
Robbery with violence,Moscow Oblast,2018,472.0,5.8,False
Robbery with violence,Oryol Oblast,2018,20.0,2.7,False
Robbery with violence,Ryazan Oblast,2018,49.0,4.3,False
Robbery with violence,Smolensk Oblast,2018,40.0,4.3,False
Robbery with violence,Tambov Oblast,2018,17.0,1.6,False
Robbery with violence,Tver Oblast,2018,37.0,2.9,False
Robbery with violence,Tula Oblast,2018,63.0,4.1,False
Robbery with violence,Yaroslavl Oblast,2018,90.0,7.2,False
Robbery with violence,Moscow,2018,774.0,6.1,False
Robbery with violence,Republic of Karelia,2018,32.0,5.6,False
Robbery with violence,Komi Republic,2018,30.0,3.8,False
Robbery with violence,Arkhangelsk Oblast,2018,101.0,9.6,False
Robbery with violence,Nenets Autonomous Okrug,2018,0.0,0.0,False
Robbery with violence,Vologda Oblast,2018,58.0,4.9,False
Robbery with violence,Kaliningrad Oblast,2018,45.0,4.5,False
Robbery with violence,Leningrad Oblast,2018,137.0,7.3,False
Robbery with violence,Murmansk Oblast,2018,16.0,2.2,False
Robbery with violence,Novgorod Oblast,2018,24.0,4.0,False
Robbery with violence,Pskov Oblast,2018,35.0,5.6,False
Robbery with violence,Saint Petersburg,2018,399.0,7.3,False
Robbery with violence,Republic of Dagestan,2018,46.0,1.5,False
Robbery with violence,Republic of Ingushetia,2018,8.0,1.7,False
Robbery with violence,Kabardino-Balkar Republic,2018,23.0,2.6,False
Robbery with violence,Karachay-Cherkess Republic,2018,16.0,3.4,False
Robbery with violence,Republic of North Ossetia-Alania,2018,14.0,2.0,False
Robbery with violence,Chechen Republic,2018,7.0,0.5,False
Robbery with violence,Stavropol Krai,2018,126.0,4.4,False
Robbery with violence,Republic of Adygea,2018,9.0,1.9,False
Robbery with violence,Republic of Kalmykia,2018,5.0,1.8,False
Robbery with violence,Republic of Crimea,2018,86.0,4.5,False
Robbery with violence,Krasnodar Krai,2018,221.0,3.9,False
Robbery with violence,Astrakhan Oblast,2018,52.0,5.2,False
Robbery with violence,Volgograd Oblast,2018,149.0,5.8,False
Robbery with violence,Rostov Oblast,2018,230.0,5.4,False
Robbery with violence,Sevastopol,2018,12.0,2.5,False
Robbery with violence,Republic of Bashkortostan,2018,214.0,5.2,False
Robbery with violence,Mari El Republic,2018,18.0,2.6,False
Robbery with violence,Republic of Mordovia,2018,17.0,2.1,False
Robbery with violence,Republic of Tatarstan,2018,167.0,4.2,False
Robbery with violence,Udmurt Republic,2018,67.0,4.5,False
Robbery with violence,Chuvash Republic,2018,18.0,1.5,False
Robbery with violence,Perm Krai,2018,127.0,4.9,False
Robbery with violence,Kirov Oblast,2018,56.0,4.6,False
Robbery with violence,Nizhny Novgorod Oblast,2018,176.0,5.5,False
Robbery with violence,Orenburg Oblast,2018,68.0,3.5,False
Robbery with violence,Penza Oblast,2018,22.0,1.7,False
Robbery with violence,Samara Oblast,2018,154.0,4.8,False
Robbery with violence,Saratov Oblast,2018,95.0,3.8,False
Robbery with violence,Ulyanovsk Oblast,2018,79.0,6.4,False
Robbery with violence,Kurgan Oblast,2018,78.0,9.5,False
Robbery with violence,Sverdlovsk Oblast,2018,284.0,6.6,False
Robbery with violence,Tyumen Oblast,2018,61.0,4.0,False
Robbery with violence,Khanty–Mansi Autonomous Okrug – Yugra,2018,50.0,3.0,False
Robbery with violence,Yamalo-Nenets Autonomous Okrug,2018,14.0,2.7,False
Robbery with violence,Chelyabinsk Oblast,2018,237.0,6.8,False
Robbery with violence,Altai Republic,2018,15.0,7.1,False
Robbery with violence,Republic of Buryatia,2018,54.0,5.5,False
Robbery with violence,Tuva Republic,2018,38.0,11.7,False
Robbery with violence,Republic of Khakassia,2018,31.0,5.7,False
Robbery with violence,Altai Krai,2018,97.0,4.3,False
Robbery with violence,Zabaykalsky Krai,2018,97.0,9.3,False
Robbery with violence,Krasnoyarsk Krai,2018,176.0,6.1,False
Robbery with violence,Irkutsk Oblast,2018,177.0,7.3,False
Robbery with violence,Kemerovo Oblast,2018,154.0,5.7,False
Robbery with violence,Novosibirsk Oblast,2018,165.0,5.9,False
Robbery with violence,Omsk Oblast,2018,88.0,4.5,False
Robbery with violence,Tomsk Oblast,2018,61.0,5.7,False
Robbery with violence,Sakha (Yakutia) Republic,2018,39.0,4.0,False
Robbery with violence,Kamchatka Krai,2018,16.0,5.3,False
Robbery with violence,Primorsky Krai,2018,119.0,6.3,False
Robbery with violence,Khabarovsk Krai,2018,76.0,5.7,False
Robbery with violence,Amur Oblast,2018,46.0,5.8,False
Robbery with violence,Magadan Oblast,2018,10.0,7.0,False
Robbery with violence,Sakhalin Oblast,2018,31.0,6.5,False
Robbery with violence,Jewish Autonomous Oblast,2018,16.0,10.1,False
Robbery with violence,Chukotka Autonomous Okrug,2018,0.0,0.0,False
Extortion,Russian Federation,2018,5100.0,3.5,True
Extortion,Belgorod Oblast,2018,21.0,1.4,False
Extortion,Bryansk Oblast,2018,31.0,2.6,False
Extortion,Vladimir Oblast,2018,39.0,2.8,False
Extortion,Voronezh Oblast,2018,61.0,2.6,False
Extortion,Ivanovo Oblast,2018,23.0,2.3,False
Extortion,Kaluga Oblast,2018,26.0,2.5,False
Extortion,Kostroma Oblast,2018,5.0,0.8,False
Extortion,Kursk Oblast,2018,24.0,2.2,False
Extortion,Lipetsk Oblast,2018,16.0,1.4,False
Extortion,Moscow Oblast,2018,184.0,2.3,False
Extortion,Oryol Oblast,2018,15.0,2.0,False
Extortion,Ryazan Oblast,2018,5.0,0.4,False
Extortion,Smolensk Oblast,2018,30.0,3.2,False
Extortion,Tambov Oblast,2018,21.0,2.0,False
Extortion,Tver Oblast,2018,39.0,3.0,False
Extortion,Tula Oblast,2018,16.0,1.0,False
Extortion,Yaroslavl Oblast,2018,47.0,3.8,False
Extortion,Moscow,2018,326.0,2.6,False
Extortion,Republic of Karelia,2018,48.0,8.4,False
Extortion,Komi Republic,2018,72.0,9.0,False
Extortion,Arkhangelsk Oblast,2018,87.0,8.3,False
Extortion,Nenets Autonomous Okrug,2018,5.0,11.9,False
Extortion,Vologda Oblast,2018,47.0,4.0,False
Extortion,Kaliningrad Oblast,2018,39.0,3.9,False
Extortion,Leningrad Oblast,2018,42.0,2.2,False
Extortion,Murmansk Oblast,2018,32.0,4.5,False
Extortion,Novgorod Oblast,2018,35.0,5.8,False
Extortion,Pskov Oblast,2018,11.0,1.8,False
Extortion,Saint Petersburg,2018,64.0,1.2,False
Extortion,Republic of Dagestan,2018,53.0,1.7,False
Extortion,Republic of Ingushetia,2018,1.0,0.2,False
Extortion,Kabardino-Balkar Republic,2018,24.0,2.7,False
Extortion,Karachay-Cherkess Republic,2018,30.0,6.4,False
Extortion,Republic of North Ossetia-Alania,2018,8.0,1.1,False
Extortion,Chechen Republic,2018,0.0,0.0,False
Extortion,Stavropol Krai,2018,149.0,5.2,False
Extortion,Republic of Adygea,2018,7.0,1.5,False
Extortion,Republic of Kalmykia,2018,15.0,5.5,False
Extortion,Republic of Crimea,2018,27.0,1.4,False
Extortion,Krasnodar Krai,2018,126.0,2.2,False
Extortion,Astrakhan Oblast,2018,22.0,2.2,False
Extortion,Volgograd Oblast,2018,79.0,3.1,False
Extortion,Rostov Oblast,2018,74.0,1.7,False
Extortion,Sevastopol,2018,10.0,2.1,False
Extortion,Republic of Bashkortostan,2018,169.0,4.1,False
Extortion,Mari El Republic,2018,37.0,5.4,False
Extortion,Republic of Mordovia,2018,8.0,1.0,False
Extortion,Republic of Tatarstan,2018,259.0,6.5,False
Extortion,Udmurt Republic,2018,115.0,7.7,False
Extortion,Chuvash Republic,2018,49.0,4.0,False
Extortion,Perm Krai,2018,128.0,4.9,False
Extortion,Kirov Oblast,2018,85.0,6.9,False
Extortion,Nizhny Novgorod Oblast,2018,144.0,4.5,False
Extortion,Orenburg Oblast,2018,42.0,2.2,False
Extortion,Penza Oblast,2018,23.0,1.7,False
Extortion,Samara Oblast,2018,105.0,3.3,False
Extortion,Saratov Oblast,2018,75.0,3.0,False
Extortion,Ulyanovsk Oblast,2018,45.0,3.6,False
Extortion,Kurgan Oblast,2018,26.0,3.2,False
Extortion,Sverdlovsk Oblast,2018,96.0,2.2,False
Extortion,Tyumen Oblast,2018,172.0,11.2,False
Extortion,Khanty–Mansi Autonomous Okrug – Yugra,2018,97.0,5.8,False
Extortion,Yamalo-Nenets Autonomous Okrug,2018,21.0,4.1,False
Extortion,Chelyabinsk Oblast,2018,220.0,6.3,False
Extortion,Altai Republic,2018,15.0,7.1,False
Extortion,Republic of Buryatia,2018,51.0,5.2,False
Extortion,Tuva Republic,2018,3.0,0.9,False
Extortion,Republic of Khakassia,2018,25.0,4.6,False
Extortion,Altai Krai,2018,108.0,4.7,False
Extortion,Zabaykalsky Krai,2018,45.0,4.3,False
Extortion,Krasnoyarsk Krai,2018,86.0,3.0,False
Extortion,Irkutsk Oblast,2018,60.0,2.5,False
Extortion,Kemerovo Oblast,2018,89.0,3.3,False
Extortion,Novosibirsk Oblast,2018,182.0,6.5,False
Extortion,Omsk Oblast,2018,19.0,1.0,False
Extortion,Tomsk Oblast,2018,23.0,2.1,False
Extortion,Sakha (Yakutia) Republic,2018,32.0,3.3,False
Extortion,Kamchatka Krai,2018,13.0,4.3,False
Extortion,Primorsky Krai,2018,76.0,4.0,False
Extortion,Khabarovsk Krai,2018,37.0,2.8,False
Extortion,Amur Oblast,2018,47.0,5.9,False
Extortion,Magadan Oblast,2018,6.0,4.2,False
Extortion,Sakhalin Oblast,2018,22.0,4.6,False
Extortion,Jewish Autonomous Oblast,2018,10.0,6.3,False
Extortion,Chukotka Autonomous Okrug,2018,0.0,0.0,False
Hooliganism,Russian Federation,2018,2091.0,1.4,True
Hooliganism,Belgorod Oblast,2018,8.0,0.5,False
Hooliganism,Bryansk Oblast,2018,12.0,1.0,False
Hooliganism,Vladimir Oblast,2018,5.0,0.4,False
Hooliganism,Voronezh Oblast,2018,14.0,0.6,False
Hooliganism,Ivanovo Oblast,2018,12.0,1.2,False
Hooliganism,Kaluga Oblast,2018,10.0,1.0,False
Hooliganism,Kostroma Oblast,2018,4.0,0.6,False
Hooliganism,Kursk Oblast,2018,0.0,0.0,False
Hooliganism,Lipetsk Oblast,2018,6.0,0.5,False
Hooliganism,Moscow Oblast,2018,154.0,1.9,False
Hooliganism,Oryol Oblast,2018,9.0,1.2,False
Hooliganism,Ryazan Oblast,2018,7.0,0.6,False
Hooliganism,Smolensk Oblast,2018,24.0,2.6,False
Hooliganism,Tambov Oblast,2018,19.0,1.8,False
Hooliganism,Tver Oblast,2018,15.0,1.2,False
Hooliganism,Tula Oblast,2018,11.0,0.7,False
Hooliganism,Yaroslavl Oblast,2018,19.0,1.5,False
Hooliganism,Moscow,2018,342.0,2.7,False
Hooliganism,Republic of Karelia,2018,19.0,3.3,False
Hooliganism,Komi Republic,2018,20.0,2.5,False
Hooliganism,Arkhangelsk Oblast,2018,26.0,2.5,False
Hooliganism,Nenets Autonomous Okrug,2018,4.0,9.5,False
Hooliganism,Vologda Oblast,2018,14.0,1.2,False
Hooliganism,Kaliningrad Oblast,2018,12.0,1.2,False
Hooliganism,Leningrad Oblast,2018,34.0,1.8,False
Hooliganism,Murmansk Oblast,2018,15.0,2.1,False
Hooliganism,Novgorod Oblast,2018,15.0,2.5,False
Hooliganism,Pskov Oblast,2018,7.0,1.1,False
Hooliganism,Saint Petersburg,2018,93.0,1.7,False
Hooliganism,Republic of Dagestan,2018,17.0,0.6,False
Hooliganism,Republic of Ingushetia,2018,3.0,0.6,False
Hooliganism,Kabardino-Balkar Republic,2018,6.0,0.7,False
Hooliganism,Karachay-Cherkess Republic,2018,6.0,1.3,False
Hooliganism,Republic of North Ossetia-Alania,2018,4.0,0.6,False
Hooliganism,Chechen Republic,2018,1.0,0.1,False
Hooliganism,Stavropol Krai,2018,37.0,1.3,False
Hooliganism,Republic of Adygea,2018,2.0,0.4,False
Hooliganism,Republic of Kalmykia,2018,5.0,1.8,False
Hooliganism,Republic of Crimea,2018,9.0,0.5,False
Hooliganism,Krasnodar Krai,2018,54.0,0.9,False
Hooliganism,Astrakhan Oblast,2018,20.0,2.0,False
Hooliganism,Volgograd Oblast,2018,79.0,3.1,False
Hooliganism,Rostov Oblast,2018,29.0,0.7,False
Hooliganism,Sevastopol,2018,6.0,1.3,False
Hooliganism,Republic of Bashkortostan,2018,33.0,0.8,False
Hooliganism,Mari El Republic,2018,5.0,0.7,False
Hooliganism,Republic of Mordovia,2018,2.0,0.2,False
Hooliganism,Republic of Tatarstan,2018,28.0,0.7,False
Hooliganism,Udmurt Republic,2018,70.0,4.7,False
Hooliganism,Chuvash Republic,2018,13.0,1.1,False
Hooliganism,Perm Krai,2018,12.0,0.5,False
Hooliganism,Kirov Oblast,2018,63.0,5.1,False
Hooliganism,Nizhny Novgorod Oblast,2018,50.0,1.6,False
Hooliganism,Orenburg Oblast,2018,15.0,0.8,False
Hooliganism,Penza Oblast,2018,3.0,0.2,False
Hooliganism,Samara Oblast,2018,21.0,0.7,False
Hooliganism,Saratov Oblast,2018,10.0,0.4,False
Hooliganism,Ulyanovsk Oblast,2018,7.0,0.6,False
Hooliganism,Kurgan Oblast,2018,10.0,1.2,False
Hooliganism,Sverdlovsk Oblast,2018,39.0,0.9,False
Hooliganism,Tyumen Oblast,2018,38.0,2.5,False
Hooliganism,Khanty–Mansi Autonomous Okrug – Yugra,2018,37.0,2.2,False
Hooliganism,Yamalo-Nenets Autonomous Okrug,2018,6.0,1.2,False
Hooliganism,Chelyabinsk Oblast,2018,83.0,2.4,False
Hooliganism,Altai Republic,2018,2.0,0.9,False
Hooliganism,Republic of Buryatia,2018,30.0,3.1,False
Hooliganism,Tuva Republic,2018,14.0,4.3,False
Hooliganism,Republic of Khakassia,2018,7.0,1.3,False
Hooliganism,Altai Krai,2018,7.0,0.3,False
Hooliganism,Zabaykalsky Krai,2018,14.0,1.3,False
Hooliganism,Krasnoyarsk Krai,2018,28.0,1.0,False
Hooliganism,Irkutsk Oblast,2018,13.0,0.5,False
Hooliganism,Kemerovo Oblast,2018,7.0,0.3,False
Hooliganism,Novosibirsk Oblast,2018,51.0,1.8,False
Hooliganism,Omsk Oblast,2018,7.0,0.4,False
Hooliganism,Tomsk Oblast,2018,3.0,0.3,False
Hooliganism,Sakha (Yakutia) Republic,2018,21.0,2.2,False
Hooliganism,Kamchatka Krai,2018,1.0,0.3,False
Hooliganism,Primorsky Krai,2018,14.0,0.7,False
Hooliganism,Khabarovsk Krai,2018,9.0,0.7,False
Hooliganism,Amur Oblast,2018,3.0,0.4,False
Hooliganism,Magadan Oblast,2018,1.0,0.7,False
Hooliganism,Sakhalin Oblast,2018,11.0,2.3,False
Hooliganism,Jewish Autonomous Oblast,2018,2.0,1.3,False
Hooliganism,Chukotka Autonomous Okrug,2018,1.0,2.1,False
Crimes in the Sphere of Economic Activity,Russian Federation,2018,109463.0,74.1,True
Crimes in the Sphere of Economic Activity,Belgorod Oblast,2018,793.0,51.1,False
Crimes in the Sphere of Economic Activity,Bryansk Oblast,2018,562.0,46.5,False
Crimes in the Sphere of Economic Activity,Vladimir Oblast,2018,977.0,70.3,False
Crimes in the Sphere of Economic Activity,Voronezh Oblast,2018,1576.0,67.3,False
Crimes in the Sphere of Economic Activity,Ivanovo Oblast,2018,700.0,71.4,False
Crimes in the Sphere of Economic Activity,Kaluga Oblast,2018,823.0,78.3,False
Crimes in the Sphere of Economic Activity,Kostroma Oblast,2018,432.0,70.2,False
Crimes in the Sphere of Economic Activity,Kursk Oblast,2018,634.0,57.0,False
Crimes in the Sphere of Economic Activity,Lipetsk Oblast,2018,545.0,46.8,False
Crimes in the Sphere of Economic Activity,Moscow Oblast,2018,3688.0,45.6,False
Crimes in the Sphere of Economic Activity,Oryol Oblast,2018,508.0,68.2,False
Crimes in the Sphere of Economic Activity,Ryazan Oblast,2018,744.0,65.8,False
Crimes in the Sphere of Economic Activity,Smolensk Oblast,2018,660.0,70.6,False
Crimes in the Sphere of Economic Activity,Tambov Oblast,2018,457.0,44.2,False
Crimes in the Sphere of Economic Activity,Tver Oblast,2018,1001.0,78.1,False
Crimes in the Sphere of Economic Activity,Tula Oblast,2018,917.0,59.8,False
Crimes in the Sphere of Economic Activity,Yaroslavl Oblast,2018,650.0,51.9,False
Crimes in the Sphere of Economic Activity,Moscow,2018,12997.0,102.6,False
Crimes in the Sphere of Economic Activity,Republic of Karelia,2018,469.0,82.0,False
Crimes in the Sphere of Economic Activity,Komi Republic,2018,799.0,100.4,False
Crimes in the Sphere of Economic Activity,Arkhangelsk Oblast,2018,1113.0,106.1,False
Crimes in the Sphere of Economic Activity,Nenets Autonomous Okrug,2018,69.0,164.1,False
Crimes in the Sphere of Economic Activity,Vologda Oblast,2018,775.0,65.9,False
Crimes in the Sphere of Economic Activity,Kaliningrad Oblast,2018,608.0,61.0,False
Crimes in the Sphere of Economic Activity,Leningrad Oblast,2018,1226.0,65.5,False
Crimes in the Sphere of Economic Activity,Murmansk Oblast,2018,463.0,64.8,False
Crimes in the Sphere of Economic Activity,Novgorod Oblast,2018,472.0,78.2,False
Crimes in the Sphere of Economic Activity,Pskov Oblast,2018,590.0,94.3,False
Crimes in the Sphere of Economic Activity,Saint Petersburg,2018,3196.0,58.2,False
Crimes in the Sphere of Economic Activity,Republic of Dagestan,2018,2117.0,68.6,False
Crimes in the Sphere of Economic Activity,Republic of Ingushetia,2018,198.0,41.2,False
Crimes in the Sphere of Economic Activity,Kabardino-Balkar Republic,2018,697.0,78.4,False
Crimes in the Sphere of Economic Activity,Karachay-Cherkess Republic,2018,493.0,104.9,False
Crimes in the Sphere of Economic Activity,Republic of North Ossetia-Alania,2018,781.0,111.5,False
Crimes in the Sphere of Economic Activity,Chechen Republic,2018,621.0,43.2,False
Crimes in the Sphere of Economic Activity,Stavropol Krai,2018,2214.0,76.9,False
Crimes in the Sphere of Economic Activity,Republic of Adygea,2018,305.0,64.5,False
Crimes in the Sphere of Economic Activity,Republic of Kalmykia,2018,195.0,71.0,False
Crimes in the Sphere of Economic Activity,Republic of Crimea,2018,1037.0,53.7,False
Crimes in the Sphere of Economic Activity,Krasnodar Krai,2018,4048.0,71.1,False
Crimes in the Sphere of Economic Activity,Astrakhan Oblast,2018,905.0,90.7,False
Crimes in the Sphere of Economic Activity,Volgograd Oblast,2018,1483.0,58.2,False
Crimes in the Sphere of Economic Activity,Rostov Oblast,2018,2178.0,51.3,False
Crimes in the Sphere of Economic Activity,Sevastopol,2018,240.0,50.0,False
Crimes in the Sphere of Economic Activity,Republic of Bashkortostan,2018,2456.0,59.6,False
Crimes in the Sphere of Economic Activity,Mari El Republic,2018,542.0,79.1,False
Crimes in the Sphere of Economic Activity,Republic of Mordovia,2018,789.0,97.2,False
Crimes in the Sphere of Economic Activity,Republic of Tatarstan,2018,2204.0,55.6,False
Crimes in the Sphere of Economic Activity,Udmurt Republic,2018,1245.0,83.6,False
Crimes in the Sphere of Economic Activity,Chuvash Republic,2018,1018.0,83.3,False
Crimes in the Sphere of Economic Activity,Perm Krai,2018,2065.0,79.3,False
Crimes in the Sphere of Economic Activity,Kirov Oblast,2018,786.0,64.0,False
Crimes in the Sphere of Economic Activity,Nizhny Novgorod Oblast,2018,2145.0,66.8,False
Crimes in the Sphere of Economic Activity,Orenburg Oblast,2018,1299.0,67.3,False
Crimes in the Sphere of Economic Activity,Penza Oblast,2018,686.0,51.8,False
Crimes in the Sphere of Economic Activity,Samara Oblast,2018,2246.0,69.9,False
Crimes in the Sphere of Economic Activity,Saratov Oblast,2018,1597.0,63.7,False
Crimes in the Sphere of Economic Activity,Ulyanovsk Oblast,2018,826.0,66.7,False
Crimes in the Sphere of Economic Activity,Kurgan Oblast,2018,655.0,79.5,False
Crimes in the Sphere of Economic Activity,Sverdlovsk Oblast,2018,2528.0,58.5,False
Crimes in the Sphere of Economic Activity,Tyumen Oblast,2018,1202.0,78.5,False
Crimes in the Sphere of Economic Activity,Khanty–Mansi Autonomous Okrug – Yugra,2018,1326.0,79.8,False
Crimes in the Sphere of Economic Activity,Yamalo-Nenets Autonomous Okrug,2018,336.0,65.7,False
Crimes in the Sphere of Economic Activity,Chelyabinsk Oblast,2018,3137.0,89.8,False
Crimes in the Sphere of Economic Activity,Altai Republic,2018,172.0,81.5,False
Crimes in the Sphere of Economic Activity,Republic of Buryatia,2018,730.0,74.4,False
Crimes in the Sphere of Economic Activity,Tuva Republic,2018,172.0,53.1,False
Crimes in the Sphere of Economic Activity,Republic of Khakassia,2018,338.0,62.5,False
Crimes in the Sphere of Economic Activity,Altai Krai,2018,1031.0,45.3,False
Crimes in the Sphere of Economic Activity,Zabaykalsky Krai,2018,373.0,35.7,False
Crimes in the Sphere of Economic Activity,Krasnoyarsk Krai,2018,1582.0,54.9,False
Crimes in the Sphere of Economic Activity,Irkutsk Oblast,2018,2003.0,83.2,False
Crimes in the Sphere of Economic Activity,Kemerovo Oblast,2018,1071.0,39.9,False
Crimes in the Sphere of Economic Activity,Novosibirsk Oblast,2018,2126.0,75.9,False
Crimes in the Sphere of Economic Activity,Omsk Oblast,2018,1662.0,85.6,False
Crimes in the Sphere of Economic Activity,Tomsk Oblast,2018,627.0,58.3,False
Crimes in the Sphere of Economic Activity,Sakha (Yakutia) Republic,2018,590.0,60.9,False
Crimes in the Sphere of Economic Activity,Kamchatka Krai,2018,297.0,98.2,False
Crimes in the Sphere of Economic Activity,Primorsky Krai,2018,945.0,49.8,False
Crimes in the Sphere of Economic Activity,Khabarovsk Krai,2018,710.0,53.6,False
Crimes in the Sphere of Economic Activity,Amur Oblast,2018,448.0,56.5,False
Crimes in the Sphere of Economic Activity,Magadan Oblast,2018,222.0,155.3,False
Crimes in the Sphere of Economic Activity,Sakhalin Oblast,2018,305.0,63.8,False
Crimes in the Sphere of Economic Activity,Jewish Autonomous Oblast,2018,96.0,60.3,False
Crimes in the Sphere of Economic Activity,Chukotka Autonomous Okrug,2018,34.0,70.8,False
Murder,Russian Federation,2019,7879.0,5.3,True
Murder,Belgorod Oblast,2019,47.0,3.0,False
Murder,Bryansk Oblast,2019,56.0,4.7,False
Murder,Vladimir Oblast,2019,62.0,4.5,False
Murder,Voronezh Oblast,2019,86.0,3.7,False
Murder,Ivanovo Oblast,2019,53.0,5.5,False
Murder,Kaluga Oblast,2019,48.0,4.6,False
Murder,Kostroma Oblast,2019,31.0,5.1,False
Murder,Kursk Oblast,2019,32.0,2.9,False
Murder,Lipetsk Oblast,2019,48.0,4.1,False
Murder,Moscow Oblast,2019,364.0,4.4,False
Murder,Oryol Oblast,2019,50.0,6.8,False
Murder,Ryazan Oblast,2019,34.0,3.0,False
Murder,Smolensk Oblast,2019,60.0,6.5,False
Murder,Tambov Oblast,2019,46.0,4.5,False
Murder,Tver Oblast,2019,81.0,6.4,False
Murder,Tula Oblast,2019,64.0,4.2,False
Murder,Yaroslavl Oblast,2019,71.0,5.7,False
Murder,Moscow,2019,285.0,2.2,False
Murder,Republic of Karelia,2019,43.0,7.7,False
Murder,Komi Republic,2019,65.0,8.3,False
Murder,Arkhangelsk Oblast,2019,127.0,12.3,False
Murder,Nenets Autonomous Okrug,2019,3.0,7.2,False
Murder,Vologda Oblast,2019,63.0,5.4,False
Murder,Kaliningrad Oblast,2019,46.0,4.6,False
Murder,Leningrad Oblast,2019,142.0,7.4,False
Murder,Murmansk Oblast,2019,34.0,4.8,False
Murder,Novgorod Oblast,2019,40.0,6.7,False
Murder,Pskov Oblast,2019,32.0,5.2,False
Murder,Saint Petersburg,2019,138.0,2.5,False
Murder,Republic of Dagestan,2019,68.0,2.2,False
Murder,Republic of Ingushetia,2019,13.0,2.7,False
Murder,Kabardino-Balkar Republic,2019,31.0,3.5,False
Murder,Karachay-Cherkess Republic,2019,18.0,3.8,False
Murder,Republic of North Ossetia-Alania,2019,24.0,3.4,False
Murder,Chechen Republic,2019,14.0,1.0,False
Murder,Stavropol Krai,2019,111.0,3.8,False
Murder,Republic of Adygea,2019,19.0,4.0,False
Murder,Republic of Kalmykia,2019,21.0,7.7,False
Murder,Republic of Crimea,2019,73.0,3.8,False
Murder,Krasnodar Krai,2019,215.0,3.7,False
Murder,Astrakhan Oblast,2019,43.0,4.3,False
Murder,Volgograd Oblast,2019,130.0,5.1,False
Murder,Rostov Oblast,2019,163.0,3.9,False
Murder,Sevastopol,2019,17.0,3.4,False
Murder,Republic of Bashkortostan,2019,238.0,5.8,False
Murder,Mari El Republic,2019,49.0,7.2,False
Murder,Republic of Mordovia,2019,28.0,3.5,False
Murder,Republic of Tatarstan,2019,205.0,5.1,False
Murder,Udmurt Republic,2019,79.0,5.3,False
Murder,Chuvash Republic,2019,45.0,3.7,False
Murder,Perm Krai,2019,174.0,6.7,False
Murder,Kirov Oblast,2019,78.0,6.4,False
Murder,Nizhny Novgorod Oblast,2019,178.0,5.6,False
Murder,Orenburg Oblast,2019,110.0,5.8,False
Murder,Penza Oblast,2019,37.0,2.8,False
Murder,Samara Oblast,2019,133.0,4.1,False
Murder,Saratov Oblast,2019,104.0,4.2,False
Murder,Ulyanovsk Oblast,2019,92.0,7.5,False
Murder,Kurgan Oblast,2019,97.0,12.0,False
Murder,Sverdlovsk Oblast,2019,285.0,6.6,False
Murder,Tyumen Oblast,2019,90.0,5.8,False
Murder,Khanty–Mansi Autonomous Okrug – Yugra,2019,70.0,4.2,False
Murder,Yamalo-Nenets Autonomous Okrug,2019,45.0,8.8,False
Murder,Chelyabinsk Oblast,2019,213.0,6.1,False
Murder,Altai Republic,2019,22.0,10.4,False
Murder,Republic of Buryatia,2019,162.0,16.5,False
Murder,Tuva Republic,2019,114.0,34.9,False
Murder,Republic of Khakassia,2019,47.0,8.7,False
Murder,Altai Krai,2019,171.0,7.6,False
Murder,Zabaykalsky Krai,2019,166.0,16.0,False
Murder,Krasnoyarsk Krai,2019,229.0,8.0,False
Murder,Irkutsk Oblast,2019,247.0,10.3,False
Murder,Kemerovo Oblast,2019,186.0,7.0,False
Murder,Novosibirsk Oblast,2019,137.0,4.9,False
Murder,Omsk Oblast,2019,88.0,4.6,False
Murder,Tomsk Oblast,2019,49.0,4.6,False
Murder,Sakha (Yakutia) Republic,2019,106.0,10.9,False
Murder,Kamchatka Krai,2019,25.0,8.3,False
Murder,Primorsky Krai,2019,152.0,8.1,False
Murder,Khabarovsk Krai,2019,138.0,10.5,False
Murder,Amur Oblast,2019,120.0,15.3,False
Murder,Magadan Oblast,2019,34.0,24.3,False
Murder,Sakhalin Oblast,2019,41.0,8.6,False
Murder,Jewish Autonomous Oblast,2019,27.0,17.2,False
Murder,Chukotka Autonomous Okrug,2019,10.0,20.8,False
Intentional Bodily Harm,Russian Federation,2019,21465.0,14.5,True
Intentional Bodily Harm,Belgorod Oblast,2019,110.0,7.1,False
Intentional Bodily Harm,Bryansk Oblast,2019,177.0,14.8,False
Intentional Bodily Harm,Vladimir Oblast,2019,191.0,13.8,False
Intentional Bodily Harm,Voronezh Oblast,2019,196.0,8.4,False
Intentional Bodily Harm,Ivanovo Oblast,2019,134.0,13.9,False
Intentional Bodily Harm,Kaluga Oblast,2019,142.0,13.5,False
Intentional Bodily Harm,Kostroma Oblast,2019,86.0,14.2,False
Intentional Bodily Harm,Kursk Oblast,2019,120.0,10.9,False
Intentional Bodily Harm,Lipetsk Oblast,2019,114.0,9.8,False
Intentional Bodily Harm,Moscow Oblast,2019,979.0,11.9,False
Intentional Bodily Harm,Oryol Oblast,2019,65.0,8.8,False
Intentional Bodily Harm,Ryazan Oblast,2019,105.0,9.3,False
Intentional Bodily Harm,Smolensk Oblast,2019,147.0,15.9,False
Intentional Bodily Harm,Tambov Oblast,2019,113.0,11.1,False
Intentional Bodily Harm,Tver Oblast,2019,158.0,12.5,False
Intentional Bodily Harm,Tula Oblast,2019,196.0,12.8,False
Intentional Bodily Harm,Yaroslavl Oblast,2019,200.0,16.1,False
Intentional Bodily Harm,Moscow,2019,822.0,6.4,False
Intentional Bodily Harm,Republic of Karelia,2019,113.0,20.2,False
Intentional Bodily Harm,Komi Republic,2019,247.0,31.7,False
Intentional Bodily Harm,Arkhangelsk Oblast,2019,203.0,19.7,False
Intentional Bodily Harm,Nenets Autonomous Okrug,2019,8.0,19.2,False
Intentional Bodily Harm,Vologda Oblast,2019,239.0,20.5,False
Intentional Bodily Harm,Kaliningrad Oblast,2019,129.0,12.8,False
Intentional Bodily Harm,Leningrad Oblast,2019,253.0,13.2,False
Intentional Bodily Harm,Murmansk Oblast,2019,148.0,21.0,False
Intentional Bodily Harm,Novgorod Oblast,2019,95.0,15.9,False
Intentional Bodily Harm,Pskov Oblast,2019,103.0,16.7,False
Intentional Bodily Harm,Saint Petersburg,2019,388.0,7.0,False
Intentional Bodily Harm,Republic of Dagestan,2019,75.0,2.4,False
Intentional Bodily Harm,Republic of Ingushetia,2019,12.0,2.5,False
Intentional Bodily Harm,Kabardino-Balkar Republic,2019,53.0,5.9,False
Intentional Bodily Harm,Karachay-Cherkess Republic,2019,30.0,6.4,False
Intentional Bodily Harm,Republic of North Ossetia-Alania,2019,40.0,5.7,False
Intentional Bodily Harm,Chechen Republic,2019,5.0,0.3,False
Intentional Bodily Harm,Stavropol Krai,2019,310.0,10.7,False
Intentional Bodily Harm,Republic of Adygea,2019,43.0,9.0,False
Intentional Bodily Harm,Republic of Kalmykia,2019,31.0,11.4,False
Intentional Bodily Harm,Republic of Crimea,2019,188.0,9.7,False
Intentional Bodily Harm,Krasnodar Krai,2019,629.0,10.9,False
Intentional Bodily Harm,Astrakhan Oblast,2019,102.0,10.3,False
Intentional Bodily Harm,Volgograd Oblast,2019,310.0,12.2,False
Intentional Bodily Harm,Rostov Oblast,2019,405.0,9.6,False
Intentional Bodily Harm,Sevastopol,2019,51.0,10.2,False
Intentional Bodily Harm,Republic of Bashkortostan,2019,576.0,14.0,False
Intentional Bodily Harm,Mari El Republic,2019,114.0,16.7,False
Intentional Bodily Harm,Republic of Mordovia,2019,84.0,10.5,False
Intentional Bodily Harm,Republic of Tatarstan,2019,399.0,10.0,False
Intentional Bodily Harm,Udmurt Republic,2019,285.0,19.2,False
Intentional Bodily Harm,Chuvash Republic,2019,138.0,11.4,False
Intentional Bodily Harm,Perm Krai,2019,586.0,22.6,False
Intentional Bodily Harm,Kirov Oblast,2019,129.0,10.7,False
Intentional Bodily Harm,Nizhny Novgorod Oblast,2019,343.0,10.8,False
Intentional Bodily Harm,Orenburg Oblast,2019,314.0,16.4,False
Intentional Bodily Harm,Penza Oblast,2019,154.0,11.8,False
Intentional Bodily Harm,Samara Oblast,2019,333.0,10.4,False
Intentional Bodily Harm,Saratov Oblast,2019,262.0,10.5,False
Intentional Bodily Harm,Ulyanovsk Oblast,2019,170.0,13.8,False
Intentional Bodily Harm,Kurgan Oblast,2019,139.0,17.1,False
Intentional Bodily Harm,Sverdlovsk Oblast,2019,734.0,17.0,False
Intentional Bodily Harm,Tyumen Oblast,2019,354.0,22.8,False
Intentional Bodily Harm,Khanty–Mansi Autonomous Okrug – Yugra,2019,284.0,17.0,False
Intentional Bodily Harm,Yamalo-Nenets Autonomous Okrug,2019,131.0,25.7,False
Intentional Bodily Harm,Chelyabinsk Oblast,2019,659.0,18.9,False
Intentional Bodily Harm,Altai Republic,2019,65.0,30.8,False
Intentional Bodily Harm,Republic of Buryatia,2019,334.0,34.1,False
Intentional Bodily Harm,Tuva Republic,2019,332.0,101.6,False
Intentional Bodily Harm,Republic of Khakassia,2019,141.0,26.1,False
Intentional Bodily Harm,Altai Krai,2019,423.0,18.8,False
Intentional Bodily Harm,Zabaykalsky Krai,2019,403.0,38.9,False
Intentional Bodily Harm,Krasnoyarsk Krai,2019,764.0,26.5,False
Intentional Bodily Harm,Irkutsk Oblast,2019,796.0,33.1,False
Intentional Bodily Harm,Kemerovo Oblast,2019,827.0,31.0,False
Intentional Bodily Harm,Novosibirsk Oblast,2019,492.0,17.5,False
Intentional Bodily Harm,Omsk Oblast,2019,337.0,17.5,False
Intentional Bodily Harm,Tomsk Oblast,2019,227.0,21.1,False
Intentional Bodily Harm,Sakha (Yakutia) Republic,2019,337.0,34.7,False
Intentional Bodily Harm,Kamchatka Krai,2019,76.0,25.3,False
Intentional Bodily Harm,Primorsky Krai,2019,532.0,28.2,False
Intentional Bodily Harm,Khabarovsk Krai,2019,288.0,21.9,False
Intentional Bodily Harm,Amur Oblast,2019,263.0,33.4,False
Intentional Bodily Harm,Magadan Oblast,2019,38.0,27.2,False
Intentional Bodily Harm,Sakhalin Oblast,2019,160.0,33.6,False
Intentional Bodily Harm,Jewish Autonomous Oblast,2019,62.0,39.6,False
Intentional Bodily Harm,Chukotka Autonomous Okrug,2019,29.0,60.3,False
Rape,Russian Federation,2019,3177.0,2.1,True
Rape,Belgorod Oblast,2019,5.0,0.3,False
Rape,Bryansk Oblast,2019,17.0,1.4,False
Rape,Vladimir Oblast,2019,18.0,1.3,False
Rape,Voronezh Oblast,2019,38.0,1.6,False
Rape,Ivanovo Oblast,2019,12.0,1.2,False
Rape,Kaluga Oblast,2019,33.0,3.1,False
Rape,Kostroma Oblast,2019,21.0,3.5,False
Rape,Kursk Oblast,2019,18.0,1.6,False
Rape,Lipetsk Oblast,2019,5.0,0.4,False
Rape,Moscow Oblast,2019,120.0,1.5,False
Rape,Oryol Oblast,2019,6.0,0.8,False
Rape,Ryazan Oblast,2019,10.0,0.9,False
Rape,Smolensk Oblast,2019,17.0,1.8,False
Rape,Tambov Oblast,2019,8.0,0.8,False
Rape,Tver Oblast,2019,27.0,2.1,False
Rape,Tula Oblast,2019,8.0,0.5,False
Rape,Yaroslavl Oblast,2019,26.0,2.1,False
Rape,Moscow,2019,133.0,1.0,False
Rape,Republic of Karelia,2019,11.0,2.0,False
Rape,Komi Republic,2019,24.0,3.1,False
Rape,Arkhangelsk Oblast,2019,26.0,2.5,False
Rape,Nenets Autonomous Okrug,2019,0.0,0.0,False
Rape,Vologda Oblast,2019,15.0,1.3,False
Rape,Kaliningrad Oblast,2019,8.0,0.8,False
Rape,Leningrad Oblast,2019,62.0,3.2,False
Rape,Murmansk Oblast,2019,3.0,0.4,False
Rape,Novgorod Oblast,2019,10.0,1.7,False
Rape,Pskov Oblast,2019,12.0,1.9,False
Rape,Saint Petersburg,2019,60.0,1.1,False
Rape,Republic of Dagestan,2019,17.0,0.5,False
Rape,Republic of Ingushetia,2019,1.0,0.2,False
Rape,Kabardino-Balkar Republic,2019,57.0,6.4,False
Rape,Karachay-Cherkess Republic,2019,13.0,2.8,False
Rape,Republic of North Ossetia-Alania,2019,3.0,0.4,False
Rape,Chechen Republic,2019,1.0,0.1,False
Rape,Stavropol Krai,2019,57.0,2.0,False
Rape,Republic of Adygea,2019,7.0,1.5,False
Rape,Republic of Kalmykia,2019,12.0,4.4,False
Rape,Republic of Crimea,2019,22.0,1.1,False
Rape,Krasnodar Krai,2019,101.0,1.8,False
Rape,Astrakhan Oblast,2019,117.0,11.8,False
Rape,Volgograd Oblast,2019,48.0,1.9,False
Rape,Rostov Oblast,2019,59.0,1.4,False
Rape,Sevastopol,2019,5.0,1.0,False
Rape,Republic of Bashkortostan,2019,110.0,2.7,False
Rape,Mari El Republic,2019,12.0,1.8,False
Rape,Republic of Mordovia,2019,9.0,1.1,False
Rape,Republic of Tatarstan,2019,66.0,1.7,False
Rape,Udmurt Republic,2019,56.0,3.8,False
Rape,Chuvash Republic,2019,23.0,1.9,False
Rape,Perm Krai,2019,125.0,4.8,False
Rape,Kirov Oblast,2019,19.0,1.6,False
Rape,Nizhny Novgorod Oblast,2019,67.0,2.1,False
Rape,Orenburg Oblast,2019,65.0,3.4,False
Rape,Penza Oblast,2019,12.0,0.9,False
Rape,Samara Oblast,2019,24.0,0.7,False
Rape,Saratov Oblast,2019,46.0,1.8,False
Rape,Ulyanovsk Oblast,2019,16.0,1.3,False
Rape,Kurgan Oblast,2019,26.0,3.2,False
Rape,Sverdlovsk Oblast,2019,170.0,3.9,False
Rape,Tyumen Oblast,2019,61.0,3.9,False
Rape,Khanty–Mansi Autonomous Okrug – Yugra,2019,19.0,1.1,False
Rape,Yamalo-Nenets Autonomous Okrug,2019,44.0,8.6,False
Rape,Chelyabinsk Oblast,2019,84.0,2.4,False
Rape,Altai Republic,2019,12.0,5.7,False
Rape,Republic of Buryatia,2019,35.0,3.6,False
Rape,Tuva Republic,2019,29.0,8.9,False
Rape,Republic of Khakassia,2019,12.0,2.2,False
Rape,Altai Krai,2019,60.0,2.7,False
Rape,Zabaykalsky Krai,2019,63.0,6.1,False
Rape,Krasnoyarsk Krai,2019,60.0,2.1,False
Rape,Irkutsk Oblast,2019,110.0,4.6,False
Rape,Kemerovo Oblast,2019,64.0,2.4,False
Rape,Novosibirsk Oblast,2019,154.0,5.5,False
Rape,Omsk Oblast,2019,29.0,1.5,False
Rape,Tomsk Oblast,2019,31.0,2.9,False
Rape,Sakha (Yakutia) Republic,2019,53.0,5.5,False
Rape,Kamchatka Krai,2019,7.0,2.3,False
Rape,Primorsky Krai,2019,33.0,1.7,False
Rape,Khabarovsk Krai,2019,30.0,2.3,False
Rape,Amur Oblast,2019,33.0,4.2,False
Rape,Magadan Oblast,2019,5.0,3.6,False
Rape,Sakhalin Oblast,2019,3.0,0.6,False
Rape,Jewish Autonomous Oblast,2019,6.0,3.8,False
Rape,Chukotka Autonomous Okrug,2019,3.0,6.2,False
Theft,Russian Federation,2019,774159.0,523.6,True
Theft,Belgorod Oblast,2019,5328.0,343.5,False
Theft,Bryansk Oblast,2019,4644.0,387.9,False
Theft,Vladimir Oblast,2019,6504.0,471.5,False
Theft,Voronezh Oblast,2019,15148.0,647.7,False
Theft,Ivanovo Oblast,2019,5582.0,578.3,False
Theft,Kaluga Oblast,2019,6032.0,572.6,False
Theft,Kostroma Oblast,2019,2836.0,468.2,False
Theft,Kursk Oblast,2019,5040.0,456.9,False
Theft,Lipetsk Oblast,2019,4418.0,380.2,False
Theft,Moscow Oblast,2019,28809.0,349.9,False
Theft,Oryol Oblast,2019,3151.0,427.8,False
Theft,Ryazan Oblast,2019,3429.0,305.1,False
Theft,Smolensk Oblast,2019,5236.0,565.6,False
Theft,Tambov Oblast,2019,4060.0,399.9,False
Theft,Tver Oblast,2019,8066.0,636.8,False
Theft,Tula Oblast,2019,4514.0,295.9,False
Theft,Yaroslavl Oblast,2019,7829.0,629.4,False
Theft,Moscow,2019,65599.0,511.4,False
Theft,Republic of Karelia,2019,5219.0,932.9,False
Theft,Komi Republic,2019,4821.0,618.8,False
Theft,Arkhangelsk Oblast,2019,7040.0,683.5,False
Theft,Nenets Autonomous Okrug,2019,211.0,507.0,False
Theft,Vologda Oblast,2019,6175.0,529.2,False
Theft,Kaliningrad Oblast,2019,6675.0,664.5,False
Theft,Leningrad Oblast,2019,11690.0,610.9,False
Theft,Murmansk Oblast,2019,3547.0,503.9,False
Theft,Novgorod Oblast,2019,4466.0,748.0,False
Theft,Pskov Oblast,2019,2776.0,449.6,False
Theft,Saint Petersburg,2019,19227.0,346.7,False
Theft,Republic of Dagestan,2019,1615.0,51.9,False
Theft,Republic of Ingushetia,2019,265.0,54.3,False
Theft,Kabardino-Balkar Republic,2019,1847.0,207.0,False
Theft,Karachay-Cherkess Republic,2019,930.0,197.9,False
Theft,Republic of North Ossetia-Alania,2019,1375.0,197.1,False
Theft,Chechen Republic,2019,863.0,59.3,False
Theft,Stavropol Krai,2019,12977.0,449.8,False
Theft,Republic of Adygea,2019,1375.0,288.5,False
Theft,Republic of Kalmykia,2019,645.0,237.4,False
Theft,Republic of Crimea,2019,8247.0,426.7,False
Theft,Krasnodar Krai,2019,28953.0,503.2,False
Theft,Astrakhan Oblast,2019,3315.0,334.5,False
Theft,Volgograd Oblast,2019,18491.0,728.4,False
Theft,Rostov Oblast,2019,27031.0,638.9,False
Theft,Sevastopol,2019,1252.0,250.6,False
Theft,Republic of Bashkortostan,2019,19945.0,484.3,False
Theft,Mari El Republic,2019,2724.0,398.3,False
Theft,Republic of Mordovia,2019,1911.0,237.9,False
Theft,Republic of Tatarstan,2019,20008.0,502.5,False
Theft,Udmurt Republic,2019,9694.0,654.4,False
Theft,Chuvash Republic,2019,3339.0,275.4,False
Theft,Perm Krai,2019,15662.0,604.9,False
Theft,Kirov Oblast,2019,6694.0,553.4,False
Theft,Nizhny Novgorod Oblast,2019,16430.0,515.2,False
Theft,Orenburg Oblast,2019,8972.0,469.8,False
Theft,Penza Oblast,2019,4331.0,331.1,False
Theft,Samara Oblast,2019,16557.0,516.3,False
Theft,Saratov Oblast,2019,11337.0,455.2,False
Theft,Ulyanovsk Oblast,2019,4223.0,343.5,False
Theft,Kurgan Oblast,2019,5624.0,693.9,False
Theft,Sverdlovsk Oblast,2019,22004.0,509.9,False
Theft,Tyumen Oblast,2019,9277.0,596.4,False
Theft,Khanty–Mansi Autonomous Okrug – Yugra,2019,6031.0,360.7,False
Theft,Yamalo-Nenets Autonomous Okrug,2019,2131.0,417.3,False
Theft,Chelyabinsk Oblast,2019,26823.0,771.3,False
Theft,Altai Republic,2019,1195.0,566.5,False
Theft,Republic of Buryatia,2019,9718.0,992.1,False
Theft,Tuva Republic,2019,3626.0,1109.2,False
Theft,Republic of Khakassia,2019,3584.0,664.1,False
Theft,Altai Krai,2019,13787.0,612.7,False
Theft,Zabaykalsky Krai,2019,9528.0,920.5,False
Theft,Krasnoyarsk Krai,2019,19759.0,686.3,False
Theft,Irkutsk Oblast,2019,19899.0,828.3,False
Theft,Kemerovo Oblast,2019,20425.0,766.3,False
Theft,Novosibirsk Oblast,2019,24393.0,869.4,False
Theft,Omsk Oblast,2019,8253.0,429.0,False
Theft,Tomsk Oblast,2019,6037.0,562.4,False
Theft,Sakha (Yakutia) Republic,2019,3745.0,385.5,False
Theft,Kamchatka Krai,2019,1721.0,573.9,False
Theft,Primorsky Krai,2019,10445.0,553.7,False
Theft,Khabarovsk Krai,2019,10431.0,792.2,False
Theft,Amur Oblast,2019,8216.0,1044.4,False
Theft,Magadan Oblast,2019,781.0,558.3,False
Theft,Sakhalin Oblast,2019,3244.0,681.2,False
Theft,Jewish Autonomous Oblast,2019,1383.0,882.8,False
Theft,Chukotka Autonomous Okrug,2019,193.0,401.3,False
Robbery without violence,Russian Federation,2019,45815.0,31.0,True
Robbery without violence,Belgorod Oblast,2019,294.0,19.0,False
Robbery without violence,Bryansk Oblast,2019,249.0,20.8,False
Robbery without violence,Vladimir Oblast,2019,543.0,39.4,False
Robbery without violence,Voronezh Oblast,2019,688.0,29.4,False
Robbery without violence,Ivanovo Oblast,2019,383.0,39.7,False
Robbery without violence,Kaluga Oblast,2019,316.0,30.0,False
Robbery without violence,Kostroma Oblast,2019,195.0,32.2,False
Robbery without violence,Kursk Oblast,2019,195.0,17.7,False
Robbery without violence,Lipetsk Oblast,2019,349.0,30.0,False
Robbery without violence,Moscow Oblast,2019,2069.0,25.1,False
Robbery without violence,Oryol Oblast,2019,211.0,28.6,False
Robbery without violence,Ryazan Oblast,2019,258.0,23.0,False
Robbery without violence,Smolensk Oblast,2019,405.0,43.7,False
Robbery without violence,Tambov Oblast,2019,209.0,20.6,False
Robbery without violence,Tver Oblast,2019,372.0,29.4,False
Robbery without violence,Tula Oblast,2019,318.0,20.8,False
Robbery without violence,Yaroslavl Oblast,2019,628.0,50.5,False
Robbery without violence,Moscow,2019,3671.0,28.6,False
Robbery without violence,Republic of Karelia,2019,377.0,67.4,False
Robbery without violence,Komi Republic,2019,411.0,52.8,False
Robbery without violence,Arkhangelsk Oblast,2019,694.0,67.4,False
Robbery without violence,Nenets Autonomous Okrug,2019,15.0,36.0,False
Robbery without violence,Vologda Oblast,2019,404.0,34.6,False
Robbery without violence,Kaliningrad Oblast,2019,348.0,34.6,False
Robbery without violence,Leningrad Oblast,2019,506.0,26.4,False
Robbery without violence,Murmansk Oblast,2019,270.0,38.4,False
Robbery without violence,Novgorod Oblast,2019,376.0,63.0,False
Robbery without violence,Pskov Oblast,2019,124.0,20.1,False
Robbery without violence,Saint Petersburg,2019,1543.0,27.8,False
Robbery without violence,Republic of Dagestan,2019,89.0,2.9,False
Robbery without violence,Republic of Ingushetia,2019,16.0,3.3,False
Robbery without violence,Kabardino-Balkar Republic,2019,88.0,9.9,False
Robbery without violence,Karachay-Cherkess Republic,2019,57.0,12.1,False
Robbery without violence,Republic of North Ossetia-Alania,2019,62.0,8.9,False
Robbery without violence,Chechen Republic,2019,3.0,0.2,False
Robbery without violence,Stavropol Krai,2019,604.0,20.9,False
Robbery without violence,Republic of Adygea,2019,67.0,14.1,False
Robbery without violence,Republic of Kalmykia,2019,50.0,18.4,False
Robbery without violence,Republic of Crimea,2019,459.0,23.7,False
Robbery without violence,Krasnodar Krai,2019,1183.0,20.6,False
Robbery without violence,Astrakhan Oblast,2019,313.0,31.6,False
Robbery without violence,Volgograd Oblast,2019,1551.0,61.1,False
Robbery without violence,Rostov Oblast,2019,1621.0,38.3,False
Robbery without violence,Sevastopol,2019,104.0,20.8,False
Robbery without violence,Republic of Bashkortostan,2019,1096.0,26.6,False
Robbery without violence,Mari El Republic,2019,215.0,31.4,False
Robbery without violence,Republic of Mordovia,2019,129.0,16.1,False
Robbery without violence,Republic of Tatarstan,2019,882.0,22.1,False
Robbery without violence,Udmurt Republic,2019,693.0,46.8,False
Robbery without violence,Chuvash Republic,2019,184.0,15.2,False
Robbery without violence,Perm Krai,2019,686.0,26.5,False
Robbery without violence,Kirov Oblast,2019,517.0,42.7,False
Robbery without violence,Nizhny Novgorod Oblast,2019,1004.0,31.5,False
Robbery without violence,Orenburg Oblast,2019,514.0,26.9,False
Robbery without violence,Penza Oblast,2019,162.0,12.4,False
Robbery without violence,Samara Oblast,2019,922.0,28.8,False
Robbery without violence,Saratov Oblast,2019,615.0,24.7,False
Robbery without violence,Ulyanovsk Oblast,2019,299.0,24.3,False
Robbery without violence,Kurgan Oblast,2019,218.0,26.9,False
Robbery without violence,Sverdlovsk Oblast,2019,1612.0,37.4,False
Robbery without violence,Tyumen Oblast,2019,466.0,30.0,False
Robbery without violence,Khanty–Mansi Autonomous Okrug – Yugra,2019,170.0,10.2,False
Robbery without violence,Yamalo-Nenets Autonomous Okrug,2019,77.0,15.1,False
Robbery without violence,Chelyabinsk Oblast,2019,2696.0,77.5,False
Robbery without violence,Altai Republic,2019,47.0,22.3,False
Robbery without violence,Republic of Buryatia,2019,589.0,60.1,False
Robbery without violence,Tuva Republic,2019,279.0,85.3,False
Robbery without violence,Republic of Khakassia,2019,157.0,29.1,False
Robbery without violence,Altai Krai,2019,505.0,22.4,False
Robbery without violence,Zabaykalsky Krai,2019,391.0,37.8,False
Robbery without violence,Krasnoyarsk Krai,2019,862.0,29.9,False
Robbery without violence,Irkutsk Oblast,2019,1245.0,51.8,False
Robbery without violence,Kemerovo Oblast,2019,1280.0,48.0,False
Robbery without violence,Novosibirsk Oblast,2019,1219.0,43.4,False
Robbery without violence,Omsk Oblast,2019,390.0,20.3,False
Robbery without violence,Tomsk Oblast,2019,411.0,38.3,False
Robbery without violence,Sakha (Yakutia) Republic,2019,322.0,33.1,False
Robbery without violence,Kamchatka Krai,2019,79.0,26.3,False
Robbery without violence,Primorsky Krai,2019,541.0,28.7,False
Robbery without violence,Khabarovsk Krai,2019,600.0,45.6,False
Robbery without violence,Amur Oblast,2019,438.0,55.7,False
Robbery without violence,Magadan Oblast,2019,42.0,30.0,False
Robbery without violence,Sakhalin Oblast,2019,150.0,31.5,False
Robbery without violence,Jewish Autonomous Oblast,2019,74.0,47.2,False
Robbery without violence,Chukotka Autonomous Okrug,2019,9.0,18.7,False
Robbery with violence,Russian Federation,2019,6739.0,4.6,True
Robbery with violence,Belgorod Oblast,2019,25.0,1.6,False
Robbery with violence,Bryansk Oblast,2019,36.0,3.0,False
Robbery with violence,Vladimir Oblast,2019,45.0,3.3,False
Robbery with violence,Voronezh Oblast,2019,121.0,5.2,False
Robbery with violence,Ivanovo Oblast,2019,49.0,5.1,False
Robbery with violence,Kaluga Oblast,2019,43.0,4.1,False
Robbery with violence,Kostroma Oblast,2019,21.0,3.5,False
Robbery with violence,Kursk Oblast,2019,47.0,4.3,False
Robbery with violence,Lipetsk Oblast,2019,35.0,3.0,False
Robbery with violence,Moscow Oblast,2019,427.0,5.2,False
Robbery with violence,Oryol Oblast,2019,24.0,3.3,False
Robbery with violence,Ryazan Oblast,2019,29.0,2.6,False
Robbery with violence,Smolensk Oblast,2019,41.0,4.4,False
Robbery with violence,Tambov Oblast,2019,18.0,1.8,False
Robbery with violence,Tver Oblast,2019,39.0,3.1,False
Robbery with violence,Tula Oblast,2019,52.0,3.4,False
Robbery with violence,Yaroslavl Oblast,2019,78.0,6.3,False
Robbery with violence,Moscow,2019,729.0,5.7,False
Robbery with violence,Republic of Karelia,2019,39.0,7.0,False
Robbery with violence,Komi Republic,2019,39.0,5.0,False
Robbery with violence,Arkhangelsk Oblast,2019,85.0,8.3,False
Robbery with violence,Nenets Autonomous Okrug,2019,1.0,2.4,False
Robbery with violence,Vologda Oblast,2019,40.0,3.4,False
Robbery with violence,Kaliningrad Oblast,2019,45.0,4.5,False
Robbery with violence,Leningrad Oblast,2019,115.0,6.0,False
Robbery with violence,Murmansk Oblast,2019,26.0,3.7,False
Robbery with violence,Novgorod Oblast,2019,19.0,3.2,False
Robbery with violence,Pskov Oblast,2019,31.0,5.0,False
Robbery with violence,Saint Petersburg,2019,309.0,5.6,False
Robbery with violence,Republic of Dagestan,2019,37.0,1.2,False
Robbery with violence,Republic of Ingushetia,2019,4.0,0.8,False
Robbery with violence,Kabardino-Balkar Republic,2019,16.0,1.8,False
Robbery with violence,Karachay-Cherkess Republic,2019,11.0,2.3,False
Robbery with violence,Republic of North Ossetia-Alania,2019,13.0,1.9,False
Robbery with violence,Chechen Republic,2019,3.0,0.2,False
Robbery with violence,Stavropol Krai,2019,114.0,4.0,False
Robbery with violence,Republic of Adygea,2019,10.0,2.1,False
Robbery with violence,Republic of Kalmykia,2019,4.0,1.5,False
Robbery with violence,Republic of Crimea,2019,74.0,3.8,False
Robbery with violence,Krasnodar Krai,2019,236.0,4.1,False
Robbery with violence,Astrakhan Oblast,2019,47.0,4.7,False
Robbery with violence,Volgograd Oblast,2019,116.0,4.6,False
Robbery with violence,Rostov Oblast,2019,227.0,5.4,False
Robbery with violence,Sevastopol,2019,16.0,3.2,False
Robbery with violence,Republic of Bashkortostan,2019,185.0,4.5,False
Robbery with violence,Mari El Republic,2019,20.0,2.9,False
Robbery with violence,Republic of Mordovia,2019,12.0,1.5,False
Robbery with violence,Republic of Tatarstan,2019,176.0,4.4,False
Robbery with violence,Udmurt Republic,2019,72.0,4.9,False
Robbery with violence,Chuvash Republic,2019,14.0,1.2,False
Robbery with violence,Perm Krai,2019,91.0,3.5,False
Robbery with violence,Kirov Oblast,2019,44.0,3.6,False
Robbery with violence,Nizhny Novgorod Oblast,2019,144.0,4.5,False
Robbery with violence,Orenburg Oblast,2019,72.0,3.8,False
Robbery with violence,Penza Oblast,2019,15.0,1.1,False
Robbery with violence,Samara Oblast,2019,146.0,4.6,False
Robbery with violence,Saratov Oblast,2019,79.0,3.2,False
Robbery with violence,Ulyanovsk Oblast,2019,51.0,4.1,False
Robbery with violence,Kurgan Oblast,2019,41.0,5.1,False
Robbery with violence,Sverdlovsk Oblast,2019,235.0,5.4,False
Robbery with violence,Tyumen Oblast,2019,66.0,4.2,False
Robbery with violence,Khanty–Mansi Autonomous Okrug – Yugra,2019,50.0,3.0,False
Robbery with violence,Yamalo-Nenets Autonomous Okrug,2019,14.0,2.7,False
Robbery with violence,Chelyabinsk Oblast,2019,262.0,7.5,False
Robbery with violence,Altai Republic,2019,9.0,4.3,False
Robbery with violence,Republic of Buryatia,2019,59.0,6.0,False
Robbery with violence,Tuva Republic,2019,37.0,11.3,False
Robbery with violence,Republic of Khakassia,2019,25.0,4.6,False
Robbery with violence,Altai Krai,2019,71.0,3.2,False
Robbery with violence,Zabaykalsky Krai,2019,54.0,5.2,False
Robbery with violence,Krasnoyarsk Krai,2019,160.0,5.6,False
Robbery with violence,Irkutsk Oblast,2019,185.0,7.7,False
Robbery with violence,Kemerovo Oblast,2019,121.0,4.5,False
Robbery with violence,Novosibirsk Oblast,2019,167.0,6.0,False
Robbery with violence,Omsk Oblast,2019,81.0,4.2,False
Robbery with violence,Tomsk Oblast,2019,46.0,4.3,False
Robbery with violence,Sakha (Yakutia) Republic,2019,40.0,4.1,False
Robbery with violence,Kamchatka Krai,2019,12.0,4.0,False
Robbery with violence,Primorsky Krai,2019,99.0,5.2,False
Robbery with violence,Khabarovsk Krai,2019,71.0,5.4,False
Robbery with violence,Amur Oblast,2019,61.0,7.8,False
Robbery with violence,Magadan Oblast,2019,11.0,7.9,False
Robbery with violence,Sakhalin Oblast,2019,29.0,6.1,False
Robbery with violence,Jewish Autonomous Oblast,2019,9.0,5.7,False
Robbery with violence,Chukotka Autonomous Okrug,2019,1.0,2.1,False
Extortion,Russian Federation,2019,5384.0,3.6,True
Extortion,Belgorod Oblast,2019,43.0,2.8,False
Extortion,Bryansk Oblast,2019,22.0,1.8,False
Extortion,Vladimir Oblast,2019,25.0,1.8,False
Extortion,Voronezh Oblast,2019,82.0,3.5,False
Extortion,Ivanovo Oblast,2019,42.0,4.4,False
Extortion,Kaluga Oblast,2019,37.0,3.5,False
Extortion,Kostroma Oblast,2019,11.0,1.8,False
Extortion,Kursk Oblast,2019,28.0,2.5,False
Extortion,Lipetsk Oblast,2019,23.0,2.0,False
Extortion,Moscow Oblast,2019,140.0,1.7,False
Extortion,Oryol Oblast,2019,8.0,1.1,False
Extortion,Ryazan Oblast,2019,2.0,0.2,False
Extortion,Smolensk Oblast,2019,38.0,4.1,False
Extortion,Tambov Oblast,2019,48.0,4.7,False
Extortion,Tver Oblast,2019,58.0,4.6,False
Extortion,Tula Oblast,2019,23.0,1.5,False
Extortion,Yaroslavl Oblast,2019,42.0,3.4,False
Extortion,Moscow,2019,359.0,2.8,False
Extortion,Republic of Karelia,2019,38.0,6.8,False
Extortion,Komi Republic,2019,109.0,14.0,False
Extortion,Arkhangelsk Oblast,2019,86.0,8.3,False
Extortion,Nenets Autonomous Okrug,2019,3.0,7.2,False
Extortion,Vologda Oblast,2019,45.0,3.9,False
Extortion,Kaliningrad Oblast,2019,38.0,3.8,False
Extortion,Leningrad Oblast,2019,50.0,2.6,False
Extortion,Murmansk Oblast,2019,34.0,4.8,False
Extortion,Novgorod Oblast,2019,36.0,6.0,False
Extortion,Pskov Oblast,2019,12.0,1.9,False
Extortion,Saint Petersburg,2019,77.0,1.4,False
Extortion,Republic of Dagestan,2019,29.0,0.9,False
Extortion,Republic of Ingushetia,2019,5.0,1.0,False
Extortion,Kabardino-Balkar Republic,2019,20.0,2.2,False
Extortion,Karachay-Cherkess Republic,2019,40.0,8.5,False
Extortion,Republic of North Ossetia-Alania,2019,13.0,1.9,False
Extortion,Chechen Republic,2019,2.0,0.1,False
Extortion,Stavropol Krai,2019,122.0,4.2,False
Extortion,Republic of Adygea,2019,22.0,4.6,False
Extortion,Republic of Kalmykia,2019,15.0,5.5,False
Extortion,Republic of Crimea,2019,29.0,1.5,False
Extortion,Krasnodar Krai,2019,133.0,2.3,False
Extortion,Astrakhan Oblast,2019,20.0,2.0,False
Extortion,Volgograd Oblast,2019,122.0,4.8,False
Extortion,Rostov Oblast,2019,108.0,2.6,False
Extortion,Sevastopol,2019,16.0,3.2,False
Extortion,Republic of Bashkortostan,2019,154.0,3.7,False
Extortion,Mari El Republic,2019,29.0,4.2,False
Extortion,Republic of Mordovia,2019,28.0,3.5,False
Extortion,Republic of Tatarstan,2019,290.0,7.3,False
Extortion,Udmurt Republic,2019,126.0,8.5,False
Extortion,Chuvash Republic,2019,52.0,4.3,False
Extortion,Perm Krai,2019,106.0,4.1,False
Extortion,Kirov Oblast,2019,123.0,10.2,False
Extortion,Nizhny Novgorod Oblast,2019,144.0,4.5,False
Extortion,Orenburg Oblast,2019,55.0,2.9,False
Extortion,Penza Oblast,2019,34.0,2.6,False
Extortion,Samara Oblast,2019,104.0,3.2,False
Extortion,Saratov Oblast,2019,68.0,2.7,False
Extortion,Ulyanovsk Oblast,2019,43.0,3.5,False
Extortion,Kurgan Oblast,2019,48.0,5.9,False
Extortion,Sverdlovsk Oblast,2019,80.0,1.9,False
Extortion,Tyumen Oblast,2019,132.0,8.5,False
Extortion,Khanty–Mansi Autonomous Okrug – Yugra,2019,170.0,10.2,False
Extortion,Yamalo-Nenets Autonomous Okrug,2019,18.0,3.5,False
Extortion,Chelyabinsk Oblast,2019,219.0,6.3,False
Extortion,Altai Republic,2019,8.0,3.8,False
Extortion,Republic of Buryatia,2019,39.0,4.0,False
Extortion,Tuva Republic,2019,7.0,2.1,False
Extortion,Republic of Khakassia,2019,26.0,4.8,False
Extortion,Altai Krai,2019,124.0,5.5,False
Extortion,Zabaykalsky Krai,2019,32.0,3.1,False
Extortion,Krasnoyarsk Krai,2019,113.0,3.9,False
Extortion,Irkutsk Oblast,2019,46.0,1.9,False
Extortion,Kemerovo Oblast,2019,90.0,3.4,False
Extortion,Novosibirsk Oblast,2019,136.0,4.8,False
Extortion,Omsk Oblast,2019,17.0,0.9,False
Extortion,Tomsk Oblast,2019,29.0,2.7,False
Extortion,Sakha (Yakutia) Republic,2019,30.0,3.1,False
Extortion,Kamchatka Krai,2019,8.0,2.7,False
Extortion,Primorsky Krai,2019,96.0,5.1,False
Extortion,Khabarovsk Krai,2019,30.0,2.3,False
Extortion,Amur Oblast,2019,56.0,7.1,False
Extortion,Magadan Oblast,2019,7.0,5.0,False
Extortion,Sakhalin Oblast,2019,14.0,2.9,False
Extortion,Jewish Autonomous Oblast,2019,7.0,4.5,False
Extortion,Chukotka Autonomous Okrug,2019,2.0,4.2,False
Hooliganism,Russian Federation,2019,2005.0,1.4,True
Hooliganism,Belgorod Oblast,2019,4.0,0.3,False
Hooliganism,Bryansk Oblast,2019,10.0,0.8,False
Hooliganism,Vladimir Oblast,2019,5.0,0.4,False
Hooliganism,Voronezh Oblast,2019,14.0,0.6,False
Hooliganism,Ivanovo Oblast,2019,17.0,1.8,False
Hooliganism,Kaluga Oblast,2019,9.0,0.9,False
Hooliganism,Kostroma Oblast,2019,8.0,1.3,False
Hooliganism,Kursk Oblast,2019,1.0,0.1,False
Hooliganism,Lipetsk Oblast,2019,14.0,1.2,False
Hooliganism,Moscow Oblast,2019,116.0,1.4,False
Hooliganism,Oryol Oblast,2019,12.0,1.6,False
Hooliganism,Ryazan Oblast,2019,8.0,0.7,False
Hooliganism,Smolensk Oblast,2019,29.0,3.1,False
Hooliganism,Tambov Oblast,2019,16.0,1.6,False
Hooliganism,Tver Oblast,2019,16.0,1.3,False
Hooliganism,Tula Oblast,2019,13.0,0.9,False
Hooliganism,Yaroslavl Oblast,2019,12.0,1.0,False
Hooliganism,Moscow,2019,290.0,2.3,False
Hooliganism,Republic of Karelia,2019,15.0,2.7,False
Hooliganism,Komi Republic,2019,13.0,1.7,False
Hooliganism,Arkhangelsk Oblast,2019,48.0,4.7,False
Hooliganism,Nenets Autonomous Okrug,2019,2.0,4.8,False
Hooliganism,Vologda Oblast,2019,14.0,1.2,False
Hooliganism,Kaliningrad Oblast,2019,11.0,1.1,False
Hooliganism,Leningrad Oblast,2019,42.0,2.2,False
Hooliganism,Murmansk Oblast,2019,5.0,0.7,False
Hooliganism,Novgorod Oblast,2019,7.0,1.2,False
Hooliganism,Pskov Oblast,2019,5.0,0.8,False
Hooliganism,Saint Petersburg,2019,105.0,1.9,False
Hooliganism,Republic of Dagestan,2019,20.0,0.6,False
Hooliganism,Republic of Ingushetia,2019,6.0,1.2,False
Hooliganism,Kabardino-Balkar Republic,2019,6.0,0.7,False
Hooliganism,Karachay-Cherkess Republic,2019,1.0,0.2,False
Hooliganism,Republic of North Ossetia-Alania,2019,3.0,0.4,False
Hooliganism,Chechen Republic,2019,9.0,0.6,False
Hooliganism,Stavropol Krai,2019,17.0,0.6,False
Hooliganism,Republic of Adygea,2019,5.0,1.0,False
Hooliganism,Republic of Kalmykia,2019,8.0,2.9,False
Hooliganism,Republic of Crimea,2019,10.0,0.5,False
Hooliganism,Krasnodar Krai,2019,50.0,0.9,False
Hooliganism,Astrakhan Oblast,2019,11.0,1.1,False
Hooliganism,Volgograd Oblast,2019,112.0,4.4,False
Hooliganism,Rostov Oblast,2019,29.0,0.7,False
Hooliganism,Sevastopol,2019,3.0,0.6,False
Hooliganism,Republic of Bashkortostan,2019,31.0,0.8,False
Hooliganism,Mari El Republic,2019,5.0,0.7,False
Hooliganism,Republic of Mordovia,2019,1.0,0.1,False
Hooliganism,Republic of Tatarstan,2019,39.0,1.0,False
Hooliganism,Udmurt Republic,2019,67.0,4.5,False
Hooliganism,Chuvash Republic,2019,19.0,1.6,False
Hooliganism,Perm Krai,2019,14.0,0.5,False
Hooliganism,Kirov Oblast,2019,41.0,3.4,False
Hooliganism,Nizhny Novgorod Oblast,2019,61.0,1.9,False
Hooliganism,Orenburg Oblast,2019,13.0,0.7,False
Hooliganism,Penza Oblast,2019,8.0,0.6,False
Hooliganism,Samara Oblast,2019,19.0,0.6,False
Hooliganism,Saratov Oblast,2019,5.0,0.2,False
Hooliganism,Ulyanovsk Oblast,2019,7.0,0.6,False
Hooliganism,Kurgan Oblast,2019,22.0,2.7,False
Hooliganism,Sverdlovsk Oblast,2019,28.0,0.6,False
Hooliganism,Tyumen Oblast,2019,29.0,1.9,False
Hooliganism,Khanty–Mansi Autonomous Okrug – Yugra,2019,42.0,2.5,False
Hooliganism,Yamalo-Nenets Autonomous Okrug,2019,3.0,0.6,False
Hooliganism,Chelyabinsk Oblast,2019,83.0,2.4,False
Hooliganism,Altai Republic,2019,0.0,0.0,False
Hooliganism,Republic of Buryatia,2019,26.0,2.7,False
Hooliganism,Tuva Republic,2019,6.0,1.8,False
Hooliganism,Republic of Khakassia,2019,5.0,0.9,False
Hooliganism,Altai Krai,2019,7.0,0.3,False
Hooliganism,Zabaykalsky Krai,2019,16.0,1.5,False
Hooliganism,Krasnoyarsk Krai,2019,18.0,0.6,False
Hooliganism,Irkutsk Oblast,2019,16.0,0.7,False
Hooliganism,Kemerovo Oblast,2019,10.0,0.4,False
Hooliganism,Novosibirsk Oblast,2019,58.0,2.1,False
Hooliganism,Omsk Oblast,2019,5.0,0.3,False
Hooliganism,Tomsk Oblast,2019,10.0,0.9,False
Hooliganism,Sakha (Yakutia) Republic,2019,15.0,1.5,False
Hooliganism,Kamchatka Krai,2019,0.0,0.0,False
Hooliganism,Primorsky Krai,2019,15.0,0.8,False
Hooliganism,Khabarovsk Krai,2019,8.0,0.6,False
Hooliganism,Amur Oblast,2019,10.0,1.3,False
Hooliganism,Magadan Oblast,2019,0.0,0.0,False
Hooliganism,Sakhalin Oblast,2019,2.0,0.4,False
Hooliganism,Jewish Autonomous Oblast,2019,2.0,1.3,False
Hooliganism,Chukotka Autonomous Okrug,2019,0.0,0.0,False
Crimes in the Sphere of Economic Activity,Russian Federation,2019,104927.0,71.0,True
Crimes in the Sphere of Economic Activity,Belgorod Oblast,2019,724.0,46.7,False
Crimes in the Sphere of Economic Activity,Bryansk Oblast,2019,782.0,65.3,False
Crimes in the Sphere of Economic Activity,Vladimir Oblast,2019,901.0,65.3,False
Crimes in the Sphere of Economic Activity,Voronezh Oblast,2019,1371.0,58.6,False
Crimes in the Sphere of Economic Activity,Ivanovo Oblast,2019,719.0,74.5,False
Crimes in the Sphere of Economic Activity,Kaluga Oblast,2019,730.0,69.3,False
Crimes in the Sphere of Economic Activity,Kostroma Oblast,2019,397.0,65.5,False
Crimes in the Sphere of Economic Activity,Kursk Oblast,2019,688.0,62.4,False
Crimes in the Sphere of Economic Activity,Lipetsk Oblast,2019,537.0,46.2,False
Crimes in the Sphere of Economic Activity,Moscow Oblast,2019,3757.0,45.6,False
Crimes in the Sphere of Economic Activity,Oryol Oblast,2019,487.0,66.1,False
Crimes in the Sphere of Economic Activity,Ryazan Oblast,2019,641.0,57.0,False
Crimes in the Sphere of Economic Activity,Smolensk Oblast,2019,586.0,63.3,False
Crimes in the Sphere of Economic Activity,Tambov Oblast,2019,500.0,49.2,False
Crimes in the Sphere of Economic Activity,Tver Oblast,2019,628.0,49.6,False
Crimes in the Sphere of Economic Activity,Tula Oblast,2019,958.0,62.8,False
Crimes in the Sphere of Economic Activity,Yaroslavl Oblast,2019,725.0,58.3,False
Crimes in the Sphere of Economic Activity,Moscow,2019,12490.0,97.4,False
Crimes in the Sphere of Economic Activity,Republic of Karelia,2019,405.0,72.4,False
Crimes in the Sphere of Economic Activity,Komi Republic,2019,764.0,98.1,False
Crimes in the Sphere of Economic Activity,Arkhangelsk Oblast,2019,884.0,85.8,False
Crimes in the Sphere of Economic Activity,Nenets Autonomous Okrug,2019,63.0,151.4,False
Crimes in the Sphere of Economic Activity,Vologda Oblast,2019,676.0,57.9,False
Crimes in the Sphere of Economic Activity,Kaliningrad Oblast,2019,555.0,55.3,False
Crimes in the Sphere of Economic Activity,Leningrad Oblast,2019,1203.0,62.9,False
Crimes in the Sphere of Economic Activity,Murmansk Oblast,2019,394.0,56.0,False
Crimes in the Sphere of Economic Activity,Novgorod Oblast,2019,484.0,81.1,False
Crimes in the Sphere of Economic Activity,Pskov Oblast,2019,382.0,61.9,False
Crimes in the Sphere of Economic Activity,Saint Petersburg,2019,2692.0,48.5,False
Crimes in the Sphere of Economic Activity,Republic of Dagestan,2019,1943.0,62.4,False
Crimes in the Sphere of Economic Activity,Republic of Ingushetia,2019,249.0,51.0,False
Crimes in the Sphere of Economic Activity,Kabardino-Balkar Republic,2019,668.0,74.9,False
Crimes in the Sphere of Economic Activity,Karachay-Cherkess Republic,2019,458.0,97.5,False
Crimes in the Sphere of Economic Activity,Republic of North Ossetia-Alania,2019,794.0,113.8,False
Crimes in the Sphere of Economic Activity,Chechen Republic,2019,595.0,40.9,False
Crimes in the Sphere of Economic Activity,Stavropol Krai,2019,2551.0,88.4,False
Crimes in the Sphere of Economic Activity,Republic of Adygea,2019,525.0,110.2,False
Crimes in the Sphere of Economic Activity,Republic of Kalmykia,2019,200.0,73.6,False
Crimes in the Sphere of Economic Activity,Republic of Crimea,2019,772.0,39.9,False
Crimes in the Sphere of Economic Activity,Krasnodar Krai,2019,3793.0,65.9,False
Crimes in the Sphere of Economic Activity,Astrakhan Oblast,2019,844.0,85.2,False
Crimes in the Sphere of Economic Activity,Volgograd Oblast,2019,1909.0,75.2,False
Crimes in the Sphere of Economic Activity,Rostov Oblast,2019,2064.0,48.8,False
Crimes in the Sphere of Economic Activity,Sevastopol,2019,178.0,35.6,False
Crimes in the Sphere of Economic Activity,Republic of Bashkortostan,2019,2347.0,57.0,False
Crimes in the Sphere of Economic Activity,Mari El Republic,2019,456.0,66.7,False
Crimes in the Sphere of Economic Activity,Republic of Mordovia,2019,846.0,105.3,False
Crimes in the Sphere of Economic Activity,Republic of Tatarstan,2019,2223.0,55.8,False
Crimes in the Sphere of Economic Activity,Udmurt Republic,2019,1166.0,78.7,False
Crimes in the Sphere of Economic Activity,Chuvash Republic,2019,1125.0,92.8,False
Crimes in the Sphere of Economic Activity,Perm Krai,2019,2077.0,80.2,False
Crimes in the Sphere of Economic Activity,Kirov Oblast,2019,702.0,58.0,False
Crimes in the Sphere of Economic Activity,Nizhny Novgorod Oblast,2019,2526.0,79.2,False
Crimes in the Sphere of Economic Activity,Orenburg Oblast,2019,1347.0,70.5,False
Crimes in the Sphere of Economic Activity,Penza Oblast,2019,590.0,45.1,False
Crimes in the Sphere of Economic Activity,Samara Oblast,2019,2517.0,78.5,False
Crimes in the Sphere of Economic Activity,Saratov Oblast,2019,1605.0,64.4,False
Crimes in the Sphere of Economic Activity,Ulyanovsk Oblast,2019,776.0,63.1,False
Crimes in the Sphere of Economic Activity,Kurgan Oblast,2019,667.0,82.3,False
Crimes in the Sphere of Economic Activity,Sverdlovsk Oblast,2019,2224.0,51.5,False
Crimes in the Sphere of Economic Activity,Tyumen Oblast,2019,1153.0,74.1,False
Crimes in the Sphere of Economic Activity,Khanty–Mansi Autonomous Okrug – Yugra,2019,1028.0,61.5,False
Crimes in the Sphere of Economic Activity,Yamalo-Nenets Autonomous Okrug,2019,274.0,53.7,False
Crimes in the Sphere of Economic Activity,Chelyabinsk Oblast,2019,2348.0,67.5,False
Crimes in the Sphere of Economic Activity,Altai Republic,2019,133.0,63.1,False
Crimes in the Sphere of Economic Activity,Republic of Buryatia,2019,533.0,54.4,False
Crimes in the Sphere of Economic Activity,Tuva Republic,2019,123.0,37.6,False
Crimes in the Sphere of Economic Activity,Republic of Khakassia,2019,340.0,63.0,False
Crimes in the Sphere of Economic Activity,Altai Krai,2019,979.0,43.5,False
Crimes in the Sphere of Economic Activity,Zabaykalsky Krai,2019,520.0,50.2,False
Crimes in the Sphere of Economic Activity,Krasnoyarsk Krai,2019,1473.0,51.2,False
Crimes in the Sphere of Economic Activity,Irkutsk Oblast,2019,1627.0,67.7,False
Crimes in the Sphere of Economic Activity,Kemerovo Oblast,2019,1154.0,43.3,False
Crimes in the Sphere of Economic Activity,Novosibirsk Oblast,2019,1992.0,71.0,False
Crimes in the Sphere of Economic Activity,Omsk Oblast,2019,1567.0,81.5,False
Crimes in the Sphere of Economic Activity,Tomsk Oblast,2019,684.0,63.7,False
Crimes in the Sphere of Economic Activity,Sakha (Yakutia) Republic,2019,569.0,58.6,False
Crimes in the Sphere of Economic Activity,Kamchatka Krai,2019,249.0,83.0,False
Crimes in the Sphere of Economic Activity,Primorsky Krai,2019,1083.0,57.4,False
Crimes in the Sphere of Economic Activity,Khabarovsk Krai,2019,660.0,50.1,False
Crimes in the Sphere of Economic Activity,Amur Oblast,2019,399.0,50.7,False
Crimes in the Sphere of Economic Activity,Magadan Oblast,2019,150.0,107.2,False
Crimes in the Sphere of Economic Activity,Sakhalin Oblast,2019,289.0,60.7,False
Crimes in the Sphere of Economic Activity,Jewish Autonomous Oblast,2019,93.0,59.4,False
Crimes in the Sphere of Economic Activity,Chukotka Autonomous Okrug,2019,43.0,89.4,False
Murder,Russian Federation,2020,7609.0,5.1,True
Murder,Belgorod Oblast,2020,46.0,3.0,False
Murder,Bryansk Oblast,2020,51.0,4.3,False
Murder,Vladimir Oblast,2020,69.0,5.0,False
Murder,Voronezh Oblast,2020,85.0,3.6,False
Murder,Ivanovo Oblast,2020,50.0,5.2,False
Murder,Kaluga Oblast,2020,56.0,5.3,False
Murder,Kostroma Oblast,2020,28.0,4.7,False
Murder,Kursk Oblast,2020,39.0,3.5,False
Murder,Lipetsk Oblast,2020,48.0,4.1,False
Murder,Moscow Oblast,2020,305.0,3.6,False
Murder,Oryol Oblast,2020,26.0,3.6,False
Murder,Ryazan Oblast,2020,50.0,4.5,False
Murder,Smolensk Oblast,2020,62.0,6.8,False
Murder,Tambov Oblast,2020,38.0,3.8,False
Murder,Tver Oblast,2020,73.0,5.8,False
Murder,Tula Oblast,2020,63.0,4.1,False
Murder,Yaroslavl Oblast,2020,59.0,4.8,False
Murder,Moscow,2020,221.0,1.7,False
Murder,Republic of Karelia,2020,59.0,10.7,False
Murder,Komi Republic,2020,57.0,7.5,False
Murder,Arkhangelsk Oblast,2020,113.0,11.1,False
Murder,Nenets Autonomous Okrug,2020,3.0,7.2,False
Murder,Vologda Oblast,2020,71.0,6.1,False
Murder,Kaliningrad Oblast,2020,48.0,4.7,False
Murder,Leningrad Oblast,2020,132.0,6.8,False
Murder,Murmansk Oblast,2020,29.0,4.2,False
Murder,Novgorod Oblast,2020,50.0,8.4,False
Murder,Pskov Oblast,2020,31.0,5.1,False
Murder,Saint Petersburg,2020,148.0,2.7,False
Murder,Republic of Dagestan,2020,55.0,1.8,False
Murder,Republic of Ingushetia,2020,17.0,3.4,False
Murder,Kabardino-Balkar Republic,2020,20.0,2.2,False
Murder,Karachay-Cherkess Republic,2020,21.0,4.5,False
Murder,Republic of North Ossetia-Alania,2020,23.0,3.3,False
Murder,Chechen Republic,2020,18.0,1.2,False
Murder,Stavropol Krai,2020,92.0,3.2,False
Murder,Republic of Adygea,2020,19.0,3.9,False
Murder,Republic of Kalmykia,2020,21.0,7.8,False
Murder,Republic of Crimea,2020,68.0,3.5,False
Murder,Krasnodar Krai,2020,200.0,3.5,False
Murder,Astrakhan Oblast,2020,41.0,4.2,False
Murder,Volgograd Oblast,2020,124.0,4.9,False
Murder,Rostov Oblast,2020,148.0,3.5,False
Murder,Sevastopol,2020,12.0,2.3,False
Murder,Republic of Bashkortostan,2020,230.0,5.6,False
Murder,Mari El Republic,2020,45.0,6.6,False
Murder,Republic of Mordovia,2020,30.0,3.8,False
Murder,Republic of Tatarstan,2020,252.0,6.3,False
Murder,Udmurt Republic,2020,81.0,5.5,False
Murder,Chuvash Republic,2020,42.0,3.5,False
Murder,Perm Krai,2020,171.0,6.6,False
Murder,Kirov Oblast,2020,59.0,4.9,False
Murder,Nizhny Novgorod Oblast,2020,179.0,5.6,False
Murder,Orenburg Oblast,2020,88.0,4.6,False
Murder,Penza Oblast,2020,47.0,3.6,False
Murder,Samara Oblast,2020,118.0,3.7,False
Murder,Saratov Oblast,2020,79.0,3.2,False
Murder,Ulyanovsk Oblast,2020,71.0,5.8,False
Murder,Kurgan Oblast,2020,72.0,9.0,False
Murder,Sverdlovsk Oblast,2020,283.0,6.6,False
Murder,Tyumen Oblast,2020,93.0,5.9,False
Murder,Khanty–Mansi Autonomous Okrug – Yugra,2020,70.0,4.2,False
Murder,Yamalo-Nenets Autonomous Okrug,2020,45.0,8.8,False
Murder,Chelyabinsk Oblast,2020,175.0,5.0,False
Murder,Altai Republic,2020,27.0,12.8,False
Murder,Republic of Buryatia,2020,170.0,17.3,False
Murder,Tuva Republic,2020,98.0,29.7,False
Murder,Republic of Khakassia,2020,54.0,10.0,False
Murder,Altai Krai,2020,161.0,7.2,False
Murder,Zabaykalsky Krai,2020,168.0,16.4,False
Murder,Krasnoyarsk Krai,2020,237.0,8.3,False
Murder,Irkutsk Oblast,2020,247.0,10.3,False
Murder,Kemerovo Oblast,2020,220.0,8.3,False
Murder,Novosibirsk Oblast,2020,146.0,5.2,False
Murder,Omsk Oblast,2020,76.0,4.0,False
Murder,Tomsk Oblast,2020,52.0,4.8,False
Murder,Sakha (Yakutia) Republic,2020,116.0,11.9,False
Murder,Kamchatka Krai,2020,36.0,12.1,False
Murder,Primorsky Krai,2020,148.0,7.9,False
Murder,Khabarovsk Krai,2020,158.0,12.1,False
Murder,Amur Oblast,2020,102.0,13.0,False
Murder,Magadan Oblast,2020,19.0,13.7,False
Murder,Sakhalin Oblast,2020,38.0,8.0,False
Murder,Jewish Autonomous Oblast,2020,17.0,11.0,False
Murder,Chukotka Autonomous Okrug,2020,8.0,16.5,False
Intentional Bodily Harm,Russian Federation,2020,20019.0,13.5,True
Intentional Bodily Harm,Belgorod Oblast,2020,121.0,7.8,False
Intentional Bodily Harm,Bryansk Oblast,2020,137.0,11.5,False
Intentional Bodily Harm,Vladimir Oblast,2020,162.0,11.8,False
Intentional Bodily Harm,Voronezh Oblast,2020,225.0,9.6,False
Intentional Bodily Harm,Ivanovo Oblast,2020,145.0,15.2,False
Intentional Bodily Harm,Kaluga Oblast,2020,117.0,11.1,False
Intentional Bodily Harm,Kostroma Oblast,2020,81.0,13.5,False
Intentional Bodily Harm,Kursk Oblast,2020,99.0,9.0,False
Intentional Bodily Harm,Lipetsk Oblast,2020,93.0,8.0,False
Intentional Bodily Harm,Moscow Oblast,2020,985.0,11.8,False
Intentional Bodily Harm,Oryol Oblast,2020,50.0,6.8,False
Intentional Bodily Harm,Ryazan Oblast,2020,73.0,6.5,False
Intentional Bodily Harm,Smolensk Oblast,2020,113.0,12.3,False
Intentional Bodily Harm,Tambov Oblast,2020,124.0,12.3,False
Intentional Bodily Harm,Tver Oblast,2020,149.0,11.9,False
Intentional Bodily Harm,Tula Oblast,2020,180.0,11.9,False
Intentional Bodily Harm,Yaroslavl Oblast,2020,156.0,12.6,False
Intentional Bodily Harm,Moscow,2020,674.0,5.2,False
Intentional Bodily Harm,Republic of Karelia,2020,114.0,20.7,False
Intentional Bodily Harm,Komi Republic,2020,238.0,31.2,False
Intentional Bodily Harm,Arkhangelsk Oblast,2020,199.0,19.6,False
Intentional Bodily Harm,Nenets Autonomous Okrug,2020,8.0,19.2,False
Intentional Bodily Harm,Vologda Oblast,2020,216.0,18.6,False
Intentional Bodily Harm,Kaliningrad Oblast,2020,95.0,9.4,False
Intentional Bodily Harm,Leningrad Oblast,2020,269.0,13.8,False
Intentional Bodily Harm,Murmansk Oblast,2020,123.0,17.8,False
Intentional Bodily Harm,Novgorod Oblast,2020,86.0,14.5,False
Intentional Bodily Harm,Pskov Oblast,2020,76.0,12.4,False
Intentional Bodily Harm,Saint Petersburg,2020,347.0,6.2,False
Intentional Bodily Harm,Republic of Dagestan,2020,87.0,2.8,False
Intentional Bodily Harm,Republic of Ingushetia,2020,14.0,2.8,False
Intentional Bodily Harm,Kabardino-Balkar Republic,2020,37.0,4.1,False
Intentional Bodily Harm,Karachay-Cherkess Republic,2020,20.0,4.3,False
Intentional Bodily Harm,Republic of North Ossetia-Alania,2020,29.0,4.2,False
Intentional Bodily Harm,Chechen Republic,2020,3.0,0.2,False
Intentional Bodily Harm,Stavropol Krai,2020,247.0,8.5,False
Intentional Bodily Harm,Republic of Adygea,2020,41.0,8.4,False
Intentional Bodily Harm,Republic of Kalmykia,2020,38.0,14.1,False
Intentional Bodily Harm,Republic of Crimea,2020,180.0,9.3,False
Intentional Bodily Harm,Krasnodar Krai,2020,555.0,9.6,False
Intentional Bodily Harm,Astrakhan Oblast,2020,120.0,12.2,False
Intentional Bodily Harm,Volgograd Oblast,2020,279.0,11.0,False
Intentional Bodily Harm,Rostov Oblast,2020,403.0,9.5,False
Intentional Bodily Harm,Sevastopol,2020,64.0,12.3,False
Intentional Bodily Harm,Republic of Bashkortostan,2020,553.0,13.4,False
Intentional Bodily Harm,Mari El Republic,2020,97.0,14.2,False
Intentional Bodily Harm,Republic of Mordovia,2020,79.0,9.9,False
Intentional Bodily Harm,Republic of Tatarstan,2020,394.0,9.9,False
Intentional Bodily Harm,Udmurt Republic,2020,310.0,21.1,False
Intentional Bodily Harm,Chuvash Republic,2020,120.0,10.0,False
Intentional Bodily Harm,Perm Krai,2020,511.0,19.8,False
Intentional Bodily Harm,Kirov Oblast,2020,163.0,13.7,False
Intentional Bodily Harm,Nizhny Novgorod Oblast,2020,357.0,11.2,False
Intentional Bodily Harm,Orenburg Oblast,2020,274.0,14.4,False
Intentional Bodily Harm,Penza Oblast,2020,147.0,11.4,False
Intentional Bodily Harm,Samara Oblast,2020,344.0,10.7,False
Intentional Bodily Harm,Saratov Oblast,2020,194.0,7.8,False
Intentional Bodily Harm,Ulyanovsk Oblast,2020,144.0,11.8,False
Intentional Bodily Harm,Kurgan Oblast,2020,99.0,12.4,False
Intentional Bodily Harm,Sverdlovsk Oblast,2020,736.0,17.1,False
Intentional Bodily Harm,Tyumen Oblast,2020,335.0,21.2,False
Intentional Bodily Harm,Khanty–Mansi Autonomous Okrug – Yugra,2020,272.0,16.1,False
Intentional Bodily Harm,Yamalo-Nenets Autonomous Okrug,2020,104.0,20.4,False
Intentional Bodily Harm,Chelyabinsk Oblast,2020,614.0,17.7,False
Intentional Bodily Harm,Altai Republic,2020,68.0,32.2,False
Intentional Bodily Harm,Republic of Buryatia,2020,278.0,28.3,False
Intentional Bodily Harm,Tuva Republic,2020,324.0,98.2,False
Intentional Bodily Harm,Republic of Khakassia,2020,141.0,26.2,False
Intentional Bodily Harm,Altai Krai,2020,454.0,20.4,False
Intentional Bodily Harm,Zabaykalsky Krai,2020,417.0,40.7,False
Intentional Bodily Harm,Krasnoyarsk Krai,2020,725.0,25.2,False
Intentional Bodily Harm,Irkutsk Oblast,2020,842.0,35.1,False
Intentional Bodily Harm,Kemerovo Oblast,2020,681.0,25.7,False
Intentional Bodily Harm,Novosibirsk Oblast,2020,468.0,16.6,False
Intentional Bodily Harm,Omsk Oblast,2020,316.0,16.6,False
Intentional Bodily Harm,Tomsk Oblast,2020,223.0,20.7,False
Intentional Bodily Harm,Sakha (Yakutia) Republic,2020,290.0,29.7,False
Intentional Bodily Harm,Kamchatka Krai,2020,69.0,23.3,False
Intentional Bodily Harm,Primorsky Krai,2020,490.0,26.1,False
Intentional Bodily Harm,Khabarovsk Krai,2020,294.0,22.4,False
Intentional Bodily Harm,Amur Oblast,2020,204.0,26.1,False
Intentional Bodily Harm,Magadan Oblast,2020,51.0,36.8,False
Intentional Bodily Harm,Sakhalin Oblast,2020,115.0,24.3,False
Intentional Bodily Harm,Jewish Autonomous Oblast,2020,50.0,32.3,False
Intentional Bodily Harm,Chukotka Autonomous Okrug,2020,22.0,45.3,False
Rape,Russian Federation,2020,3535.0,2.4,True
Rape,Belgorod Oblast,2020,5.0,0.3,False
Rape,Bryansk Oblast,2020,9.0,0.8,False
Rape,Vladimir Oblast,2020,12.0,0.9,False
Rape,Voronezh Oblast,2020,36.0,1.5,False
Rape,Ivanovo Oblast,2020,19.0,2.0,False
Rape,Kaluga Oblast,2020,20.0,1.9,False
Rape,Kostroma Oblast,2020,12.0,2.0,False
Rape,Kursk Oblast,2020,51.0,4.6,False
Rape,Lipetsk Oblast,2020,8.0,0.7,False
Rape,Moscow Oblast,2020,121.0,1.4,False
Rape,Oryol Oblast,2020,11.0,1.5,False
Rape,Ryazan Oblast,2020,17.0,1.5,False
Rape,Smolensk Oblast,2020,14.0,1.5,False
Rape,Tambov Oblast,2020,10.0,1.0,False
Rape,Tver Oblast,2020,26.0,2.1,False
Rape,Tula Oblast,2020,14.0,0.9,False
Rape,Yaroslavl Oblast,2020,22.0,1.8,False
Rape,Moscow,2020,112.0,0.9,False
Rape,Republic of Karelia,2020,19.0,3.5,False
Rape,Komi Republic,2020,21.0,2.8,False
Rape,Arkhangelsk Oblast,2020,28.0,2.8,False
Rape,Nenets Autonomous Okrug,2020,2.0,4.8,False
Rape,Vologda Oblast,2020,11.0,0.9,False
Rape,Kaliningrad Oblast,2020,16.0,1.6,False
Rape,Leningrad Oblast,2020,35.0,1.8,False
Rape,Murmansk Oblast,2020,1.0,0.1,False
Rape,Novgorod Oblast,2020,20.0,3.4,False
Rape,Pskov Oblast,2020,6.0,1.0,False
Rape,Saint Petersburg,2020,42.0,0.8,False
Rape,Republic of Dagestan,2020,56.0,1.8,False
Rape,Republic of Ingushetia,2020,3.0,0.6,False
Rape,Kabardino-Balkar Republic,2020,15.0,1.7,False
Rape,Karachay-Cherkess Republic,2020,25.0,5.3,False
Rape,Republic of North Ossetia-Alania,2020,5.0,0.7,False
Rape,Chechen Republic,2020,0.0,0.0,False
Rape,Stavropol Krai,2020,67.0,2.3,False
Rape,Republic of Adygea,2020,3.0,0.6,False
Rape,Republic of Kalmykia,2020,3.0,1.1,False
Rape,Republic of Crimea,2020,36.0,1.9,False
Rape,Krasnodar Krai,2020,71.0,1.2,False
Rape,Astrakhan Oblast,2020,110.0,11.2,False
Rape,Volgograd Oblast,2020,43.0,1.7,False
Rape,Rostov Oblast,2020,64.0,1.5,False
Rape,Sevastopol,2020,10.0,1.9,False
Rape,Republic of Bashkortostan,2020,317.0,7.7,False
Rape,Mari El Republic,2020,8.0,1.2,False
Rape,Republic of Mordovia,2020,3.0,0.4,False
Rape,Republic of Tatarstan,2020,227.0,5.7,False
Rape,Udmurt Republic,2020,48.0,3.3,False
Rape,Chuvash Republic,2020,24.0,2.0,False
Rape,Perm Krai,2020,91.0,3.5,False
Rape,Kirov Oblast,2020,32.0,2.7,False
Rape,Nizhny Novgorod Oblast,2020,45.0,1.4,False
Rape,Orenburg Oblast,2020,44.0,2.3,False
Rape,Penza Oblast,2020,17.0,1.3,False
Rape,Samara Oblast,2020,33.0,1.0,False
Rape,Saratov Oblast,2020,32.0,1.3,False
Rape,Ulyanovsk Oblast,2020,24.0,2.0,False
Rape,Kurgan Oblast,2020,81.0,10.1,False
Rape,Sverdlovsk Oblast,2020,300.0,7.0,False
Rape,Tyumen Oblast,2020,50.0,3.2,False
Rape,Khanty–Mansi Autonomous Okrug – Yugra,2020,18.0,1.1,False
Rape,Yamalo-Nenets Autonomous Okrug,2020,27.0,5.3,False
Rape,Chelyabinsk Oblast,2020,107.0,3.1,False
Rape,Altai Republic,2020,3.0,1.4,False
Rape,Republic of Buryatia,2020,55.0,5.6,False
Rape,Tuva Republic,2020,33.0,10.0,False
Rape,Republic of Khakassia,2020,45.0,8.4,False
Rape,Altai Krai,2020,54.0,2.4,False
Rape,Zabaykalsky Krai,2020,61.0,6.0,False
Rape,Krasnoyarsk Krai,2020,83.0,2.9,False
Rape,Irkutsk Oblast,2020,51.0,2.1,False
Rape,Kemerovo Oblast,2020,58.0,2.2,False
Rape,Novosibirsk Oblast,2020,75.0,2.7,False
Rape,Omsk Oblast,2020,24.0,1.3,False
Rape,Tomsk Oblast,2020,22.0,2.0,False
Rape,Sakha (Yakutia) Republic,2020,56.0,5.7,False
Rape,Kamchatka Krai,2020,9.0,3.0,False
Rape,Primorsky Krai,2020,35.0,1.9,False
Rape,Khabarovsk Krai,2020,40.0,3.1,False
Rape,Amur Oblast,2020,22.0,2.8,False
Rape,Magadan Oblast,2020,7.0,5.0,False
Rape,Sakhalin Oblast,2020,8.0,1.7,False
Rape,Jewish Autonomous Oblast,2020,9.0,5.8,False
Rape,Chukotka Autonomous Okrug,2020,0.0,0.0,False
Theft,Russian Federation,2020,751243.0,507.7,True
Theft,Belgorod Oblast,2020,5237.0,337.2,False
Theft,Bryansk Oblast,2020,4520.0,380.1,False
Theft,Vladimir Oblast,2020,6212.0,452.2,False
Theft,Voronezh Oblast,2020,13963.0,597.6,False
Theft,Ivanovo Oblast,2020,5081.0,532.8,False
Theft,Kaluga Oblast,2020,6641.0,631.2,False
Theft,Kostroma Oblast,2020,3113.0,520.6,False
Theft,Kursk Oblast,2020,5178.0,470.9,False
Theft,Lipetsk Oblast,2020,4684.0,403.9,False
Theft,Moscow Oblast,2020,25209.0,301.1,False
Theft,Oryol Oblast,2020,2503.0,342.8,False
Theft,Ryazan Oblast,2020,2888.0,257.9,False
Theft,Smolensk Oblast,2020,5463.0,596.3,False
Theft,Tambov Oblast,2020,4046.0,402.2,False
Theft,Tver Oblast,2020,9589.0,762.9,False
Theft,Tula Oblast,2020,4505.0,296.6,False
Theft,Yaroslavl Oblast,2020,6718.0,543.7,False
Theft,Moscow,2020,60119.0,464.4,False
Theft,Republic of Karelia,2020,5404.0,981.3,False
Theft,Komi Republic,2020,5219.0,683.6,False
Theft,Arkhangelsk Oblast,2020,7131.0,703.4,False
Theft,Nenets Autonomous Okrug,2020,200.0,480.7,False
Theft,Vologda Oblast,2020,5927.0,511.1,False
Theft,Kaliningrad Oblast,2020,5930.0,584.1,False
Theft,Leningrad Oblast,2020,13037.0,668.2,False
Theft,Murmansk Oblast,2020,3881.0,560.6,False
Theft,Novgorod Oblast,2020,4601.0,776.1,False
Theft,Pskov Oblast,2020,3049.0,497.8,False
Theft,Saint Petersburg,2020,23496.0,421.0,False
Theft,Republic of Dagestan,2020,1372.0,43.7,False
Theft,Republic of Ingushetia,2020,207.0,41.7,False
Theft,Kabardino-Balkar Republic,2020,1705.0,190.0,False
Theft,Karachay-Cherkess Republic,2020,925.0,196.7,False
Theft,Republic of North Ossetia-Alania,2020,1327.0,191.0,False
Theft,Chechen Republic,2020,716.0,48.5,False
Theft,Stavropol Krai,2020,11966.0,412.0,False
Theft,Republic of Adygea,2020,1184.0,242.8,False
Theft,Republic of Kalmykia,2020,636.0,235.4,False
Theft,Republic of Crimea,2020,7245.0,373.7,False
Theft,Krasnodar Krai,2020,27142.0,468.4,False
Theft,Astrakhan Oblast,2020,4083.0,416.7,False
Theft,Volgograd Oblast,2020,16794.0,664.8,False
Theft,Rostov Oblast,2020,26909.0,636.2,False
Theft,Sevastopol,2020,1610.0,308.2,False
Theft,Republic of Bashkortostan,2020,20428.0,496.7,False
Theft,Mari El Republic,2020,2754.0,403.0,False
Theft,Republic of Mordovia,2020,2059.0,257.7,False
Theft,Republic of Tatarstan,2020,19219.0,480.9,False
Theft,Udmurt Republic,2020,10892.0,740.1,False
Theft,Chuvash Republic,2020,3735.0,309.7,False
Theft,Perm Krai,2020,13903.0,540.0,False
Theft,Kirov Oblast,2020,7121.0,597.1,False
Theft,Nizhny Novgorod Oblast,2020,15261.0,480.8,False
Theft,Orenburg Oblast,2020,9307.0,490.2,False
Theft,Penza Oblast,2020,4415.0,341.1,False
Theft,Samara Oblast,2020,16617.0,518.3,False
Theft,Saratov Oblast,2020,11466.0,462.7,False
Theft,Ulyanovsk Oblast,2020,4174.0,342.2,False
Theft,Kurgan Oblast,2020,4610.0,576.3,False
Theft,Sverdlovsk Oblast,2020,21560.0,500.2,False
Theft,Tyumen Oblast,2020,7756.0,491.2,False
Theft,Khanty–Mansi Autonomous Okrug – Yugra,2020,5518.0,327.6,False
Theft,Yamalo-Nenets Autonomous Okrug,2020,2198.0,430.9,False
Theft,Chelyabinsk Oblast,2020,24079.0,694.2,False
Theft,Altai Republic,2020,1304.0,617.1,False
Theft,Republic of Buryatia,2020,8342.0,849.4,False
Theft,Tuva Republic,2020,3285.0,995.3,False
Theft,Republic of Khakassia,2020,3455.0,641.9,False
Theft,Altai Krai,2020,14440.0,649.2,False
Theft,Zabaykalsky Krai,2020,7985.0,779.0,False
Theft,Krasnoyarsk Krai,2020,20227.0,704.3,False
Theft,Irkutsk Oblast,2020,17499.0,730.2,False
Theft,Kemerovo Oblast,2020,20022.0,756.2,False
Theft,Novosibirsk Oblast,2020,26239.0,933.1,False
Theft,Omsk Oblast,2020,8786.0,461.5,False
Theft,Tomsk Oblast,2020,6714.0,624.7,False
Theft,Sakha (Yakutia) Republic,2020,3059.0,313.2,False
Theft,Kamchatka Krai,2020,1659.0,559.8,False
Theft,Primorsky Krai,2020,11361.0,605.1,False
Theft,Khabarovsk Krai,2020,9039.0,689.8,False
Theft,Amur Oblast,2020,7524.0,961.3,False
Theft,Magadan Oblast,2020,781.0,563.3,False
Theft,Sakhalin Oblast,2020,2866.0,605.1,False
Theft,Jewish Autonomous Oblast,2020,1429.0,923.6,False
Theft,Chukotka Autonomous Okrug,2020,221.0,455.2,False
Robbery without violence,Russian Federation,2020,38392.0,25.9,True
Robbery without violence,Belgorod Oblast,2020,187.0,12.0,False
Robbery without violence,Bryansk Oblast,2020,270.0,22.7,False
Robbery without violence,Vladimir Oblast,2020,453.0,33.0,False
Robbery without violence,Voronezh Oblast,2020,584.0,25.0,False
Robbery without violence,Ivanovo Oblast,2020,370.0,38.8,False
Robbery without violence,Kaluga Oblast,2020,389.0,37.0,False
Robbery without violence,Kostroma Oblast,2020,167.0,27.9,False
Robbery without violence,Kursk Oblast,2020,169.0,15.4,False
Robbery without violence,Lipetsk Oblast,2020,344.0,29.7,False
Robbery without violence,Moscow Oblast,2020,1916.0,22.9,False
Robbery without violence,Oryol Oblast,2020,218.0,29.9,False
Robbery without violence,Ryazan Oblast,2020,224.0,20.0,False
Robbery without violence,Smolensk Oblast,2020,428.0,46.7,False
Robbery without violence,Tambov Oblast,2020,225.0,22.4,False
Robbery without violence,Tver Oblast,2020,409.0,32.5,False
Robbery without violence,Tula Oblast,2020,325.0,21.4,False
Robbery without violence,Yaroslavl Oblast,2020,463.0,37.5,False
Robbery without violence,Moscow,2020,2338.0,18.1,False
Robbery without violence,Republic of Karelia,2020,469.0,85.2,False
Robbery without violence,Komi Republic,2020,383.0,50.2,False
Robbery without violence,Arkhangelsk Oblast,2020,543.0,53.6,False
Robbery without violence,Nenets Autonomous Okrug,2020,7.0,16.8,False
Robbery without violence,Vologda Oblast,2020,396.0,34.2,False
Robbery without violence,Kaliningrad Oblast,2020,297.0,29.3,False
Robbery without violence,Leningrad Oblast,2020,513.0,26.3,False
Robbery without violence,Murmansk Oblast,2020,218.0,31.5,False
Robbery without violence,Novgorod Oblast,2020,272.0,45.9,False
Robbery without violence,Pskov Oblast,2020,125.0,20.4,False
Robbery without violence,Saint Petersburg,2020,1334.0,23.9,False
Robbery without violence,Republic of Dagestan,2020,57.0,1.8,False
Robbery without violence,Republic of Ingushetia,2020,10.0,2.0,False
Robbery without violence,Kabardino-Balkar Republic,2020,71.0,7.9,False
Robbery without violence,Karachay-Cherkess Republic,2020,59.0,12.5,False
Robbery without violence,Republic of North Ossetia-Alania,2020,89.0,12.8,False
Robbery without violence,Chechen Republic,2020,5.0,0.3,False
Robbery without violence,Stavropol Krai,2020,523.0,18.0,False
Robbery without violence,Republic of Adygea,2020,62.0,12.7,False
Robbery without violence,Republic of Kalmykia,2020,45.0,16.7,False
Robbery without violence,Republic of Crimea,2020,323.0,16.7,False
Robbery without violence,Krasnodar Krai,2020,988.0,17.1,False
Robbery without violence,Astrakhan Oblast,2020,200.0,20.4,False
Robbery without violence,Volgograd Oblast,2020,1221.0,48.3,False
Robbery without violence,Rostov Oblast,2020,1303.0,30.8,False
Robbery without violence,Sevastopol,2020,140.0,26.8,False
Robbery without violence,Republic of Bashkortostan,2020,836.0,20.3,False
Robbery without violence,Mari El Republic,2020,170.0,24.9,False
Robbery without violence,Republic of Mordovia,2020,119.0,14.9,False
Robbery without violence,Republic of Tatarstan,2020,814.0,20.4,False
Robbery without violence,Udmurt Republic,2020,592.0,40.2,False
Robbery without violence,Chuvash Republic,2020,140.0,11.6,False
Robbery without violence,Perm Krai,2020,438.0,17.0,False
Robbery without violence,Kirov Oblast,2020,412.0,34.5,False
Robbery without violence,Nizhny Novgorod Oblast,2020,916.0,28.9,False
Robbery without violence,Orenburg Oblast,2020,407.0,21.4,False
Robbery without violence,Penza Oblast,2020,154.0,11.9,False
Robbery without violence,Samara Oblast,2020,902.0,28.1,False
Robbery without violence,Saratov Oblast,2020,531.0,21.4,False
Robbery without violence,Ulyanovsk Oblast,2020,280.0,23.0,False
Robbery without violence,Kurgan Oblast,2020,200.0,25.0,False
Robbery without violence,Sverdlovsk Oblast,2020,1124.0,26.1,False
Robbery without violence,Tyumen Oblast,2020,288.0,18.2,False
Robbery without violence,Khanty–Mansi Autonomous Okrug – Yugra,2020,149.0,8.8,False
Robbery without violence,Yamalo-Nenets Autonomous Okrug,2020,77.0,15.1,False
Robbery without violence,Chelyabinsk Oblast,2020,2107.0,60.7,False
Robbery without violence,Altai Republic,2020,38.0,18.0,False
Robbery without violence,Republic of Buryatia,2020,559.0,56.9,False
Robbery without violence,Tuva Republic,2020,276.0,83.6,False
Robbery without violence,Republic of Khakassia,2020,166.0,30.8,False
Robbery without violence,Altai Krai,2020,488.0,21.9,False
Robbery without violence,Zabaykalsky Krai,2020,292.0,28.5,False
Robbery without violence,Krasnoyarsk Krai,2020,773.0,26.9,False
Robbery without violence,Irkutsk Oblast,2020,887.0,37.0,False
Robbery without violence,Kemerovo Oblast,2020,1118.0,42.2,False
Robbery without violence,Novosibirsk Oblast,2020,1165.0,41.4,False
Robbery without violence,Omsk Oblast,2020,310.0,16.3,False
Robbery without violence,Tomsk Oblast,2020,368.0,34.2,False
Robbery without violence,Sakha (Yakutia) Republic,2020,241.0,24.7,False
Robbery without violence,Kamchatka Krai,2020,71.0,24.0,False
Robbery without violence,Primorsky Krai,2020,560.0,29.8,False
Robbery without violence,Khabarovsk Krai,2020,430.0,32.8,False
Robbery without violence,Amur Oblast,2020,378.0,48.3,False
Robbery without violence,Magadan Oblast,2020,33.0,23.8,False
Robbery without violence,Sakhalin Oblast,2020,105.0,22.2,False
Robbery without violence,Jewish Autonomous Oblast,2020,67.0,43.3,False
Robbery without violence,Chukotka Autonomous Okrug,2020,6.0,12.4,False
Robbery with violence,Russian Federation,2020,5280.0,3.6,True
Robbery with violence,Belgorod Oblast,2020,24.0,1.5,False
Robbery with violence,Bryansk Oblast,2020,27.0,2.3,False
Robbery with violence,Vladimir Oblast,2020,40.0,2.9,False
Robbery with violence,Voronezh Oblast,2020,99.0,4.2,False
Robbery with violence,Ivanovo Oblast,2020,35.0,3.7,False
Robbery with violence,Kaluga Oblast,2020,44.0,4.2,False
Robbery with violence,Kostroma Oblast,2020,20.0,3.3,False
Robbery with violence,Kursk Oblast,2020,32.0,2.9,False
Robbery with violence,Lipetsk Oblast,2020,27.0,2.3,False
Robbery with violence,Moscow Oblast,2020,316.0,3.8,False
Robbery with violence,Oryol Oblast,2020,21.0,2.9,False
Robbery with violence,Ryazan Oblast,2020,18.0,1.6,False
Robbery with violence,Smolensk Oblast,2020,42.0,4.6,False
Robbery with violence,Tambov Oblast,2020,11.0,1.1,False
Robbery with violence,Tver Oblast,2020,29.0,2.3,False
Robbery with violence,Tula Oblast,2020,43.0,2.8,False
Robbery with violence,Yaroslavl Oblast,2020,51.0,4.1,False
Robbery with violence,Moscow,2020,470.0,3.6,False
Robbery with violence,Republic of Karelia,2020,22.0,4.0,False
Robbery with violence,Komi Republic,2020,41.0,5.4,False
Robbery with violence,Arkhangelsk Oblast,2020,71.0,7.0,False
Robbery with violence,Nenets Autonomous Okrug,2020,1.0,2.4,False
Robbery with violence,Vologda Oblast,2020,29.0,2.5,False
Robbery with violence,Kaliningrad Oblast,2020,34.0,3.3,False
Robbery with violence,Leningrad Oblast,2020,90.0,4.6,False
Robbery with violence,Murmansk Oblast,2020,15.0,2.2,False
Robbery with violence,Novgorod Oblast,2020,22.0,3.7,False
Robbery with violence,Pskov Oblast,2020,15.0,2.4,False
Robbery with violence,Saint Petersburg,2020,260.0,4.7,False
Robbery with violence,Republic of Dagestan,2020,17.0,0.5,False
Robbery with violence,Republic of Ingushetia,2020,7.0,1.4,False
Robbery with violence,Kabardino-Balkar Republic,2020,17.0,1.9,False
Robbery with violence,Karachay-Cherkess Republic,2020,9.0,1.9,False
Robbery with violence,Republic of North Ossetia-Alania,2020,6.0,0.9,False
Robbery with violence,Chechen Republic,2020,5.0,0.3,False
Robbery with violence,Stavropol Krai,2020,84.0,2.9,False
Robbery with violence,Republic of Adygea,2020,2.0,0.4,False
Robbery with violence,Republic of Kalmykia,2020,5.0,1.9,False
Robbery with violence,Republic of Crimea,2020,56.0,2.9,False
Robbery with violence,Krasnodar Krai,2020,189.0,3.3,False
Robbery with violence,Astrakhan Oblast,2020,32.0,3.3,False
Robbery with violence,Volgograd Oblast,2020,119.0,4.7,False
Robbery with violence,Rostov Oblast,2020,137.0,3.2,False
Robbery with violence,Sevastopol,2020,17.0,3.3,False
Robbery with violence,Republic of Bashkortostan,2020,125.0,3.0,False
Robbery with violence,Mari El Republic,2020,15.0,2.2,False
Robbery with violence,Republic of Mordovia,2020,12.0,1.5,False
Robbery with violence,Republic of Tatarstan,2020,153.0,3.8,False
Robbery with violence,Udmurt Republic,2020,69.0,4.7,False
Robbery with violence,Chuvash Republic,2020,22.0,1.8,False
Robbery with violence,Perm Krai,2020,87.0,3.4,False
Robbery with violence,Kirov Oblast,2020,39.0,3.3,False
Robbery with violence,Nizhny Novgorod Oblast,2020,97.0,3.1,False
Robbery with violence,Orenburg Oblast,2020,37.0,1.9,False
Robbery with violence,Penza Oblast,2020,16.0,1.2,False
Robbery with violence,Samara Oblast,2020,91.0,2.8,False
Robbery with violence,Saratov Oblast,2020,59.0,2.4,False
Robbery with violence,Ulyanovsk Oblast,2020,57.0,4.7,False
Robbery with violence,Kurgan Oblast,2020,40.0,5.0,False
Robbery with violence,Sverdlovsk Oblast,2020,196.0,4.5,False
Robbery with violence,Tyumen Oblast,2020,52.0,3.3,False
Robbery with violence,Khanty–Mansi Autonomous Okrug – Yugra,2020,38.0,2.3,False
Robbery with violence,Yamalo-Nenets Autonomous Okrug,2020,9.0,1.8,False
Robbery with violence,Chelyabinsk Oblast,2020,172.0,5.0,False
Robbery with violence,Altai Republic,2020,7.0,3.3,False
Robbery with violence,Republic of Buryatia,2020,34.0,3.5,False
Robbery with violence,Tuva Republic,2020,40.0,12.1,False
Robbery with violence,Republic of Khakassia,2020,20.0,3.7,False
Robbery with violence,Altai Krai,2020,62.0,2.8,False
Robbery with violence,Zabaykalsky Krai,2020,58.0,5.7,False
Robbery with violence,Krasnoyarsk Krai,2020,120.0,4.2,False
Robbery with violence,Irkutsk Oblast,2020,131.0,5.5,False
Robbery with violence,Kemerovo Oblast,2020,126.0,4.8,False
Robbery with violence,Novosibirsk Oblast,2020,162.0,5.8,False
Robbery with violence,Omsk Oblast,2020,68.0,3.6,False
Robbery with violence,Tomsk Oblast,2020,46.0,4.3,False
Robbery with violence,Sakha (Yakutia) Republic,2020,33.0,3.4,False
Robbery with violence,Kamchatka Krai,2020,9.0,3.0,False
Robbery with violence,Primorsky Krai,2020,114.0,6.1,False
Robbery with violence,Khabarovsk Krai,2020,59.0,4.5,False
Robbery with violence,Amur Oblast,2020,62.0,7.9,False
Robbery with violence,Magadan Oblast,2020,7.0,5.0,False
Robbery with violence,Sakhalin Oblast,2020,22.0,4.6,False
Robbery with violence,Jewish Autonomous Oblast,2020,11.0,7.1,False
Robbery with violence,Chukotka Autonomous Okrug,2020,0.0,0.0,False
Extortion,Russian Federation,2020,6058.0,4.1,True
Extortion,Belgorod Oblast,2020,48.0,3.1,False
Extortion,Bryansk Oblast,2020,33.0,2.8,False
Extortion,Vladimir Oblast,2020,41.0,3.0,False
Extortion,Voronezh Oblast,2020,76.0,3.3,False
Extortion,Ivanovo Oblast,2020,43.0,4.5,False
Extortion,Kaluga Oblast,2020,61.0,5.8,False
Extortion,Kostroma Oblast,2020,19.0,3.2,False
Extortion,Kursk Oblast,2020,30.0,2.7,False
Extortion,Lipetsk Oblast,2020,21.0,1.8,False
Extortion,Moscow Oblast,2020,107.0,1.3,False
Extortion,Oryol Oblast,2020,12.0,1.6,False
Extortion,Ryazan Oblast,2020,2.0,0.2,False
Extortion,Smolensk Oblast,2020,57.0,6.2,False
Extortion,Tambov Oblast,2020,50.0,5.0,False
Extortion,Tver Oblast,2020,57.0,4.5,False
Extortion,Tula Oblast,2020,19.0,1.3,False
Extortion,Yaroslavl Oblast,2020,37.0,3.0,False
Extortion,Moscow,2020,376.0,2.9,False
Extortion,Republic of Karelia,2020,60.0,10.9,False
Extortion,Komi Republic,2020,93.0,12.2,False
Extortion,Arkhangelsk Oblast,2020,127.0,12.5,False
Extortion,Nenets Autonomous Okrug,2020,9.0,21.6,False
Extortion,Vologda Oblast,2020,74.0,6.4,False
Extortion,Kaliningrad Oblast,2020,45.0,4.4,False
Extortion,Leningrad Oblast,2020,43.0,2.2,False
Extortion,Murmansk Oblast,2020,47.0,6.8,False
Extortion,Novgorod Oblast,2020,48.0,8.1,False
Extortion,Pskov Oblast,2020,6.0,1.0,False
Extortion,Saint Petersburg,2020,78.0,1.4,False
Extortion,Republic of Dagestan,2020,36.0,1.1,False
Extortion,Republic of Ingushetia,2020,1.0,0.2,False
Extortion,Kabardino-Balkar Republic,2020,29.0,3.2,False
Extortion,Karachay-Cherkess Republic,2020,55.0,11.7,False
Extortion,Republic of North Ossetia-Alania,2020,12.0,1.7,False
Extortion,Chechen Republic,2020,2.0,0.1,False
Extortion,Stavropol Krai,2020,162.0,5.6,False
Extortion,Republic of Adygea,2020,15.0,3.1,False
Extortion,Republic of Kalmykia,2020,6.0,2.2,False
Extortion,Republic of Crimea,2020,39.0,2.0,False
Extortion,Krasnodar Krai,2020,166.0,2.9,False
Extortion,Astrakhan Oblast,2020,27.0,2.8,False
Extortion,Volgograd Oblast,2020,173.0,6.8,False
Extortion,Rostov Oblast,2020,172.0,4.1,False
Extortion,Sevastopol,2020,36.0,6.9,False
Extortion,Republic of Bashkortostan,2020,167.0,4.1,False
Extortion,Mari El Republic,2020,29.0,4.2,False
Extortion,Republic of Mordovia,2020,27.0,3.4,False
Extortion,Republic of Tatarstan,2020,349.0,8.7,False
Extortion,Udmurt Republic,2020,136.0,9.2,False
Extortion,Chuvash Republic,2020,52.0,4.3,False
Extortion,Perm Krai,2020,96.0,3.7,False
Extortion,Kirov Oblast,2020,83.0,7.0,False
Extortion,Nizhny Novgorod Oblast,2020,130.0,4.1,False
Extortion,Orenburg Oblast,2020,66.0,3.5,False
Extortion,Penza Oblast,2020,35.0,2.7,False
Extortion,Samara Oblast,2020,94.0,2.9,False
Extortion,Saratov Oblast,2020,99.0,4.0,False
Extortion,Ulyanovsk Oblast,2020,40.0,3.3,False
Extortion,Kurgan Oblast,2020,43.0,5.4,False
Extortion,Sverdlovsk Oblast,2020,92.0,2.1,False
Extortion,Tyumen Oblast,2020,177.0,11.2,False
Extortion,Khanty–Mansi Autonomous Okrug – Yugra,2020,163.0,9.7,False
Extortion,Yamalo-Nenets Autonomous Okrug,2020,37.0,7.3,False
Extortion,Chelyabinsk Oblast,2020,283.0,8.2,False
Extortion,Altai Republic,2020,9.0,4.3,False
Extortion,Republic of Buryatia,2020,31.0,3.2,False
Extortion,Tuva Republic,2020,7.0,2.1,False
Extortion,Republic of Khakassia,2020,34.0,6.3,False
Extortion,Altai Krai,2020,164.0,7.4,False
Extortion,Zabaykalsky Krai,2020,29.0,2.8,False
Extortion,Krasnoyarsk Krai,2020,109.0,3.8,False
Extortion,Irkutsk Oblast,2020,49.0,2.0,False
Extortion,Kemerovo Oblast,2020,106.0,4.0,False
Extortion,Novosibirsk Oblast,2020,205.0,7.3,False
Extortion,Omsk Oblast,2020,21.0,1.1,False
Extortion,Tomsk Oblast,2020,38.0,3.5,False
Extortion,Sakha (Yakutia) Republic,2020,30.0,3.1,False
Extortion,Kamchatka Krai,2020,7.0,2.4,False
Extortion,Primorsky Krai,2020,71.0,3.8,False
Extortion,Khabarovsk Krai,2020,48.0,3.7,False
Extortion,Amur Oblast,2020,53.0,6.8,False
Extortion,Magadan Oblast,2020,1.0,0.7,False
Extortion,Sakhalin Oblast,2020,25.0,5.3,False
Extortion,Jewish Autonomous Oblast,2020,11.0,7.1,False
Extortion,Chukotka Autonomous Okrug,2020,5.0,10.3,False
Hooliganism,Russian Federation,2020,1773.0,1.2,True
Hooliganism,Belgorod Oblast,2020,3.0,0.2,False
Hooliganism,Bryansk Oblast,2020,14.0,1.2,False
Hooliganism,Vladimir Oblast,2020,3.0,0.2,False
Hooliganism,Voronezh Oblast,2020,12.0,0.5,False
Hooliganism,Ivanovo Oblast,2020,12.0,1.3,False
Hooliganism,Kaluga Oblast,2020,10.0,1.0,False
Hooliganism,Kostroma Oblast,2020,2.0,0.3,False
Hooliganism,Kursk Oblast,2020,2.0,0.2,False
Hooliganism,Lipetsk Oblast,2020,13.0,1.1,False
Hooliganism,Moscow Oblast,2020,101.0,1.2,False
Hooliganism,Oryol Oblast,2020,7.0,1.0,False
Hooliganism,Ryazan Oblast,2020,3.0,0.3,False
Hooliganism,Smolensk Oblast,2020,14.0,1.5,False
Hooliganism,Tambov Oblast,2020,10.0,1.0,False
Hooliganism,Tver Oblast,2020,23.0,1.8,False
Hooliganism,Tula Oblast,2020,9.0,0.6,False
Hooliganism,Yaroslavl Oblast,2020,9.0,0.7,False
Hooliganism,Moscow,2020,258.0,2.0,False
Hooliganism,Republic of Karelia,2020,21.0,3.8,False
Hooliganism,Komi Republic,2020,7.0,0.9,False
Hooliganism,Arkhangelsk Oblast,2020,16.0,1.6,False
Hooliganism,Nenets Autonomous Okrug,2020,0.0,0.0,False
Hooliganism,Vologda Oblast,2020,9.0,0.8,False
Hooliganism,Kaliningrad Oblast,2020,5.0,0.5,False
Hooliganism,Leningrad Oblast,2020,47.0,2.4,False
Hooliganism,Murmansk Oblast,2020,8.0,1.2,False
Hooliganism,Novgorod Oblast,2020,11.0,1.9,False
Hooliganism,Pskov Oblast,2020,1.0,0.2,False
Hooliganism,Saint Petersburg,2020,125.0,2.2,False
Hooliganism,Republic of Dagestan,2020,21.0,0.7,False
Hooliganism,Republic of Ingushetia,2020,2.0,0.4,False
Hooliganism,Kabardino-Balkar Republic,2020,4.0,0.4,False
Hooliganism,Karachay-Cherkess Republic,2020,1.0,0.2,False
Hooliganism,Republic of North Ossetia-Alania,2020,4.0,0.6,False
Hooliganism,Chechen Republic,2020,5.0,0.3,False
Hooliganism,Stavropol Krai,2020,23.0,0.8,False
Hooliganism,Republic of Adygea,2020,0.0,0.0,False
Hooliganism,Republic of Kalmykia,2020,6.0,2.2,False
Hooliganism,Republic of Crimea,2020,19.0,1.0,False
Hooliganism,Krasnodar Krai,2020,50.0,0.9,False
Hooliganism,Astrakhan Oblast,2020,11.0,1.1,False
Hooliganism,Volgograd Oblast,2020,109.0,4.3,False
Hooliganism,Rostov Oblast,2020,30.0,0.7,False
Hooliganism,Sevastopol,2020,1.0,0.2,False
Hooliganism,Republic of Bashkortostan,2020,18.0,0.4,False
Hooliganism,Mari El Republic,2020,4.0,0.6,False
Hooliganism,Republic of Mordovia,2020,3.0,0.4,False
Hooliganism,Republic of Tatarstan,2020,47.0,1.2,False
Hooliganism,Udmurt Republic,2020,48.0,3.3,False
Hooliganism,Chuvash Republic,2020,5.0,0.4,False
Hooliganism,Perm Krai,2020,22.0,0.9,False
Hooliganism,Kirov Oblast,2020,23.0,1.9,False
Hooliganism,Nizhny Novgorod Oblast,2020,51.0,1.6,False
Hooliganism,Orenburg Oblast,2020,8.0,0.4,False
Hooliganism,Penza Oblast,2020,2.0,0.2,False
Hooliganism,Samara Oblast,2020,26.0,0.8,False
Hooliganism,Saratov Oblast,2020,7.0,0.3,False
Hooliganism,Ulyanovsk Oblast,2020,4.0,0.3,False
Hooliganism,Kurgan Oblast,2020,7.0,0.9,False
Hooliganism,Sverdlovsk Oblast,2020,34.0,0.8,False
Hooliganism,Tyumen Oblast,2020,26.0,1.6,False
Hooliganism,Khanty–Mansi Autonomous Okrug – Yugra,2020,31.0,1.8,False
Hooliganism,Yamalo-Nenets Autonomous Okrug,2020,2.0,0.4,False
Hooliganism,Chelyabinsk Oblast,2020,51.0,1.5,False
Hooliganism,Altai Republic,2020,3.0,1.4,False
Hooliganism,Republic of Buryatia,2020,21.0,2.1,False
Hooliganism,Tuva Republic,2020,4.0,1.2,False
Hooliganism,Republic of Khakassia,2020,5.0,0.9,False
Hooliganism,Altai Krai,2020,4.0,0.2,False
Hooliganism,Zabaykalsky Krai,2020,7.0,0.7,False
Hooliganism,Krasnoyarsk Krai,2020,30.0,1.0,False
Hooliganism,Irkutsk Oblast,2020,10.0,0.4,False
Hooliganism,Kemerovo Oblast,2020,8.0,0.3,False
Hooliganism,Novosibirsk Oblast,2020,42.0,1.5,False
Hooliganism,Omsk Oblast,2020,9.0,0.5,False
Hooliganism,Tomsk Oblast,2020,9.0,0.8,False
Hooliganism,Sakha (Yakutia) Republic,2020,14.0,1.4,False
Hooliganism,Kamchatka Krai,2020,2.0,0.7,False
Hooliganism,Primorsky Krai,2020,21.0,1.1,False
Hooliganism,Khabarovsk Krai,2020,7.0,0.5,False
Hooliganism,Amur Oblast,2020,13.0,1.7,False
Hooliganism,Magadan Oblast,2020,1.0,0.7,False
Hooliganism,Sakhalin Oblast,2020,2.0,0.4,False
Hooliganism,Jewish Autonomous Oblast,2020,1.0,0.6,False
Hooliganism,Chukotka Autonomous Okrug,2020,0.0,0.0,False
Crimes in the Sphere of Economic Activity,Russian Federation,2020,105480.0,71.3,True
Crimes in the Sphere of Economic Activity,Belgorod Oblast,2020,613.0,39.5,False
Crimes in the Sphere of Economic Activity,Bryansk Oblast,2020,724.0,60.9,False
Crimes in the Sphere of Economic Activity,Vladimir Oblast,2020,933.0,67.9,False
Crimes in the Sphere of Economic Activity,Voronezh Oblast,2020,1355.0,58.0,False
Crimes in the Sphere of Economic Activity,Ivanovo Oblast,2020,741.0,77.7,False
Crimes in the Sphere of Economic Activity,Kaluga Oblast,2020,689.0,65.5,False
Crimes in the Sphere of Economic Activity,Kostroma Oblast,2020,448.0,74.9,False
Crimes in the Sphere of Economic Activity,Kursk Oblast,2020,594.0,54.0,False
Crimes in the Sphere of Economic Activity,Lipetsk Oblast,2020,545.0,47.0,False
Crimes in the Sphere of Economic Activity,Moscow Oblast,2020,3761.0,44.9,False
Crimes in the Sphere of Economic Activity,Oryol Oblast,2020,472.0,64.6,False
Crimes in the Sphere of Economic Activity,Ryazan Oblast,2020,682.0,60.9,False
Crimes in the Sphere of Economic Activity,Smolensk Oblast,2020,687.0,75.0,False
Crimes in the Sphere of Economic Activity,Tambov Oblast,2020,587.0,58.4,False
Crimes in the Sphere of Economic Activity,Tver Oblast,2020,703.0,55.9,False
Crimes in the Sphere of Economic Activity,Tula Oblast,2020,979.0,64.5,False
Crimes in the Sphere of Economic Activity,Yaroslavl Oblast,2020,712.0,57.6,False
Crimes in the Sphere of Economic Activity,Moscow,2020,11744.0,90.7,False
Crimes in the Sphere of Economic Activity,Republic of Karelia,2020,440.0,79.9,False
Crimes in the Sphere of Economic Activity,Komi Republic,2020,627.0,82.1,False
Crimes in the Sphere of Economic Activity,Arkhangelsk Oblast,2020,942.0,92.9,False
Crimes in the Sphere of Economic Activity,Nenets Autonomous Okrug,2020,64.0,153.8,False
Crimes in the Sphere of Economic Activity,Vologda Oblast,2020,797.0,68.7,False
Crimes in the Sphere of Economic Activity,Kaliningrad Oblast,2020,496.0,48.9,False
Crimes in the Sphere of Economic Activity,Leningrad Oblast,2020,1654.0,84.8,False
Crimes in the Sphere of Economic Activity,Murmansk Oblast,2020,329.0,47.5,False
Crimes in the Sphere of Economic Activity,Novgorod Oblast,2020,370.0,62.4,False
Crimes in the Sphere of Economic Activity,Pskov Oblast,2020,450.0,73.5,False
Crimes in the Sphere of Economic Activity,Saint Petersburg,2020,2911.0,52.2,False
Crimes in the Sphere of Economic Activity,Republic of Dagestan,2020,2011.0,64.0,False
Crimes in the Sphere of Economic Activity,Republic of Ingushetia,2020,232.0,46.7,False
Crimes in the Sphere of Economic Activity,Kabardino-Balkar Republic,2020,657.0,73.2,False
Crimes in the Sphere of Economic Activity,Karachay-Cherkess Republic,2020,440.0,93.5,False
Crimes in the Sphere of Economic Activity,Republic of North Ossetia-Alania,2020,662.0,95.3,False
Crimes in the Sphere of Economic Activity,Chechen Republic,2020,568.0,38.4,False
Crimes in the Sphere of Economic Activity,Stavropol Krai,2020,2730.0,94.0,False
Crimes in the Sphere of Economic Activity,Republic of Adygea,2020,344.0,70.6,False
Crimes in the Sphere of Economic Activity,Republic of Kalmykia,2020,281.0,104.0,False
Crimes in the Sphere of Economic Activity,Republic of Crimea,2020,974.0,50.2,False
Crimes in the Sphere of Economic Activity,Krasnodar Krai,2020,3575.0,61.7,False
Crimes in the Sphere of Economic Activity,Astrakhan Oblast,2020,730.0,74.5,False
Crimes in the Sphere of Economic Activity,Volgograd Oblast,2020,1338.0,53.0,False
Crimes in the Sphere of Economic Activity,Rostov Oblast,2020,1866.0,44.1,False
Crimes in the Sphere of Economic Activity,Sevastopol,2020,231.0,44.2,False
Crimes in the Sphere of Economic Activity,Republic of Bashkortostan,2020,2586.0,62.9,False
Crimes in the Sphere of Economic Activity,Mari El Republic,2020,427.0,62.5,False
Crimes in the Sphere of Economic Activity,Republic of Mordovia,2020,897.0,112.3,False
Crimes in the Sphere of Economic Activity,Republic of Tatarstan,2020,2717.0,68.0,False
Crimes in the Sphere of Economic Activity,Udmurt Republic,2020,1152.0,78.3,False
Crimes in the Sphere of Economic Activity,Chuvash Republic,2020,1115.0,92.5,False
Crimes in the Sphere of Economic Activity,Perm Krai,2020,1633.0,63.4,False
Crimes in the Sphere of Economic Activity,Kirov Oblast,2020,743.0,62.3,False
Crimes in the Sphere of Economic Activity,Nizhny Novgorod Oblast,2020,2647.0,83.4,False
Crimes in the Sphere of Economic Activity,Orenburg Oblast,2020,1186.0,62.5,False
Crimes in the Sphere of Economic Activity,Penza Oblast,2020,639.0,49.4,False
Crimes in the Sphere of Economic Activity,Samara Oblast,2020,2949.0,92.0,False
Crimes in the Sphere of Economic Activity,Saratov Oblast,2020,1647.0,66.5,False
Crimes in the Sphere of Economic Activity,Ulyanovsk Oblast,2020,674.0,55.3,False
Crimes in the Sphere of Economic Activity,Kurgan Oblast,2020,772.0,96.5,False
Crimes in the Sphere of Economic Activity,Sverdlovsk Oblast,2020,2643.0,61.3,False
Crimes in the Sphere of Economic Activity,Tyumen Oblast,2020,1239.0,78.5,False
Crimes in the Sphere of Economic Activity,Khanty–Mansi Autonomous Okrug – Yugra,2020,981.0,58.2,False
Crimes in the Sphere of Economic Activity,Yamalo-Nenets Autonomous Okrug,2020,242.0,47.4,False
Crimes in the Sphere of Economic Activity,Chelyabinsk Oblast,2020,2443.0,70.4,False
Crimes in the Sphere of Economic Activity,Altai Republic,2020,154.0,72.9,False
Crimes in the Sphere of Economic Activity,Republic of Buryatia,2020,529.0,53.9,False
Crimes in the Sphere of Economic Activity,Tuva Republic,2020,178.0,53.9,False
Crimes in the Sphere of Economic Activity,Republic of Khakassia,2020,277.0,51.5,False
Crimes in the Sphere of Economic Activity,Altai Krai,2020,985.0,44.3,False
Crimes in the Sphere of Economic Activity,Zabaykalsky Krai,2020,519.0,50.6,False
Crimes in the Sphere of Economic Activity,Krasnoyarsk Krai,2020,1477.0,51.4,False
Crimes in the Sphere of Economic Activity,Irkutsk Oblast,2020,1473.0,61.5,False
Crimes in the Sphere of Economic Activity,Kemerovo Oblast,2020,1053.0,39.8,False
Crimes in the Sphere of Economic Activity,Novosibirsk Oblast,2020,2224.0,79.1,False
Crimes in the Sphere of Economic Activity,Omsk Oblast,2020,1473.0,77.4,False
Crimes in the Sphere of Economic Activity,Tomsk Oblast,2020,607.0,56.5,False
Crimes in the Sphere of Economic Activity,Sakha (Yakutia) Republic,2020,626.0,64.1,False
Crimes in the Sphere of Economic Activity,Kamchatka Krai,2020,240.0,81.0,False
Crimes in the Sphere of Economic Activity,Primorsky Krai,2020,994.0,52.9,False
Crimes in the Sphere of Economic Activity,Khabarovsk Krai,2020,627.0,47.8,False
Crimes in the Sphere of Economic Activity,Amur Oblast,2020,400.0,51.1,False
Crimes in the Sphere of Economic Activity,Magadan Oblast,2020,206.0,148.6,False
Crimes in the Sphere of Economic Activity,Sakhalin Oblast,2020,337.0,71.1,False
Crimes in the Sphere of Economic Activity,Jewish Autonomous Oblast,2020,74.0,47.8,False
Crimes in the Sphere of Economic Activity,Chukotka Autonomous Okrug,2020,52.0,107.1,False
Murder,Russian Federation,2021,7258.0,4.9,True
Murder,Belgorod Oblast,2021,51.0,3.3,False
Murder,Bryansk Oblast,2021,49.0,4.2,False
Murder,Vladimir Oblast,2021,56.0,4.1,False
Murder,Voronezh Oblast,2021,92.0,4.0,False
Murder,Ivanovo Oblast,2021,49.0,5.2,False
Murder,Kaluga Oblast,2021,52.0,4.9,False
Murder,Kostroma Oblast,2021,27.0,4.6,False
Murder,Kursk Oblast,2021,57.0,5.2,False
Murder,Lipetsk Oblast,2021,36.0,3.1,False
Murder,Moscow Oblast,2021,324.0,3.8,False
Murder,Oryol Oblast,2021,29.0,4.0,False
Murder,Ryazan Oblast,2021,48.0,4.3,False
Murder,Smolensk Oblast,2021,58.0,6.4,False
Murder,Tambov Oblast,2021,26.0,2.6,False
Murder,Tver Oblast,2021,90.0,7.2,False
Murder,Tula Oblast,2021,61.0,4.0,False
Murder,Yaroslavl Oblast,2021,118.0,9.7,False
Murder,Moscow,2021,263.0,2.0,False
Murder,Republic of Karelia,2021,58.0,10.7,False
Murder,Komi Republic,2021,53.0,7.1,False
Murder,Arkhangelsk Oblast,2021,129.0,13.0,False
Murder,Nenets Autonomous Okrug,2021,6.0,14.4,False
Murder,Vologda Oblast,2021,73.0,6.3,False
Murder,Kaliningrad Oblast,2021,34.0,3.3,False
Murder,Leningrad Oblast,2021,140.0,7.1,False
Murder,Murmansk Oblast,2021,30.0,4.4,False
Murder,Novgorod Oblast,2021,44.0,7.5,False
Murder,Pskov Oblast,2021,31.0,5.1,False
Murder,Saint Petersburg,2021,133.0,2.4,False
Murder,Republic of Dagestan,2021,63.0,2.0,False
Murder,Republic of Ingushetia,2021,11.0,2.2,False
Murder,Kabardino-Balkar Republic,2021,24.0,2.7,False
Murder,Karachay-Cherkess Republic,2021,21.0,4.5,False
Murder,Republic of North Ossetia-Alania,2021,14.0,2.0,False
Murder,Chechen Republic,2021,14.0,0.9,False
Murder,Stavropol Krai,2021,82.0,2.8,False
Murder,Republic of Adygea,2021,15.0,3.1,False
Murder,Republic of Kalmykia,2021,14.0,5.2,False
Murder,Republic of Crimea,2021,66.0,3.4,False
Murder,Krasnodar Krai,2021,218.0,3.7,False
Murder,Astrakhan Oblast,2021,27.0,2.8,False
Murder,Volgograd Oblast,2021,97.0,3.9,False
Murder,Rostov Oblast,2021,134.0,3.2,False
Murder,Sevastopol,2021,12.0,2.3,False
Murder,Republic of Bashkortostan,2021,212.0,5.2,False
Murder,Mari El Republic,2021,44.0,6.5,False
Murder,Republic of Mordovia,2021,31.0,3.9,False
Murder,Republic of Tatarstan,2021,209.0,5.2,False
Murder,Udmurt Republic,2021,64.0,4.4,False
Murder,Chuvash Republic,2021,42.0,3.5,False
Murder,Perm Krai,2021,162.0,6.4,False
Murder,Kirov Oblast,2021,44.0,3.8,False
Murder,Nizhny Novgorod Oblast,2021,156.0,5.0,False
Murder,Orenburg Oblast,2021,78.0,4.2,False
Murder,Penza Oblast,2021,48.0,3.8,False
Murder,Samara Oblast,2021,105.0,3.3,False
Murder,Saratov Oblast,2021,78.0,3.2,False
Murder,Ulyanovsk Oblast,2021,87.0,7.2,False
Murder,Kurgan Oblast,2021,73.0,9.3,False
Murder,Sverdlovsk Oblast,2021,257.0,6.0,False
Murder,Tyumen Oblast,2021,75.0,4.7,False
Murder,Khanty–Mansi Autonomous Okrug – Yugra,2021,72.0,4.2,False
Murder,Yamalo-Nenets Autonomous Okrug,2021,43.0,8.5,False
Murder,Chelyabinsk Oblast,2021,177.0,5.1,False
Murder,Altai Republic,2021,20.0,9.5,False
Murder,Republic of Buryatia,2021,130.0,13.3,False
Murder,Tuva Republic,2021,114.0,34.2,False
Murder,Republic of Khakassia,2021,40.0,7.5,False
Murder,Altai Krai,2021,133.0,6.1,False
Murder,Zabaykalsky Krai,2021,154.0,15.2,False
Murder,Krasnoyarsk Krai,2021,236.0,8.2,False
Murder,Irkutsk Oblast,2021,230.0,9.7,False
Murder,Kemerovo Oblast,2021,196.0,7.5,False
Murder,Novosibirsk Oblast,2021,132.0,4.7,False
Murder,Omsk Oblast,2021,75.0,4.0,False
Murder,Tomsk Oblast,2021,53.0,5.0,False
Murder,Sakha (Yakutia) Republic,2021,103.0,10.4,False
Murder,Kamchatka Krai,2021,32.0,10.9,False
Murder,Primorsky Krai,2021,132.0,7.1,False
Murder,Khabarovsk Krai,2021,159.0,12.3,False
Murder,Amur Oblast,2021,110.0,14.2,False
Murder,Magadan Oblast,2021,11.0,8.0,False
Murder,Sakhalin Oblast,2021,39.0,8.3,False
Murder,Jewish Autonomous Oblast,2021,27.0,17.7,False
Murder,Chukotka Autonomous Okrug,2021,5.0,10.5,False
Intentional Bodily Harm,Russian Federation,2021,17894.0,12.1,True
Intentional Bodily Harm,Belgorod Oblast,2021,125.0,8.1,False
Intentional Bodily Harm,Bryansk Oblast,2021,100.0,8.5,False
Intentional Bodily Harm,Vladimir Oblast,2021,150.0,11.0,False
Intentional Bodily Harm,Voronezh Oblast,2021,190.0,8.2,False
Intentional Bodily Harm,Ivanovo Oblast,2021,111.0,11.8,False
Intentional Bodily Harm,Kaluga Oblast,2021,139.0,13.2,False
Intentional Bodily Harm,Kostroma Oblast,2021,56.0,9.5,False
Intentional Bodily Harm,Kursk Oblast,2021,93.0,8.5,False
Intentional Bodily Harm,Lipetsk Oblast,2021,88.0,7.6,False
Intentional Bodily Harm,Moscow Oblast,2021,830.0,9.8,False
Intentional Bodily Harm,Oryol Oblast,2021,63.0,8.7,False
Intentional Bodily Harm,Ryazan Oblast,2021,89.0,8.0,False
Intentional Bodily Harm,Smolensk Oblast,2021,104.0,11.6,False
Intentional Bodily Harm,Tambov Oblast,2021,95.0,9.6,False
Intentional Bodily Harm,Tver Oblast,2021,140.0,11.3,False
Intentional Bodily Harm,Tula Oblast,2021,136.0,9.0,False
Intentional Bodily Harm,Yaroslavl Oblast,2021,172.0,14.1,False
Intentional Bodily Harm,Moscow,2021,549.0,4.2,False
Intentional Bodily Harm,Republic of Karelia,2021,101.0,18.7,False
Intentional Bodily Harm,Komi Republic,2021,184.0,24.5,False
Intentional Bodily Harm,Arkhangelsk Oblast,2021,145.0,14.6,False
Intentional Bodily Harm,Nenets Autonomous Okrug,2021,9.0,21.7,False
Intentional Bodily Harm,Vologda Oblast,2021,186.0,16.2,False
Intentional Bodily Harm,Kaliningrad Oblast,2021,92.0,9.0,False
Intentional Bodily Harm,Leningrad Oblast,2021,234.0,11.8,False
Intentional Bodily Harm,Murmansk Oblast,2021,111.0,16.4,False
Intentional Bodily Harm,Novgorod Oblast,2021,57.0,9.7,False
Intentional Bodily Harm,Pskov Oblast,2021,89.0,14.7,False
Intentional Bodily Harm,Saint Petersburg,2021,321.0,5.7,False
Intentional Bodily Harm,Republic of Dagestan,2021,95.0,3.0,False
Intentional Bodily Harm,Republic of Ingushetia,2021,10.0,2.0,False
Intentional Bodily Harm,Kabardino-Balkar Republic,2021,34.0,3.8,False
Intentional Bodily Harm,Karachay-Cherkess Republic,2021,28.0,6.0,False
Intentional Bodily Harm,Republic of North Ossetia-Alania,2021,33.0,4.8,False
Intentional Bodily Harm,Chechen Republic,2021,7.0,0.5,False
Intentional Bodily Harm,Stavropol Krai,2021,236.0,8.1,False
Intentional Bodily Harm,Republic of Adygea,2021,39.0,8.0,False
Intentional Bodily Harm,Republic of Kalmykia,2021,49.0,18.2,False
Intentional Bodily Harm,Republic of Crimea,2021,156.0,8.1,False
Intentional Bodily Harm,Krasnodar Krai,2021,514.0,8.8,False
Intentional Bodily Harm,Astrakhan Oblast,2021,87.0,9.0,False
Intentional Bodily Harm,Volgograd Oblast,2021,236.0,9.4,False
Intentional Bodily Harm,Rostov Oblast,2021,335.0,7.9,False
Intentional Bodily Harm,Sevastopol,2021,63.0,11.8,False
Intentional Bodily Harm,Republic of Bashkortostan,2021,469.0,11.4,False
Intentional Bodily Harm,Mari El Republic,2021,86.0,12.7,False
Intentional Bodily Harm,Republic of Mordovia,2021,65.0,8.2,False
Intentional Bodily Harm,Republic of Tatarstan,2021,348.0,8.7,False
Intentional Bodily Harm,Udmurt Republic,2021,263.0,18.0,False
Intentional Bodily Harm,Chuvash Republic,2021,131.0,11.0,False
Intentional Bodily Harm,Perm Krai,2021,445.0,17.4,False
Intentional Bodily Harm,Kirov Oblast,2021,133.0,11.3,False
Intentional Bodily Harm,Nizhny Novgorod Oblast,2021,315.0,10.0,False
Intentional Bodily Harm,Orenburg Oblast,2021,278.0,14.8,False
Intentional Bodily Harm,Penza Oblast,2021,138.0,10.8,False
Intentional Bodily Harm,Samara Oblast,2021,274.0,8.6,False
Intentional Bodily Harm,Saratov Oblast,2021,223.0,9.1,False
Intentional Bodily Harm,Ulyanovsk Oblast,2021,125.0,10.4,False
Intentional Bodily Harm,Kurgan Oblast,2021,102.0,12.9,False
Intentional Bodily Harm,Sverdlovsk Oblast,2021,661.0,15.4,False
Intentional Bodily Harm,Tyumen Oblast,2021,316.0,19.9,False
Intentional Bodily Harm,Khanty–Mansi Autonomous Okrug – Yugra,2021,234.0,13.8,False
Intentional Bodily Harm,Yamalo-Nenets Autonomous Okrug,2021,103.0,20.2,False
Intentional Bodily Harm,Chelyabinsk Oblast,2021,557.0,16.2,False
Intentional Bodily Harm,Altai Republic,2021,44.0,20.8,False
Intentional Bodily Harm,Republic of Buryatia,2021,257.0,26.2,False
Intentional Bodily Harm,Tuva Republic,2021,365.0,109.4,False
Intentional Bodily Harm,Republic of Khakassia,2021,125.0,23.3,False
Intentional Bodily Harm,Altai Krai,2021,447.0,20.4,False
Intentional Bodily Harm,Zabaykalsky Krai,2021,342.0,33.7,False
Intentional Bodily Harm,Krasnoyarsk Krai,2021,672.0,23.5,False
Intentional Bodily Harm,Irkutsk Oblast,2021,647.0,27.2,False
Intentional Bodily Harm,Kemerovo Oblast,2021,637.0,24.3,False
Intentional Bodily Harm,Novosibirsk Oblast,2021,376.0,13.4,False
Intentional Bodily Harm,Omsk Oblast,2021,264.0,14.1,False
Intentional Bodily Harm,Tomsk Oblast,2021,196.0,18.4,False
Intentional Bodily Harm,Sakha (Yakutia) Republic,2021,270.0,27.3,False
Intentional Bodily Harm,Kamchatka Krai,2021,60.0,20.5,False
Intentional Bodily Harm,Primorsky Krai,2021,473.0,25.5,False
Intentional Bodily Harm,Khabarovsk Krai,2021,250.0,19.3,False
Intentional Bodily Harm,Amur Oblast,2021,211.0,27.3,False
Intentional Bodily Harm,Magadan Oblast,2021,29.0,21.1,False
Intentional Bodily Harm,Sakhalin Oblast,2021,110.0,23.4,False
Intentional Bodily Harm,Jewish Autonomous Oblast,2021,44.0,28.8,False
Intentional Bodily Harm,Chukotka Autonomous Okrug,2021,19.0,39.9,False
Rape,Russian Federation,2021,3457.0,2.3,True
Rape,Belgorod Oblast,2021,26.0,1.7,False
Rape,Bryansk Oblast,2021,8.0,0.7,False
Rape,Vladimir Oblast,2021,18.0,1.3,False
Rape,Voronezh Oblast,2021,33.0,1.4,False
Rape,Ivanovo Oblast,2021,26.0,2.8,False
Rape,Kaluga Oblast,2021,27.0,2.6,False
Rape,Kostroma Oblast,2021,13.0,2.2,False
Rape,Kursk Oblast,2021,60.0,5.5,False
Rape,Lipetsk Oblast,2021,19.0,1.7,False
Rape,Moscow Oblast,2021,129.0,1.5,False
Rape,Oryol Oblast,2021,7.0,1.0,False
Rape,Ryazan Oblast,2021,14.0,1.3,False
Rape,Smolensk Oblast,2021,12.0,1.3,False
Rape,Tambov Oblast,2021,10.0,1.0,False
Rape,Tver Oblast,2021,16.0,1.3,False
Rape,Tula Oblast,2021,20.0,1.3,False
Rape,Yaroslavl Oblast,2021,15.0,1.2,False
Rape,Moscow,2021,131.0,1.0,False
Rape,Republic of Karelia,2021,21.0,3.9,False
Rape,Komi Republic,2021,36.0,4.8,False
Rape,Arkhangelsk Oblast,2021,31.0,3.1,False
Rape,Nenets Autonomous Okrug,2021,2.0,4.8,False
Rape,Vologda Oblast,2021,20.0,1.7,False
Rape,Kaliningrad Oblast,2021,17.0,1.7,False
Rape,Leningrad Oblast,2021,42.0,2.1,False
Rape,Murmansk Oblast,2021,11.0,1.6,False
Rape,Novgorod Oblast,2021,7.0,1.2,False
Rape,Pskov Oblast,2021,8.0,1.3,False
Rape,Saint Petersburg,2021,68.0,1.2,False
Rape,Republic of Dagestan,2021,39.0,1.2,False
Rape,Republic of Ingushetia,2021,4.0,0.8,False
Rape,Kabardino-Balkar Republic,2021,25.0,2.8,False
Rape,Karachay-Cherkess Republic,2021,8.0,1.7,False
Rape,Republic of North Ossetia-Alania,2021,6.0,0.9,False
Rape,Chechen Republic,2021,2.0,0.1,False
Rape,Stavropol Krai,2021,62.0,2.1,False
Rape,Republic of Adygea,2021,10.0,2.0,False
Rape,Republic of Kalmykia,2021,3.0,1.1,False
Rape,Republic of Crimea,2021,21.0,1.1,False
Rape,Krasnodar Krai,2021,85.0,1.5,False
Rape,Astrakhan Oblast,2021,57.0,5.9,False
Rape,Volgograd Oblast,2021,56.0,2.2,False
Rape,Rostov Oblast,2021,51.0,1.2,False
Rape,Sevastopol,2021,10.0,1.9,False
Rape,Republic of Bashkortostan,2021,68.0,1.7,False
Rape,Mari El Republic,2021,9.0,1.3,False
Rape,Republic of Mordovia,2021,10.0,1.3,False
Rape,Republic of Tatarstan,2021,162.0,4.1,False
Rape,Udmurt Republic,2021,75.0,5.1,False
Rape,Chuvash Republic,2021,32.0,2.7,False
Rape,Perm Krai,2021,49.0,1.9,False
Rape,Kirov Oblast,2021,28.0,2.4,False
Rape,Nizhny Novgorod Oblast,2021,75.0,2.4,False
Rape,Orenburg Oblast,2021,49.0,2.6,False
Rape,Penza Oblast,2021,32.0,2.5,False
Rape,Samara Oblast,2021,26.0,0.8,False
Rape,Saratov Oblast,2021,49.0,2.0,False
Rape,Ulyanovsk Oblast,2021,11.0,0.9,False
Rape,Kurgan Oblast,2021,116.0,14.7,False
Rape,Sverdlovsk Oblast,2021,192.0,4.5,False
Rape,Tyumen Oblast,2021,53.0,3.3,False
Rape,Khanty–Mansi Autonomous Okrug – Yugra,2021,24.0,1.4,False
Rape,Yamalo-Nenets Autonomous Okrug,2021,19.0,3.7,False
Rape,Chelyabinsk Oblast,2021,63.0,1.8,False
Rape,Altai Republic,2021,18.0,8.5,False
Rape,Republic of Buryatia,2021,43.0,4.4,False
Rape,Tuva Republic,2021,45.0,13.5,False
Rape,Republic of Khakassia,2021,22.0,4.1,False
Rape,Altai Krai,2021,55.0,2.5,False
Rape,Zabaykalsky Krai,2021,61.0,6.0,False
Rape,Krasnoyarsk Krai,2021,164.0,5.7,False
Rape,Irkutsk Oblast,2021,104.0,4.4,False
Rape,Kemerovo Oblast,2021,96.0,3.7,False
Rape,Novosibirsk Oblast,2021,81.0,2.9,False
Rape,Omsk Oblast,2021,34.0,1.8,False
Rape,Tomsk Oblast,2021,19.0,1.8,False
Rape,Sakha (Yakutia) Republic,2021,76.0,7.7,False
Rape,Kamchatka Krai,2021,15.0,5.1,False
Rape,Primorsky Krai,2021,57.0,3.1,False
Rape,Khabarovsk Krai,2021,54.0,4.2,False
Rape,Amur Oblast,2021,28.0,3.6,False
Rape,Magadan Oblast,2021,4.0,2.9,False
Rape,Sakhalin Oblast,2021,12.0,2.6,False
Rape,Jewish Autonomous Oblast,2021,8.0,5.2,False
Rape,Chukotka Autonomous Okrug,2021,1.0,2.1,False
Theft,Russian Federation,2021,733075.0,497.1,True
Theft,Belgorod Oblast,2021,4734.0,306.3,False
Theft,Bryansk Oblast,2021,3956.0,335.5,False
Theft,Vladimir Oblast,2021,5579.0,410.5,False
Theft,Voronezh Oblast,2021,14067.0,606.6,False
Theft,Ivanovo Oblast,2021,4498.0,479.1,False
Theft,Kaluga Oblast,2021,5638.0,533.9,False
Theft,Kostroma Oblast,2021,2744.0,465.7,False
Theft,Kursk Oblast,2021,5102.0,467.4,False
Theft,Lipetsk Oblast,2021,4619.0,401.4,False
Theft,Moscow Oblast,2021,24523.0,290.7,False
Theft,Oryol Oblast,2021,2577.0,357.4,False
Theft,Ryazan Oblast,2021,2630.0,236.8,False
Theft,Smolensk Oblast,2021,4851.0,538.8,False
Theft,Tambov Oblast,2021,3918.0,394.6,False
Theft,Tver Oblast,2021,9047.0,728.5,False
Theft,Tula Oblast,2021,6001.0,398.0,False
Theft,Yaroslavl Oblast,2021,6391.0,523.1,False
Theft,Moscow,2021,61548.0,474.2,False
Theft,Republic of Karelia,2021,5852.0,1080.8,False
Theft,Komi Republic,2021,4379.0,583.5,False
Theft,Arkhangelsk Oblast,2021,6024.0,605.0,False
Theft,Nenets Autonomous Okrug,2021,192.0,462.0,False
Theft,Vologda Oblast,2021,6931.0,602.7,False
Theft,Kaliningrad Oblast,2021,5588.0,547.0,False
Theft,Leningrad Oblast,2021,12421.0,628.2,False
Theft,Murmansk Oblast,2021,3973.0,585.5,False
Theft,Novgorod Oblast,2021,4318.0,734.0,False
Theft,Pskov Oblast,2021,2765.0,457.0,False
Theft,Saint Petersburg,2021,22849.0,408.9,False
Theft,Republic of Dagestan,2021,1553.0,49.1,False
Theft,Republic of Ingushetia,2021,245.0,48.6,False
Theft,Kabardino-Balkar Republic,2021,1600.0,177.7,False
Theft,Karachay-Cherkess Republic,2021,1004.0,213.5,False
Theft,Republic of North Ossetia-Alania,2021,1606.0,232.5,False
Theft,Chechen Republic,2021,585.0,39.1,False
Theft,Stavropol Krai,2021,11641.0,400.8,False
Theft,Republic of Adygea,2021,1290.0,263.0,False
Theft,Republic of Kalmykia,2021,698.0,259.6,False
Theft,Republic of Crimea,2021,6288.0,325.5,False
Theft,Krasnodar Krai,2021,28899.0,496.9,False
Theft,Astrakhan Oblast,2021,3813.0,393.5,False
Theft,Volgograd Oblast,2021,15943.0,634.3,False
Theft,Rostov Oblast,2021,26804.0,635.7,False
Theft,Sevastopol,2021,1990.0,374.2,False
Theft,Republic of Bashkortostan,2021,19823.0,483.9,False
Theft,Mari El Republic,2021,2536.0,373.1,False
Theft,Republic of Mordovia,2021,2268.0,287.6,False
Theft,Republic of Tatarstan,2021,19385.0,484.9,False
Theft,Udmurt Republic,2021,10342.0,707.9,False
Theft,Chuvash Republic,2021,3369.0,282.0,False
Theft,Perm Krai,2021,14395.0,564.4,False
Theft,Kirov Oblast,2021,6886.0,587.1,False
Theft,Nizhny Novgorod Oblast,2021,14412.0,458.3,False
Theft,Orenburg Oblast,2021,8046.0,428.1,False
Theft,Penza Oblast,2021,4577.0,357.9,False
Theft,Samara Oblast,2021,15971.0,501.6,False
Theft,Saratov Oblast,2021,10782.0,438.7,False
Theft,Ulyanovsk Oblast,2021,3858.0,319.6,False
Theft,Kurgan Oblast,2021,4407.0,559.0,False
Theft,Sverdlovsk Oblast,2021,20417.0,476.0,False
Theft,Tyumen Oblast,2021,7451.0,468.8,False
Theft,Khanty–Mansi Autonomous Okrug – Yugra,2021,5516.0,324.8,False
Theft,Yamalo-Nenets Autonomous Okrug,2021,1687.0,331.6,False
Theft,Chelyabinsk Oblast,2021,25448.0,738.6,False
Theft,Altai Republic,2021,1265.0,599.1,False
Theft,Republic of Buryatia,2021,7880.0,803.3,False
Theft,Tuva Republic,2021,3369.0,1009.5,False
Theft,Republic of Khakassia,2021,3736.0,696.6,False
Theft,Altai Krai,2021,14561.0,664.0,False
Theft,Zabaykalsky Krai,2021,7252.0,714.7,False
Theft,Krasnoyarsk Krai,2021,17540.0,612.8,False
Theft,Irkutsk Oblast,2021,15797.0,663.5,False
Theft,Kemerovo Oblast,2021,20265.0,772.8,False
Theft,Novosibirsk Oblast,2021,23664.0,844.7,False
Theft,Omsk Oblast,2021,8807.0,468.9,False
Theft,Tomsk Oblast,2021,5382.0,505.2,False
Theft,Sakha (Yakutia) Republic,2021,3384.0,342.8,False
Theft,Kamchatka Krai,2021,1871.0,638.0,False
Theft,Primorsky Krai,2021,12201.0,656.6,False
Theft,Khabarovsk Krai,2021,8347.0,644.5,False
Theft,Amur Oblast,2021,7071.0,913.9,False
Theft,Magadan Oblast,2021,634.0,461.6,False
Theft,Sakhalin Oblast,2021,2604.0,554.9,False
Theft,Jewish Autonomous Oblast,2021,1114.0,730.2,False
Theft,Chukotka Autonomous Okrug,2021,190.0,399.3,False
Robbery without violence,Russian Federation,2021,31456.0,21.3,True
Robbery without violence,Belgorod Oblast,2021,166.0,10.7,False
Robbery without violence,Bryansk Oblast,2021,215.0,18.2,False
Robbery without violence,Vladimir Oblast,2021,362.0,26.6,False
Robbery without violence,Voronezh Oblast,2021,497.0,21.4,False
Robbery without violence,Ivanovo Oblast,2021,263.0,28.0,False
Robbery without violence,Kaluga Oblast,2021,298.0,28.2,False
Robbery without violence,Kostroma Oblast,2021,124.0,21.0,False
Robbery without violence,Kursk Oblast,2021,169.0,15.5,False
Robbery without violence,Lipetsk Oblast,2021,309.0,26.9,False
Robbery without violence,Moscow Oblast,2021,1631.0,19.3,False
Robbery without violence,Oryol Oblast,2021,153.0,21.2,False
Robbery without violence,Ryazan Oblast,2021,183.0,16.5,False
Robbery without violence,Smolensk Oblast,2021,350.0,38.9,False
Robbery without violence,Tambov Oblast,2021,182.0,18.3,False
Robbery without violence,Tver Oblast,2021,387.0,31.2,False
Robbery without violence,Tula Oblast,2021,328.0,21.8,False
Robbery without violence,Yaroslavl Oblast,2021,329.0,26.9,False
Robbery without violence,Moscow,2021,1784.0,13.7,False
Robbery without violence,Republic of Karelia,2021,421.0,77.8,False
Robbery without violence,Komi Republic,2021,285.0,38.0,False
Robbery without violence,Arkhangelsk Oblast,2021,446.0,44.8,False
Robbery without violence,Nenets Autonomous Okrug,2021,1.0,2.4,False
Robbery without violence,Vologda Oblast,2021,262.0,22.8,False
Robbery without violence,Kaliningrad Oblast,2021,217.0,21.2,False
Robbery without violence,Leningrad Oblast,2021,509.0,25.7,False
Robbery without violence,Murmansk Oblast,2021,233.0,34.3,False
Robbery without violence,Novgorod Oblast,2021,205.0,34.8,False
Robbery without violence,Pskov Oblast,2021,112.0,18.5,False
Robbery without violence,Saint Petersburg,2021,1058.0,18.9,False
Robbery without violence,Republic of Dagestan,2021,51.0,1.6,False
Robbery without violence,Republic of Ingushetia,2021,6.0,1.2,False
Robbery without violence,Kabardino-Balkar Republic,2021,47.0,5.2,False
Robbery without violence,Karachay-Cherkess Republic,2021,55.0,11.7,False
Robbery without violence,Republic of North Ossetia-Alania,2021,36.0,5.2,False
Robbery without violence,Chechen Republic,2021,2.0,0.1,False
Robbery without violence,Stavropol Krai,2021,398.0,13.7,False
Robbery without violence,Republic of Adygea,2021,41.0,8.4,False
Robbery without violence,Republic of Kalmykia,2021,55.0,20.5,False
Robbery without violence,Republic of Crimea,2021,237.0,12.3,False
Robbery without violence,Krasnodar Krai,2021,888.0,15.3,False
Robbery without violence,Astrakhan Oblast,2021,165.0,17.0,False
Robbery without violence,Volgograd Oblast,2021,1000.0,39.8,False
Robbery without violence,Rostov Oblast,2021,1025.0,24.3,False
Robbery without violence,Sevastopol,2021,135.0,25.4,False
Robbery without violence,Republic of Bashkortostan,2021,704.0,17.2,False
Robbery without violence,Mari El Republic,2021,214.0,31.5,False
Robbery without violence,Republic of Mordovia,2021,107.0,13.6,False
Robbery without violence,Republic of Tatarstan,2021,618.0,15.5,False
Robbery without violence,Udmurt Republic,2021,417.0,28.5,False
Robbery without violence,Chuvash Republic,2021,102.0,8.5,False
Robbery without violence,Perm Krai,2021,436.0,17.1,False
Robbery without violence,Kirov Oblast,2021,399.0,34.0,False
Robbery without violence,Nizhny Novgorod Oblast,2021,718.0,22.8,False
Robbery without violence,Orenburg Oblast,2021,292.0,15.5,False
Robbery without violence,Penza Oblast,2021,118.0,9.2,False
Robbery without violence,Samara Oblast,2021,729.0,22.9,False
Robbery without violence,Saratov Oblast,2021,434.0,17.7,False
Robbery without violence,Ulyanovsk Oblast,2021,203.0,16.8,False
Robbery without violence,Kurgan Oblast,2021,158.0,20.0,False
Robbery without violence,Sverdlovsk Oblast,2021,835.0,19.5,False
Robbery without violence,Tyumen Oblast,2021,232.0,14.6,False
Robbery without violence,Khanty–Mansi Autonomous Okrug – Yugra,2021,161.0,9.5,False
Robbery without violence,Yamalo-Nenets Autonomous Okrug,2021,48.0,9.4,False
Robbery without violence,Chelyabinsk Oblast,2021,1879.0,54.5,False
Robbery without violence,Altai Republic,2021,19.0,9.0,False
Robbery without violence,Republic of Buryatia,2021,409.0,41.7,False
Robbery without violence,Tuva Republic,2021,264.0,79.1,False
Robbery without violence,Republic of Khakassia,2021,182.0,33.9,False
Robbery without violence,Altai Krai,2021,428.0,19.5,False
Robbery without violence,Zabaykalsky Krai,2021,278.0,27.4,False
Robbery without violence,Krasnoyarsk Krai,2021,671.0,23.4,False
Robbery without violence,Irkutsk Oblast,2021,728.0,30.6,False
Robbery without violence,Kemerovo Oblast,2021,897.0,34.2,False
Robbery without violence,Novosibirsk Oblast,2021,676.0,24.1,False
Robbery without violence,Omsk Oblast,2021,283.0,15.1,False
Robbery without violence,Tomsk Oblast,2021,271.0,25.4,False
Robbery without violence,Sakha (Yakutia) Republic,2021,218.0,22.1,False
Robbery without violence,Kamchatka Krai,2021,56.0,19.1,False
Robbery without violence,Primorsky Krai,2021,461.0,24.8,False
Robbery without violence,Khabarovsk Krai,2021,351.0,27.1,False
Robbery without violence,Amur Oblast,2021,342.0,44.2,False
Robbery without violence,Magadan Oblast,2021,24.0,17.5,False
Robbery without violence,Sakhalin Oblast,2021,94.0,20.0,False
Robbery without violence,Jewish Autonomous Oblast,2021,59.0,38.7,False
Robbery without violence,Chukotka Autonomous Okrug,2021,11.0,23.1,False
Robbery with violence,Russian Federation,2021,4436.0,3.0,True
Robbery with violence,Belgorod Oblast,2021,22.0,1.4,False
Robbery with violence,Bryansk Oblast,2021,30.0,2.5,False
Robbery with violence,Vladimir Oblast,2021,21.0,1.5,False
Robbery with violence,Voronezh Oblast,2021,75.0,3.2,False
Robbery with violence,Ivanovo Oblast,2021,38.0,4.0,False
Robbery with violence,Kaluga Oblast,2021,42.0,4.0,False
Robbery with violence,Kostroma Oblast,2021,19.0,3.2,False
Robbery with violence,Kursk Oblast,2021,20.0,1.8,False
Robbery with violence,Lipetsk Oblast,2021,21.0,1.8,False
Robbery with violence,Moscow Oblast,2021,281.0,3.3,False
Robbery with violence,Oryol Oblast,2021,16.0,2.2,False
Robbery with violence,Ryazan Oblast,2021,20.0,1.8,False
Robbery with violence,Smolensk Oblast,2021,27.0,3.0,False
Robbery with violence,Tambov Oblast,2021,17.0,1.7,False
Robbery with violence,Tver Oblast,2021,30.0,2.4,False
Robbery with violence,Tula Oblast,2021,36.0,2.4,False
Robbery with violence,Yaroslavl Oblast,2021,30.0,2.5,False
Robbery with violence,Moscow,2021,359.0,2.8,False
Robbery with violence,Republic of Karelia,2021,25.0,4.6,False
Robbery with violence,Komi Republic,2021,22.0,2.9,False
Robbery with violence,Arkhangelsk Oblast,2021,48.0,4.8,False
Robbery with violence,Nenets Autonomous Okrug,2021,0.0,0.0,False
Robbery with violence,Vologda Oblast,2021,31.0,2.7,False
Robbery with violence,Kaliningrad Oblast,2021,17.0,1.7,False
Robbery with violence,Leningrad Oblast,2021,71.0,3.6,False
Robbery with violence,Murmansk Oblast,2021,17.0,2.5,False
Robbery with violence,Novgorod Oblast,2021,14.0,2.4,False
Robbery with violence,Pskov Oblast,2021,21.0,3.5,False
Robbery with violence,Saint Petersburg,2021,219.0,3.9,False
Robbery with violence,Republic of Dagestan,2021,31.0,1.0,False
Robbery with violence,Republic of Ingushetia,2021,7.0,1.4,False
Robbery with violence,Kabardino-Balkar Republic,2021,12.0,1.3,False
Robbery with violence,Karachay-Cherkess Republic,2021,9.0,1.9,False
Robbery with violence,Republic of North Ossetia-Alania,2021,8.0,1.2,False
Robbery with violence,Chechen Republic,2021,2.0,0.1,False
Robbery with violence,Stavropol Krai,2021,64.0,2.2,False
Robbery with violence,Republic of Adygea,2021,11.0,2.2,False
Robbery with violence,Republic of Kalmykia,2021,2.0,0.7,False
Robbery with violence,Republic of Crimea,2021,53.0,2.7,False
Robbery with violence,Krasnodar Krai,2021,140.0,2.4,False
Robbery with violence,Astrakhan Oblast,2021,23.0,2.4,False
Robbery with violence,Volgograd Oblast,2021,105.0,4.2,False
Robbery with violence,Rostov Oblast,2021,106.0,2.5,False
Robbery with violence,Sevastopol,2021,12.0,2.3,False
Robbery with violence,Republic of Bashkortostan,2021,114.0,2.8,False
Robbery with violence,Mari El Republic,2021,24.0,3.5,False
Robbery with violence,Republic of Mordovia,2021,11.0,1.4,False
Robbery with violence,Republic of Tatarstan,2021,111.0,2.8,False
Robbery with violence,Udmurt Republic,2021,70.0,4.8,False
Robbery with violence,Chuvash Republic,2021,15.0,1.3,False
Robbery with violence,Perm Krai,2021,71.0,2.8,False
Robbery with violence,Kirov Oblast,2021,32.0,2.7,False
Robbery with violence,Nizhny Novgorod Oblast,2021,83.0,2.6,False
Robbery with violence,Orenburg Oblast,2021,38.0,2.0,False
Robbery with violence,Penza Oblast,2021,19.0,1.5,False
Robbery with violence,Samara Oblast,2021,95.0,3.0,False
Robbery with violence,Saratov Oblast,2021,47.0,1.9,False
Robbery with violence,Ulyanovsk Oblast,2021,39.0,3.2,False
Robbery with violence,Kurgan Oblast,2021,40.0,5.1,False
Robbery with violence,Sverdlovsk Oblast,2021,186.0,4.3,False
Robbery with violence,Tyumen Oblast,2021,45.0,2.8,False
Robbery with violence,Khanty–Mansi Autonomous Okrug – Yugra,2021,34.0,2.0,False
Robbery with violence,Yamalo-Nenets Autonomous Okrug,2021,8.0,1.6,False
Robbery with violence,Chelyabinsk Oblast,2021,159.0,4.6,False
Robbery with violence,Altai Republic,2021,3.0,1.4,False
Robbery with violence,Republic of Buryatia,2021,47.0,4.8,False
Robbery with violence,Tuva Republic,2021,34.0,10.2,False
Robbery with violence,Republic of Khakassia,2021,17.0,3.2,False
Robbery with violence,Altai Krai,2021,50.0,2.3,False
Robbery with violence,Zabaykalsky Krai,2021,37.0,3.6,False
Robbery with violence,Krasnoyarsk Krai,2021,89.0,3.1,False
Robbery with violence,Irkutsk Oblast,2021,122.0,5.1,False
Robbery with violence,Kemerovo Oblast,2021,89.0,3.4,False
Robbery with violence,Novosibirsk Oblast,2021,125.0,4.5,False
Robbery with violence,Omsk Oblast,2021,72.0,3.8,False
Robbery with violence,Tomsk Oblast,2021,27.0,2.5,False
Robbery with violence,Sakha (Yakutia) Republic,2021,30.0,3.0,False
Robbery with violence,Kamchatka Krai,2021,6.0,2.0,False
Robbery with violence,Primorsky Krai,2021,78.0,4.2,False
Robbery with violence,Khabarovsk Krai,2021,52.0,4.0,False
Robbery with violence,Amur Oblast,2021,42.0,5.4,False
Robbery with violence,Magadan Oblast,2021,5.0,3.6,False
Robbery with violence,Sakhalin Oblast,2021,21.0,4.5,False
Robbery with violence,Jewish Autonomous Oblast,2021,12.0,7.9,False
Robbery with violence,Chukotka Autonomous Okrug,2021,0.0,0.0,False
Extortion,Russian Federation,2021,6556.0,4.4,True
Extortion,Belgorod Oblast,2021,77.0,5.0,False
Extortion,Bryansk Oblast,2021,26.0,2.2,False
Extortion,Vladimir Oblast,2021,46.0,3.4,False
Extortion,Voronezh Oblast,2021,100.0,4.3,False
Extortion,Ivanovo Oblast,2021,60.0,6.4,False
Extortion,Kaluga Oblast,2021,68.0,6.4,False
Extortion,Kostroma Oblast,2021,21.0,3.6,False
Extortion,Kursk Oblast,2021,48.0,4.4,False
Extortion,Lipetsk Oblast,2021,34.0,3.0,False
Extortion,Moscow Oblast,2021,132.0,1.6,False
Extortion,Oryol Oblast,2021,16.0,2.2,False
Extortion,Ryazan Oblast,2021,1.0,0.1,False
Extortion,Smolensk Oblast,2021,67.0,7.4,False
Extortion,Tambov Oblast,2021,45.0,4.5,False
Extortion,Tver Oblast,2021,77.0,6.2,False
Extortion,Tula Oblast,2021,31.0,2.1,False
Extortion,Yaroslavl Oblast,2021,32.0,2.6,False
Extortion,Moscow,2021,379.0,2.9,False
Extortion,Republic of Karelia,2021,66.0,12.2,False
Extortion,Komi Republic,2021,98.0,13.1,False
Extortion,Arkhangelsk Oblast,2021,113.0,11.3,False
Extortion,Nenets Autonomous Okrug,2021,1.0,2.4,False
Extortion,Vologda Oblast,2021,74.0,6.4,False
Extortion,Kaliningrad Oblast,2021,26.0,2.5,False
Extortion,Leningrad Oblast,2021,64.0,3.2,False
Extortion,Murmansk Oblast,2021,62.0,9.1,False
Extortion,Novgorod Oblast,2021,52.0,8.8,False
Extortion,Pskov Oblast,2021,25.0,4.1,False
Extortion,Saint Petersburg,2021,128.0,2.3,False
Extortion,Republic of Dagestan,2021,53.0,1.7,False
Extortion,Republic of Ingushetia,2021,3.0,0.6,False
Extortion,Kabardino-Balkar Republic,2021,18.0,2.0,False
Extortion,Karachay-Cherkess Republic,2021,41.0,8.7,False
Extortion,Republic of North Ossetia-Alania,2021,25.0,3.6,False
Extortion,Chechen Republic,2021,4.0,0.3,False
Extortion,Stavropol Krai,2021,140.0,4.8,False
Extortion,Republic of Adygea,2021,13.0,2.7,False
Extortion,Republic of Kalmykia,2021,9.0,3.3,False
Extortion,Republic of Crimea,2021,39.0,2.0,False
Extortion,Krasnodar Krai,2021,211.0,3.6,False
Extortion,Astrakhan Oblast,2021,35.0,3.6,False
Extortion,Volgograd Oblast,2021,171.0,6.8,False
Extortion,Rostov Oblast,2021,136.0,3.2,False
Extortion,Sevastopol,2021,20.0,3.8,False
Extortion,Republic of Bashkortostan,2021,174.0,4.2,False
Extortion,Mari El Republic,2021,36.0,5.3,False
Extortion,Republic of Mordovia,2021,48.0,6.1,False
Extortion,Republic of Tatarstan,2021,260.0,6.5,False
Extortion,Udmurt Republic,2021,142.0,9.7,False
Extortion,Chuvash Republic,2021,38.0,3.2,False
Extortion,Perm Krai,2021,115.0,4.5,False
Extortion,Kirov Oblast,2021,141.0,12.0,False
Extortion,Nizhny Novgorod Oblast,2021,169.0,5.4,False
Extortion,Orenburg Oblast,2021,126.0,6.7,False
Extortion,Penza Oblast,2021,54.0,4.2,False
Extortion,Samara Oblast,2021,121.0,3.8,False
Extortion,Saratov Oblast,2021,81.0,3.3,False
Extortion,Ulyanovsk Oblast,2021,45.0,3.7,False
Extortion,Kurgan Oblast,2021,60.0,7.6,False
Extortion,Sverdlovsk Oblast,2021,75.0,1.7,False
Extortion,Tyumen Oblast,2021,172.0,10.8,False
Extortion,Khanty–Mansi Autonomous Okrug – Yugra,2021,110.0,6.5,False
Extortion,Yamalo-Nenets Autonomous Okrug,2021,37.0,7.3,False
Extortion,Chelyabinsk Oblast,2021,284.0,8.2,False
Extortion,Altai Republic,2021,10.0,4.7,False
Extortion,Republic of Buryatia,2021,71.0,7.2,False
Extortion,Tuva Republic,2021,4.0,1.2,False
Extortion,Republic of Khakassia,2021,64.0,11.9,False
Extortion,Altai Krai,2021,134.0,6.1,False
Extortion,Zabaykalsky Krai,2021,39.0,3.8,False
Extortion,Krasnoyarsk Krai,2021,180.0,6.3,False
Extortion,Irkutsk Oblast,2021,62.0,2.6,False
Extortion,Kemerovo Oblast,2021,138.0,5.3,False
Extortion,Novosibirsk Oblast,2021,159.0,5.7,False
Extortion,Omsk Oblast,2021,28.0,1.5,False
Extortion,Tomsk Oblast,2021,59.0,5.5,False
Extortion,Sakha (Yakutia) Republic,2021,47.0,4.8,False
Extortion,Kamchatka Krai,2021,10.0,3.4,False
Extortion,Primorsky Krai,2021,85.0,4.6,False
Extortion,Khabarovsk Krai,2021,36.0,2.8,False
Extortion,Amur Oblast,2021,71.0,9.2,False
Extortion,Magadan Oblast,2021,4.0,2.9,False
Extortion,Sakhalin Oblast,2021,21.0,4.5,False
Extortion,Jewish Autonomous Oblast,2021,14.0,9.2,False
Extortion,Chukotka Autonomous Okrug,2021,2.0,4.2,False
Hooliganism,Russian Federation,2021,1679.0,1.1,True
Hooliganism,Belgorod Oblast,2021,1.0,0.1,False
Hooliganism,Bryansk Oblast,2021,11.0,0.9,False
Hooliganism,Vladimir Oblast,2021,6.0,0.4,False
Hooliganism,Voronezh Oblast,2021,8.0,0.3,False
Hooliganism,Ivanovo Oblast,2021,16.0,1.7,False
Hooliganism,Kaluga Oblast,2021,26.0,2.5,False
Hooliganism,Kostroma Oblast,2021,4.0,0.7,False
Hooliganism,Kursk Oblast,2021,3.0,0.3,False
Hooliganism,Lipetsk Oblast,2021,4.0,0.3,False
Hooliganism,Moscow Oblast,2021,115.0,1.4,False
Hooliganism,Oryol Oblast,2021,10.0,1.4,False
Hooliganism,Ryazan Oblast,2021,1.0,0.1,False
Hooliganism,Smolensk Oblast,2021,13.0,1.4,False
Hooliganism,Tambov Oblast,2021,19.0,1.9,False
Hooliganism,Tver Oblast,2021,15.0,1.2,False
Hooliganism,Tula Oblast,2021,8.0,0.5,False
Hooliganism,Yaroslavl Oblast,2021,11.0,0.9,False
Hooliganism,Moscow,2021,274.0,2.1,False
Hooliganism,Republic of Karelia,2021,17.0,3.1,False
Hooliganism,Komi Republic,2021,7.0,0.9,False
Hooliganism,Arkhangelsk Oblast,2021,9.0,0.9,False
Hooliganism,Nenets Autonomous Okrug,2021,1.0,2.4,False
Hooliganism,Vologda Oblast,2021,6.0,0.5,False
Hooliganism,Kaliningrad Oblast,2021,7.0,0.7,False
Hooliganism,Leningrad Oblast,2021,57.0,2.9,False
Hooliganism,Murmansk Oblast,2021,5.0,0.7,False
Hooliganism,Novgorod Oblast,2021,14.0,2.4,False
Hooliganism,Pskov Oblast,2021,2.0,0.3,False
Hooliganism,Saint Petersburg,2021,144.0,2.6,False
Hooliganism,Republic of Dagestan,2021,24.0,0.8,False
Hooliganism,Republic of Ingushetia,2021,2.0,0.4,False
Hooliganism,Kabardino-Balkar Republic,2021,2.0,0.2,False
Hooliganism,Karachay-Cherkess Republic,2021,2.0,0.4,False
Hooliganism,Republic of North Ossetia-Alania,2021,6.0,0.9,False
Hooliganism,Chechen Republic,2021,2.0,0.1,False
Hooliganism,Stavropol Krai,2021,31.0,1.1,False
Hooliganism,Republic of Adygea,2021,0.0,0.0,False
Hooliganism,Republic of Kalmykia,2021,3.0,1.1,False
Hooliganism,Republic of Crimea,2021,8.0,0.4,False
Hooliganism,Krasnodar Krai,2021,66.0,1.1,False
Hooliganism,Astrakhan Oblast,2021,23.0,2.4,False
Hooliganism,Volgograd Oblast,2021,48.0,1.9,False
Hooliganism,Rostov Oblast,2021,23.0,0.5,False
Hooliganism,Sevastopol,2021,5.0,0.9,False
Hooliganism,Republic of Bashkortostan,2021,18.0,0.4,False
Hooliganism,Mari El Republic,2021,6.0,0.9,False
Hooliganism,Republic of Mordovia,2021,4.0,0.5,False
Hooliganism,Republic of Tatarstan,2021,31.0,0.8,False
Hooliganism,Udmurt Republic,2021,10.0,0.7,False
Hooliganism,Chuvash Republic,2021,15.0,1.3,False
Hooliganism,Perm Krai,2021,11.0,0.4,False
Hooliganism,Kirov Oblast,2021,16.0,1.4,False
Hooliganism,Nizhny Novgorod Oblast,2021,21.0,0.7,False
Hooliganism,Orenburg Oblast,2021,7.0,0.4,False
Hooliganism,Penza Oblast,2021,1.0,0.1,False
Hooliganism,Samara Oblast,2021,17.0,0.5,False
Hooliganism,Saratov Oblast,2021,10.0,0.4,False
Hooliganism,Ulyanovsk Oblast,2021,4.0,0.3,False
Hooliganism,Kurgan Oblast,2021,15.0,1.9,False
Hooliganism,Sverdlovsk Oblast,2021,16.0,0.4,False
Hooliganism,Tyumen Oblast,2021,9.0,0.6,False
Hooliganism,Khanty–Mansi Autonomous Okrug – Yugra,2021,29.0,1.7,False
Hooliganism,Yamalo-Nenets Autonomous Okrug,2021,2.0,0.4,False
Hooliganism,Chelyabinsk Oblast,2021,45.0,1.3,False
Hooliganism,Altai Republic,2021,2.0,0.9,False
Hooliganism,Republic of Buryatia,2021,15.0,1.5,False
Hooliganism,Tuva Republic,2021,4.0,1.2,False
Hooliganism,Republic of Khakassia,2021,5.0,0.9,False
Hooliganism,Altai Krai,2021,3.0,0.1,False
Hooliganism,Zabaykalsky Krai,2021,11.0,1.1,False
Hooliganism,Krasnoyarsk Krai,2021,26.0,0.9,False
Hooliganism,Irkutsk Oblast,2021,18.0,0.8,False
Hooliganism,Kemerovo Oblast,2021,10.0,0.4,False
Hooliganism,Novosibirsk Oblast,2021,35.0,1.2,False
Hooliganism,Omsk Oblast,2021,3.0,0.2,False
Hooliganism,Tomsk Oblast,2021,3.0,0.3,False
Hooliganism,Sakha (Yakutia) Republic,2021,22.0,2.2,False
Hooliganism,Kamchatka Krai,2021,0.0,0.0,False
Hooliganism,Primorsky Krai,2021,17.0,0.9,False
Hooliganism,Khabarovsk Krai,2021,12.0,0.9,False
Hooliganism,Amur Oblast,2021,13.0,1.7,False
Hooliganism,Magadan Oblast,2021,2.0,1.5,False
Hooliganism,Sakhalin Oblast,2021,12.0,2.6,False
Hooliganism,Jewish Autonomous Oblast,2021,3.0,2.0,False
Hooliganism,Chukotka Autonomous Okrug,2021,0.0,0.0,False
Crimes in the Sphere of Economic Activity,Russian Federation,2021,117707.0,79.8,True
Crimes in the Sphere of Economic Activity,Belgorod Oblast,2021,674.0,43.6,False
Crimes in the Sphere of Economic Activity,Bryansk Oblast,2021,975.0,82.7,False
Crimes in the Sphere of Economic Activity,Vladimir Oblast,2021,938.0,69.0,False
Crimes in the Sphere of Economic Activity,Voronezh Oblast,2021,1462.0,63.0,False
Crimes in the Sphere of Economic Activity,Ivanovo Oblast,2021,571.0,60.8,False
Crimes in the Sphere of Economic Activity,Kaluga Oblast,2021,726.0,68.7,False
Crimes in the Sphere of Economic Activity,Kostroma Oblast,2021,481.0,81.6,False
Crimes in the Sphere of Economic Activity,Kursk Oblast,2021,790.0,72.4,False
Crimes in the Sphere of Economic Activity,Lipetsk Oblast,2021,629.0,54.7,False
Crimes in the Sphere of Economic Activity,Moscow Oblast,2021,4049.0,48.0,False
Crimes in the Sphere of Economic Activity,Oryol Oblast,2021,577.0,80.0,False
Crimes in the Sphere of Economic Activity,Ryazan Oblast,2021,827.0,74.5,False
Crimes in the Sphere of Economic Activity,Smolensk Oblast,2021,765.0,85.0,False
Crimes in the Sphere of Economic Activity,Tambov Oblast,2021,672.0,67.7,False
Crimes in the Sphere of Economic Activity,Tver Oblast,2021,715.0,57.6,False
Crimes in the Sphere of Economic Activity,Tula Oblast,2021,1021.0,67.7,False
Crimes in the Sphere of Economic Activity,Yaroslavl Oblast,2021,700.0,57.3,False
Crimes in the Sphere of Economic Activity,Moscow,2021,11518.0,88.7,False
Crimes in the Sphere of Economic Activity,Republic of Karelia,2021,467.0,86.2,False
Crimes in the Sphere of Economic Activity,Komi Republic,2021,679.0,90.5,False
Crimes in the Sphere of Economic Activity,Arkhangelsk Oblast,2021,872.0,87.6,False
Crimes in the Sphere of Economic Activity,Nenets Autonomous Okrug,2021,199.0,478.8,False
Crimes in the Sphere of Economic Activity,Vologda Oblast,2021,1142.0,99.3,False
Crimes in the Sphere of Economic Activity,Kaliningrad Oblast,2021,659.0,64.5,False
Crimes in the Sphere of Economic Activity,Leningrad Oblast,2021,899.0,45.5,False
Crimes in the Sphere of Economic Activity,Murmansk Oblast,2021,441.0,65.0,False
Crimes in the Sphere of Economic Activity,Novgorod Oblast,2021,545.0,92.6,False
Crimes in the Sphere of Economic Activity,Pskov Oblast,2021,330.0,54.5,False
Crimes in the Sphere of Economic Activity,Saint Petersburg,2021,3101.0,55.5,False
Crimes in the Sphere of Economic Activity,Republic of Dagestan,2021,2242.0,70.8,False
Crimes in the Sphere of Economic Activity,Republic of Ingushetia,2021,219.0,43.5,False
Crimes in the Sphere of Economic Activity,Kabardino-Balkar Republic,2021,631.0,70.1,False
Crimes in the Sphere of Economic Activity,Karachay-Cherkess Republic,2021,403.0,85.7,False
Crimes in the Sphere of Economic Activity,Republic of North Ossetia-Alania,2021,909.0,131.6,False
Crimes in the Sphere of Economic Activity,Chechen Republic,2021,654.0,43.7,False
Crimes in the Sphere of Economic Activity,Stavropol Krai,2021,2704.0,93.1,False
Crimes in the Sphere of Economic Activity,Republic of Adygea,2021,360.0,73.4,False
Crimes in the Sphere of Economic Activity,Republic of Kalmykia,2021,174.0,64.7,False
Crimes in the Sphere of Economic Activity,Republic of Crimea,2021,1022.0,52.9,False
Crimes in the Sphere of Economic Activity,Krasnodar Krai,2021,4964.0,85.4,False
Crimes in the Sphere of Economic Activity,Astrakhan Oblast,2021,1055.0,108.9,False
Crimes in the Sphere of Economic Activity,Volgograd Oblast,2021,2148.0,85.5,False
Crimes in the Sphere of Economic Activity,Rostov Oblast,2021,3396.0,80.5,False
Crimes in the Sphere of Economic Activity,Sevastopol,2021,330.0,62.1,False
Crimes in the Sphere of Economic Activity,Republic of Bashkortostan,2021,2544.0,62.1,False
Crimes in the Sphere of Economic Activity,Mari El Republic,2021,463.0,68.1,False
Crimes in the Sphere of Economic Activity,Republic of Mordovia,2021,852.0,108.0,False
Crimes in the Sphere of Economic Activity,Republic of Tatarstan,2021,2905.0,72.7,False
Crimes in the Sphere of Economic Activity,Udmurt Republic,2021,1269.0,86.9,False
Crimes in the Sphere of Economic Activity,Chuvash Republic,2021,928.0,77.7,False
Crimes in the Sphere of Economic Activity,Perm Krai,2021,1844.0,72.3,False
Crimes in the Sphere of Economic Activity,Kirov Oblast,2021,863.0,73.6,False
Crimes in the Sphere of Economic Activity,Nizhny Novgorod Oblast,2021,2589.0,82.3,False
Crimes in the Sphere of Economic Activity,Orenburg Oblast,2021,1198.0,63.7,False
Crimes in the Sphere of Economic Activity,Penza Oblast,2021,688.0,53.8,False
Crimes in the Sphere of Economic Activity,Samara Oblast,2021,3512.0,110.3,False
Crimes in the Sphere of Economic Activity,Saratov Oblast,2021,1831.0,74.5,False
Crimes in the Sphere of Economic Activity,Ulyanovsk Oblast,2021,883.0,73.2,False
Crimes in the Sphere of Economic Activity,Kurgan Oblast,2021,635.0,80.5,False
Crimes in the Sphere of Economic Activity,Sverdlovsk Oblast,2021,2744.0,64.0,False
Crimes in the Sphere of Economic Activity,Tyumen Oblast,2021,1364.0,85.8,False
Crimes in the Sphere of Economic Activity,Khanty–Mansi Autonomous Okrug – Yugra,2021,1175.0,69.2,False
Crimes in the Sphere of Economic Activity,Yamalo-Nenets Autonomous Okrug,2021,374.0,73.5,False
Crimes in the Sphere of Economic Activity,Chelyabinsk Oblast,2021,2860.0,83.0,False
Crimes in the Sphere of Economic Activity,Altai Republic,2021,337.0,159.6,False
Crimes in the Sphere of Economic Activity,Republic of Buryatia,2021,886.0,90.3,False
Crimes in the Sphere of Economic Activity,Tuva Republic,2021,205.0,61.4,False
Crimes in the Sphere of Economic Activity,Republic of Khakassia,2021,352.0,65.6,False
Crimes in the Sphere of Economic Activity,Altai Krai,2021,1250.0,57.0,False
Crimes in the Sphere of Economic Activity,Zabaykalsky Krai,2021,666.0,65.6,False
Crimes in the Sphere of Economic Activity,Krasnoyarsk Krai,2021,1785.0,62.4,False
Crimes in the Sphere of Economic Activity,Irkutsk Oblast,2021,1400.0,58.8,False
Crimes in the Sphere of Economic Activity,Kemerovo Oblast,2021,1367.0,52.1,False
Crimes in the Sphere of Economic Activity,Novosibirsk Oblast,2021,2219.0,79.2,False
Crimes in the Sphere of Economic Activity,Omsk Oblast,2021,1588.0,84.6,False
Crimes in the Sphere of Economic Activity,Tomsk Oblast,2021,913.0,85.7,False
Crimes in the Sphere of Economic Activity,Sakha (Yakutia) Republic,2021,862.0,87.3,False
Crimes in the Sphere of Economic Activity,Kamchatka Krai,2021,310.0,105.7,False
Crimes in the Sphere of Economic Activity,Primorsky Krai,2021,1512.0,81.4,False
Crimes in the Sphere of Economic Activity,Khabarovsk Krai,2021,764.0,59.0,False
Crimes in the Sphere of Economic Activity,Amur Oblast,2021,473.0,61.1,False
Crimes in the Sphere of Economic Activity,Magadan Oblast,2021,145.0,105.6,False
Crimes in the Sphere of Economic Activity,Sakhalin Oblast,2021,378.0,80.6,False
Crimes in the Sphere of Economic Activity,Jewish Autonomous Oblast,2021,98.0,64.2,False
Crimes in the Sphere of Economic Activity,Chukotka Autonomous Okrug,2021,57.0,119.8,False
Murder,Russian Federation,2022,7567.0,5.1,True
Murder,Belgorod Oblast,2022,101.0,6.6,False
Murder,Bryansk Oblast,2022,58.0,5.0,False
Murder,Vladimir Oblast,2022,54.0,4.0,False
Murder,Voronezh Oblast,2022,86.0,3.7,False
Murder,Ivanovo Oblast,2022,36.0,3.9,False
Murder,Kaluga Oblast,2022,45.0,4.2,False
Murder,Kostroma Oblast,2022,36.0,6.2,False
Murder,Kursk Oblast,2022,88.0,8.2,False
Murder,Lipetsk Oblast,2022,44.0,3.9,False
Murder,Moscow Oblast,2022,341.0,4.0,False
Murder,Oryol Oblast,2022,30.0,4.2,False
Murder,Ryazan Oblast,2022,50.0,4.6,False
Murder,Smolensk Oblast,2022,50.0,5.6,False
Murder,Tambov Oblast,2022,44.0,4.5,False
Murder,Tver Oblast,2022,80.0,6.5,False
Murder,Tula Oblast,2022,55.0,3.7,False
Murder,Yaroslavl Oblast,2022,62.0,5.1,False
Murder,Moscow,2022,409.0,3.1,False
Murder,Republic of Karelia,2022,58.0,10.9,False
Murder,Komi Republic,2022,69.0,9.4,False
Murder,Arkhangelsk Oblast,2022,112.0,11.5,False
Murder,Nenets Autonomous Okrug,2022,3.0,7.2,False
Murder,Vologda Oblast,2022,74.0,6.5,False
Murder,Kaliningrad Oblast,2022,30.0,2.9,False
Murder,Leningrad Oblast,2022,97.0,4.8,False
Murder,Murmansk Oblast,2022,36.0,5.4,False
Murder,Novgorod Oblast,2022,35.0,6.0,False
Murder,Pskov Oblast,2022,24.0,4.0,False
Murder,Saint Petersburg,2022,133.0,2.4,False
Murder,Republic of Dagestan,2022,50.0,1.6,False
Murder,Republic of Ingushetia,2022,15.0,2.9,False
Murder,Kabardino-Balkar Republic,2022,26.0,2.9,False
Murder,Karachay-Cherkess Republic,2022,14.0,3.0,False
Murder,Republic of North Ossetia-Alania,2022,14.0,2.0,False
Murder,Chechen Republic,2022,18.0,1.2,False
Murder,Stavropol Krai,2022,80.0,2.8,False
Murder,Republic of Adygea,2022,16.0,3.2,False
Murder,Republic of Kalmykia,2022,19.0,7.1,False
Murder,Republic of Crimea,2022,70.0,3.6,False
Murder,Krasnodar Krai,2022,206.0,3.5,False
Murder,Astrakhan Oblast,2022,28.0,2.9,False
Murder,Volgograd Oblast,2022,92.0,3.7,False
Murder,Rostov Oblast,2022,113.0,2.7,False
Murder,Sevastopol,2022,19.0,3.5,False
Murder,Republic of Bashkortostan,2022,202.0,4.9,False
Murder,Mari El Republic,2022,41.0,6.1,False
Murder,Republic of Mordovia,2022,15.0,1.9,False
Murder,Republic of Tatarstan,2022,202.0,5.0,False
Murder,Udmurt Republic,2022,50.0,3.5,False
Murder,Chuvash Republic,2022,35.0,3.0,False
Murder,Perm Krai,2022,180.0,7.1,False
Murder,Kirov Oblast,2022,61.0,5.3,False
Murder,Nizhny Novgorod Oblast,2022,159.0,5.1,False
Murder,Orenburg Oblast,2022,90.0,4.8,False
Murder,Penza Oblast,2022,48.0,3.8,False
Murder,Samara Oblast,2022,101.0,3.2,False
Murder,Saratov Oblast,2022,98.0,4.0,False
Murder,Ulyanovsk Oblast,2022,79.0,6.6,False
Murder,Kurgan Oblast,2022,70.0,9.1,False
Murder,Sverdlovsk Oblast,2022,228.0,5.3,False
Murder,Tyumen Oblast,2022,88.0,5.5,False
Murder,Khanty–Mansi Autonomous Okrug – Yugra,2022,66.0,3.9,False
Murder,Yamalo-Nenets Autonomous Okrug,2022,38.0,7.4,False
Murder,Chelyabinsk Oblast,2022,164.0,4.8,False
Murder,Altai Republic,2022,19.0,9.0,False
Murder,Republic of Buryatia,2022,173.0,17.7,False
Murder,Tuva Republic,2022,109.0,32.4,False
Murder,Republic of Khakassia,2022,34.0,6.4,False
Murder,Altai Krai,2022,127.0,5.9,False
Murder,Zabaykalsky Krai,2022,150.0,15.0,False
Murder,Krasnoyarsk Krai,2022,220.0,7.7,False
Murder,Irkutsk Oblast,2022,247.0,10.5,False
Murder,Kemerovo Oblast,2022,196.0,7.6,False
Murder,Novosibirsk Oblast,2022,126.0,4.5,False
Murder,Omsk Oblast,2022,76.0,4.1,False
Murder,Tomsk Oblast,2022,45.0,4.2,False
Murder,Sakha (Yakutia) Republic,2022,109.0,10.9,False
Murder,Kamchatka Krai,2022,23.0,7.9,False
Murder,Primorsky Krai,2022,147.0,8.0,False
Murder,Khabarovsk Krai,2022,128.0,9.9,False
Murder,Amur Oblast,2022,97.0,12.7,False
Murder,Magadan Oblast,2022,14.0,10.3,False
Murder,Sakhalin Oblast,2022,34.0,7.3,False
Murder,Jewish Autonomous Oblast,2022,25.0,16.7,False
Murder,Chukotka Autonomous Okrug,2022,9.0,18.8,False
Intentional Bodily Harm,Russian Federation,2022,17388.0,11.8,True
Intentional Bodily Harm,Belgorod Oblast,2022,131.0,8.5,False
Intentional Bodily Harm,Bryansk Oblast,2022,119.0,10.2,False
Intentional Bodily Harm,Vladimir Oblast,2022,168.0,12.5,False
Intentional Bodily Harm,Voronezh Oblast,2022,183.0,7.9,False
Intentional Bodily Harm,Ivanovo Oblast,2022,112.0,12.1,False
Intentional Bodily Harm,Kaluga Oblast,2022,130.0,12.1,False
Intentional Bodily Harm,Kostroma Oblast,2022,55.0,9.5,False
Intentional Bodily Harm,Kursk Oblast,2022,100.0,9.3,False
Intentional Bodily Harm,Lipetsk Oblast,2022,93.0,8.2,False
Intentional Bodily Harm,Moscow Oblast,2022,776.0,9.1,False
Intentional Bodily Harm,Oryol Oblast,2022,67.0,9.4,False
Intentional Bodily Harm,Ryazan Oblast,2022,91.0,8.3,False
Intentional Bodily Harm,Smolensk Oblast,2022,106.0,12.0,False
Intentional Bodily Harm,Tambov Oblast,2022,99.0,10.1,False
Intentional Bodily Harm,Tver Oblast,2022,147.0,12.0,False
Intentional Bodily Harm,Tula Oblast,2022,153.0,10.2,False
Intentional Bodily Harm,Yaroslavl Oblast,2022,149.0,12.4,False
Intentional Bodily Harm,Moscow,2022,543.0,4.2,False
Intentional Bodily Harm,Republic of Karelia,2022,116.0,21.8,False
Intentional Bodily Harm,Komi Republic,2022,201.0,27.4,False
Intentional Bodily Harm,Arkhangelsk Oblast,2022,166.0,17.0,False
Intentional Bodily Harm,Nenets Autonomous Okrug,2022,12.0,29.0,False
Intentional Bodily Harm,Vologda Oblast,2022,205.0,18.0,False
Intentional Bodily Harm,Kaliningrad Oblast,2022,84.0,8.1,False
Intentional Bodily Harm,Leningrad Oblast,2022,228.0,11.4,False
Intentional Bodily Harm,Murmansk Oblast,2022,148.0,22.2,False
Intentional Bodily Harm,Novgorod Oblast,2022,79.0,13.6,False
Intentional Bodily Harm,Pskov Oblast,2022,77.0,12.9,False
Intentional Bodily Harm,Saint Petersburg,2022,313.0,5.6,False
Intentional Bodily Harm,Republic of Dagestan,2022,71.0,2.2,False
Intentional Bodily Harm,Republic of Ingushetia,2022,16.0,3.1,False
Intentional Bodily Harm,Kabardino-Balkar Republic,2022,29.0,3.2,False
Intentional Bodily Harm,Karachay-Cherkess Republic,2022,13.0,2.8,False
Intentional Bodily Harm,Republic of North Ossetia-Alania,2022,55.0,8.0,False
Intentional Bodily Harm,Chechen Republic,2022,3.0,0.2,False
Intentional Bodily Harm,Stavropol Krai,2022,243.0,8.4,False
Intentional Bodily Harm,Republic of Adygea,2022,39.0,7.8,False
Intentional Bodily Harm,Republic of Kalmykia,2022,40.0,15.0,False
Intentional Bodily Harm,Republic of Crimea,2022,154.0,8.0,False
Intentional Bodily Harm,Krasnodar Krai,2022,518.0,8.9,False
Intentional Bodily Harm,Astrakhan Oblast,2022,93.0,9.7,False
Intentional Bodily Harm,Volgograd Oblast,2022,242.0,9.7,False
Intentional Bodily Harm,Rostov Oblast,2022,345.0,8.2,False
Intentional Bodily Harm,Sevastopol,2022,56.0,10.2,False
Intentional Bodily Harm,Republic of Bashkortostan,2022,438.0,10.7,False
Intentional Bodily Harm,Mari El Republic,2022,94.0,13.9,False
Intentional Bodily Harm,Republic of Mordovia,2022,70.0,9.0,False
Intentional Bodily Harm,Republic of Tatarstan,2022,373.0,9.3,False
Intentional Bodily Harm,Udmurt Republic,2022,229.0,15.8,False
Intentional Bodily Harm,Chuvash Republic,2022,105.0,8.9,False
Intentional Bodily Harm,Perm Krai,2022,459.0,18.2,False
Intentional Bodily Harm,Kirov Oblast,2022,144.0,12.5,False
Intentional Bodily Harm,Nizhny Novgorod Oblast,2022,333.0,10.7,False
Intentional Bodily Harm,Orenburg Oblast,2022,233.0,12.6,False
Intentional Bodily Harm,Penza Oblast,2022,134.0,10.6,False
Intentional Bodily Harm,Samara Oblast,2022,277.0,8.8,False
Intentional Bodily Harm,Saratov Oblast,2022,182.0,7.5,False
Intentional Bodily Harm,Ulyanovsk Oblast,2022,126.0,10.6,False
Intentional Bodily Harm,Kurgan Oblast,2022,97.0,12.6,False
Intentional Bodily Harm,Sverdlovsk Oblast,2022,638.0,15.0,False
Intentional Bodily Harm,Tyumen Oblast,2022,298.0,18.6,False
Intentional Bodily Harm,Khanty–Mansi Autonomous Okrug – Yugra,2022,237.0,13.8,False
Intentional Bodily Harm,Yamalo-Nenets Autonomous Okrug,2022,103.0,20.1,False
Intentional Bodily Harm,Chelyabinsk Oblast,2022,528.0,15.4,False
Intentional Bodily Harm,Altai Republic,2022,43.0,20.4,False
Intentional Bodily Harm,Republic of Buryatia,2022,227.0,23.2,False
Intentional Bodily Harm,Tuva Republic,2022,323.0,96.1,False
Intentional Bodily Harm,Republic of Khakassia,2022,134.0,25.1,False
Intentional Bodily Harm,Altai Krai,2022,401.0,18.6,False
Intentional Bodily Harm,Zabaykalsky Krai,2022,354.0,35.4,False
Intentional Bodily Harm,Krasnoyarsk Krai,2022,557.0,19.5,False
Intentional Bodily Harm,Irkutsk Oblast,2022,607.0,25.7,False
Intentional Bodily Harm,Kemerovo Oblast,2022,577.0,22.3,False
Intentional Bodily Harm,Novosibirsk Oblast,2022,365.0,13.0,False
Intentional Bodily Harm,Omsk Oblast,2022,252.0,13.6,False
Intentional Bodily Harm,Tomsk Oblast,2022,168.0,15.8,False
Intentional Bodily Harm,Sakha (Yakutia) Republic,2022,289.0,29.0,False
Intentional Bodily Harm,Kamchatka Krai,2022,65.0,22.2,False
Intentional Bodily Harm,Primorsky Krai,2022,435.0,23.6,False
Intentional Bodily Harm,Khabarovsk Krai,2022,216.0,16.7,False
Intentional Bodily Harm,Amur Oblast,2022,182.0,23.8,False
Intentional Bodily Harm,Magadan Oblast,2022,40.0,29.4,False
Intentional Bodily Harm,Sakhalin Oblast,2022,105.0,22.5,False
Intentional Bodily Harm,Jewish Autonomous Oblast,2022,34.0,22.7,False
Intentional Bodily Harm,Chukotka Autonomous Okrug,2022,24.0,50.1,False
Rape,Russian Federation,2022,3311.0,2.3,True
Rape,Belgorod Oblast,2022,49.0,3.2,False
Rape,Bryansk Oblast,2022,10.0,0.9,False
Rape,Vladimir Oblast,2022,18.0,1.3,False
Rape,Voronezh Oblast,2022,29.0,1.3,False
Rape,Ivanovo Oblast,2022,14.0,1.5,False
Rape,Kaluga Oblast,2022,28.0,2.6,False
Rape,Kostroma Oblast,2022,19.0,3.3,False
Rape,Kursk Oblast,2022,34.0,3.2,False
Rape,Lipetsk Oblast,2022,12.0,1.1,False
Rape,Moscow Oblast,2022,159.0,1.9,False
Rape,Oryol Oblast,2022,12.0,1.7,False
Rape,Ryazan Oblast,2022,17.0,1.5,False
Rape,Smolensk Oblast,2022,17.0,1.9,False
Rape,Tambov Oblast,2022,8.0,0.8,False
Rape,Tver Oblast,2022,39.0,3.2,False
Rape,Tula Oblast,2022,14.0,0.9,False
Rape,Yaroslavl Oblast,2022,24.0,2.0,False
Rape,Moscow,2022,151.0,1.2,False
Rape,Republic of Karelia,2022,22.0,4.1,False
Rape,Komi Republic,2022,28.0,3.8,False
Rape,Arkhangelsk Oblast,2022,16.0,1.6,False
Rape,Nenets Autonomous Okrug,2022,1.0,2.4,False
Rape,Vologda Oblast,2022,19.0,1.7,False
Rape,Kaliningrad Oblast,2022,20.0,1.9,False
Rape,Leningrad Oblast,2022,20.0,1.0,False
Rape,Murmansk Oblast,2022,11.0,1.7,False
Rape,Novgorod Oblast,2022,8.0,1.4,False
Rape,Pskov Oblast,2022,14.0,2.3,False
Rape,Saint Petersburg,2022,56.0,1.0,False
Rape,Republic of Dagestan,2022,36.0,1.1,False
Rape,Republic of Ingushetia,2022,1.0,0.2,False
Rape,Kabardino-Balkar Republic,2022,10.0,1.1,False
Rape,Karachay-Cherkess Republic,2022,50.0,10.7,False
Rape,Republic of North Ossetia-Alania,2022,4.0,0.6,False
Rape,Chechen Republic,2022,0.0,0.0,False
Rape,Stavropol Krai,2022,59.0,2.0,False
Rape,Republic of Adygea,2022,8.0,1.6,False
Rape,Republic of Kalmykia,2022,6.0,2.3,False
Rape,Republic of Crimea,2022,35.0,1.8,False
Rape,Krasnodar Krai,2022,71.0,1.2,False
Rape,Astrakhan Oblast,2022,175.0,18.3,False
Rape,Volgograd Oblast,2022,66.0,2.6,False
Rape,Rostov Oblast,2022,55.0,1.3,False
Rape,Sevastopol,2022,11.0,2.0,False
Rape,Republic of Bashkortostan,2022,75.0,1.8,False
Rape,Mari El Republic,2022,8.0,1.2,False
Rape,Republic of Mordovia,2022,8.0,1.0,False
Rape,Republic of Tatarstan,2022,68.0,1.7,False
Rape,Udmurt Republic,2022,39.0,2.7,False
Rape,Chuvash Republic,2022,30.0,2.5,False
Rape,Perm Krai,2022,115.0,4.6,False
Rape,Kirov Oblast,2022,38.0,3.3,False
Rape,Nizhny Novgorod Oblast,2022,61.0,2.0,False
Rape,Orenburg Oblast,2022,72.0,3.9,False
Rape,Penza Oblast,2022,39.0,3.1,False
Rape,Samara Oblast,2022,27.0,0.9,False
Rape,Saratov Oblast,2022,53.0,2.2,False
Rape,Ulyanovsk Oblast,2022,21.0,1.8,False
Rape,Kurgan Oblast,2022,29.0,3.8,False
Rape,Sverdlovsk Oblast,2022,141.0,3.3,False
Rape,Tyumen Oblast,2022,50.0,3.1,False
Rape,Khanty–Mansi Autonomous Okrug – Yugra,2022,44.0,2.6,False
Rape,Yamalo-Nenets Autonomous Okrug,2022,15.0,2.9,False
Rape,Chelyabinsk Oblast,2022,78.0,2.3,False
Rape,Altai Republic,2022,6.0,2.8,False
Rape,Republic of Buryatia,2022,33.0,3.4,False
Rape,Tuva Republic,2022,33.0,9.8,False
Rape,Republic of Khakassia,2022,19.0,3.6,False
Rape,Altai Krai,2022,66.0,3.1,False
Rape,Zabaykalsky Krai,2022,65.0,6.5,False
Rape,Krasnoyarsk Krai,2022,81.0,2.8,False
Rape,Irkutsk Oblast,2022,77.0,3.3,False
Rape,Kemerovo Oblast,2022,60.0,2.3,False
Rape,Novosibirsk Oblast,2022,94.0,3.4,False
Rape,Omsk Oblast,2022,29.0,1.6,False
Rape,Tomsk Oblast,2022,20.0,1.9,False
Rape,Sakha (Yakutia) Republic,2022,45.0,4.5,False
Rape,Kamchatka Krai,2022,21.0,7.2,False
Rape,Primorsky Krai,2022,53.0,2.9,False
Rape,Khabarovsk Krai,2022,37.0,2.9,False
Rape,Amur Oblast,2022,27.0,3.5,False
Rape,Magadan Oblast,2022,7.0,5.2,False
Rape,Sakhalin Oblast,2022,13.0,2.8,False
Rape,Jewish Autonomous Oblast,2022,11.0,7.4,False
Rape,Chukotka Autonomous Okrug,2022,4.0,8.3,False
Theft,Russian Federation,2022,697567.0,474.6,True
Theft,Belgorod Oblast,2022,4651.0,302.7,False
Theft,Bryansk Oblast,2022,3279.0,281.5,False
Theft,Vladimir Oblast,2022,5261.0,392.0,False
Theft,Voronezh Oblast,2022,14794.0,642.5,False
Theft,Ivanovo Oblast,2022,4215.0,456.1,False
Theft,Kaluga Oblast,2022,5265.0,490.6,False
Theft,Kostroma Oblast,2022,2314.0,400.3,False
Theft,Kursk Oblast,2022,4418.0,409.8,False
Theft,Lipetsk Oblast,2022,5050.0,443.7,False
Theft,Moscow Oblast,2022,23431.0,274.3,False
Theft,Oryol Oblast,2022,2759.0,388.6,False
Theft,Ryazan Oblast,2022,2626.0,239.0,False
Theft,Smolensk Oblast,2022,4937.0,556.7,False
Theft,Tambov Oblast,2022,4151.0,423.9,False
Theft,Tver Oblast,2022,8447.0,689.0,False
Theft,Tula Oblast,2022,5902.0,394.3,False
Theft,Yaroslavl Oblast,2022,7907.0,655.8,False
Theft,Moscow,2022,57011.0,438.0,False
Theft,Republic of Karelia,2022,4440.0,834.0,False
Theft,Komi Republic,2022,3857.0,525.2,False
Theft,Arkhangelsk Oblast,2022,5526.0,567.0,False
Theft,Nenets Autonomous Okrug,2022,169.0,408.0,False
Theft,Vologda Oblast,2022,6671.0,586.0,False
Theft,Kaliningrad Oblast,2022,5355.0,519.4,False
Theft,Leningrad Oblast,2022,12722.0,634.2,False
Theft,Murmansk Oblast,2022,3944.0,592.9,False
Theft,Novgorod Oblast,2022,4286.0,737.0,False
Theft,Pskov Oblast,2022,3007.0,503.8,False
Theft,Saint Petersburg,2022,23378.0,416.9,False
Theft,Republic of Dagestan,2022,1497.0,47.0,False
Theft,Republic of Ingushetia,2022,240.0,46.9,False
Theft,Kabardino-Balkar Republic,2022,1336.0,147.7,False
Theft,Karachay-Cherkess Republic,2022,978.0,208.5,False
Theft,Republic of North Ossetia-Alania,2022,1449.0,211.4,False
Theft,Chechen Republic,2022,332.0,21.9,False
Theft,Stavropol Krai,2022,11086.0,382.0,False
Theft,Republic of Adygea,2022,1373.0,275.5,False
Theft,Republic of Kalmykia,2022,560.0,210.2,False
Theft,Republic of Crimea,2022,6263.0,324.3,False
Theft,Krasnodar Krai,2022,28591.0,490.2,False
Theft,Astrakhan Oblast,2022,3358.0,350.6,False
Theft,Volgograd Oblast,2022,14894.0,597.5,False
Theft,Rostov Oblast,2022,25616.0,611.0,False
Theft,Sevastopol,2022,2356.0,430.4,False
Theft,Republic of Bashkortostan,2022,18502.0,452.2,False
Theft,Mari El Republic,2022,2474.0,365.8,False
Theft,Republic of Mordovia,2022,1989.0,254.5,False
Theft,Republic of Tatarstan,2022,18429.0,460.7,False
Theft,Udmurt Republic,2022,8890.0,613.5,False
Theft,Chuvash Republic,2022,2835.0,239.5,False
Theft,Perm Krai,2022,14571.0,577.0,False
Theft,Kirov Oblast,2022,6084.0,529.4,False
Theft,Nizhny Novgorod Oblast,2022,13598.0,437.4,False
Theft,Orenburg Oblast,2022,6781.0,365.4,False
Theft,Penza Oblast,2022,3720.0,295.0,False
Theft,Samara Oblast,2022,17471.0,552.1,False
Theft,Saratov Oblast,2022,10094.0,415.2,False
Theft,Ulyanovsk Oblast,2022,3655.0,306.7,False
Theft,Kurgan Oblast,2022,3860.0,499.8,False
Theft,Sverdlovsk Oblast,2022,19908.0,466.9,False
Theft,Tyumen Oblast,2022,7035.0,439.0,False
Theft,Khanty–Mansi Autonomous Okrug – Yugra,2022,5394.0,314.7,False
Theft,Yamalo-Nenets Autonomous Okrug,2022,1526.0,298.5,False
Theft,Chelyabinsk Oblast,2022,23295.0,680.8,False
Theft,Altai Republic,2022,1146.0,543.6,False
Theft,Republic of Buryatia,2022,7858.0,803.5,False
Theft,Tuva Republic,2022,2350.0,698.9,False
Theft,Republic of Khakassia,2022,2988.0,560.6,False
Theft,Altai Krai,2022,13316.0,617.9,False
Theft,Zabaykalsky Krai,2022,7013.0,700.9,False
Theft,Krasnoyarsk Krai,2022,16969.0,594.1,False
Theft,Irkutsk Oblast,2022,14913.0,631.0,False
Theft,Kemerovo Oblast,2022,19058.0,735.3,False
Theft,Novosibirsk Oblast,2022,21091.0,753.9,False
Theft,Omsk Oblast,2022,8074.0,436.1,False
Theft,Tomsk Oblast,2022,5845.0,550.0,False
Theft,Sakha (Yakutia) Republic,2022,3357.0,336.4,False
Theft,Kamchatka Krai,2022,1450.0,495.6,False
Theft,Primorsky Krai,2022,11590.0,629.2,False
Theft,Khabarovsk Krai,2022,8173.0,632.2,False
Theft,Amur Oblast,2022,5840.0,764.8,False
Theft,Magadan Oblast,2022,598.0,440.0,False
Theft,Sakhalin Oblast,2022,2282.0,489.7,False
Theft,Jewish Autonomous Oblast,2022,1016.0,679.2,False
Theft,Chukotka Autonomous Okrug,2022,183.0,382.0,False
Robbery without violence,Russian Federation,2022,29209.0,19.9,True
Robbery without violence,Belgorod Oblast,2022,212.0,13.8,False
Robbery without violence,Bryansk Oblast,2022,247.0,21.2,False
Robbery without violence,Vladimir Oblast,2022,381.0,28.4,False
Robbery without violence,Voronezh Oblast,2022,451.0,19.6,False
Robbery without violence,Ivanovo Oblast,2022,252.0,27.3,False
Robbery without violence,Kaluga Oblast,2022,248.0,23.1,False
Robbery without violence,Kostroma Oblast,2022,118.0,20.4,False
Robbery without violence,Kursk Oblast,2022,152.0,14.1,False
Robbery without violence,Lipetsk Oblast,2022,275.0,24.2,False
Robbery without violence,Moscow Oblast,2022,1375.0,16.1,False
Robbery without violence,Oryol Oblast,2022,155.0,21.8,False
Robbery without violence,Ryazan Oblast,2022,141.0,12.8,False
Robbery without violence,Smolensk Oblast,2022,339.0,38.2,False
Robbery without violence,Tambov Oblast,2022,195.0,19.9,False
Robbery without violence,Tver Oblast,2022,420.0,34.3,False
Robbery without violence,Tula Oblast,2022,283.0,18.9,False
Robbery without violence,Yaroslavl Oblast,2022,337.0,28.0,False
Robbery without violence,Moscow,2022,1537.0,11.8,False
Robbery without violence,Republic of Karelia,2022,374.0,70.3,False
Robbery without violence,Komi Republic,2022,296.0,40.3,False
Robbery without violence,Arkhangelsk Oblast,2022,467.0,47.9,False
Robbery without violence,Nenets Autonomous Okrug,2022,4.0,9.7,False
Robbery without violence,Vologda Oblast,2022,351.0,30.8,False
Robbery without violence,Kaliningrad Oblast,2022,202.0,19.6,False
Robbery without violence,Leningrad Oblast,2022,568.0,28.3,False
Robbery without violence,Murmansk Oblast,2022,220.0,33.1,False
Robbery without violence,Novgorod Oblast,2022,230.0,39.5,False
Robbery without violence,Pskov Oblast,2022,127.0,21.3,False
Robbery without violence,Saint Petersburg,2022,1035.0,18.5,False
Robbery without violence,Republic of Dagestan,2022,61.0,1.9,False
Robbery without violence,Republic of Ingushetia,2022,5.0,1.0,False
Robbery without violence,Kabardino-Balkar Republic,2022,25.0,2.8,False
Robbery without violence,Karachay-Cherkess Republic,2022,34.0,7.2,False
Robbery without violence,Republic of North Ossetia-Alania,2022,37.0,5.4,False
Robbery without violence,Chechen Republic,2022,2.0,0.1,False
Robbery without violence,Stavropol Krai,2022,348.0,12.0,False
Robbery without violence,Republic of Adygea,2022,45.0,9.0,False
Robbery without violence,Republic of Kalmykia,2022,29.0,10.9,False
Robbery without violence,Republic of Crimea,2022,225.0,11.7,False
Robbery without violence,Krasnodar Krai,2022,826.0,14.2,False
Robbery without violence,Astrakhan Oblast,2022,147.0,15.3,False
Robbery without violence,Volgograd Oblast,2022,886.0,35.5,False
Robbery without violence,Rostov Oblast,2022,820.0,19.6,False
Robbery without violence,Sevastopol,2022,145.0,26.5,False
Robbery without violence,Republic of Bashkortostan,2022,580.0,14.2,False
Robbery without violence,Mari El Republic,2022,184.0,27.2,False
Robbery without violence,Republic of Mordovia,2022,84.0,10.7,False
Robbery without violence,Republic of Tatarstan,2022,580.0,14.5,False
Robbery without violence,Udmurt Republic,2022,387.0,26.7,False
Robbery without violence,Chuvash Republic,2022,99.0,8.4,False
Robbery without violence,Perm Krai,2022,483.0,19.1,False
Robbery without violence,Kirov Oblast,2022,423.0,36.8,False
Robbery without violence,Nizhny Novgorod Oblast,2022,656.0,21.1,False
Robbery without violence,Orenburg Oblast,2022,239.0,12.9,False
Robbery without violence,Penza Oblast,2022,100.0,7.9,False
Robbery without violence,Samara Oblast,2022,760.0,24.0,False
Robbery without violence,Saratov Oblast,2022,437.0,18.0,False
Robbery without violence,Ulyanovsk Oblast,2022,218.0,18.3,False
Robbery without violence,Kurgan Oblast,2022,146.0,18.9,False
Robbery without violence,Sverdlovsk Oblast,2022,764.0,17.9,False
Robbery without violence,Tyumen Oblast,2022,197.0,12.3,False
Robbery without violence,Khanty–Mansi Autonomous Okrug – Yugra,2022,172.0,10.0,False
Robbery without violence,Yamalo-Nenets Autonomous Okrug,2022,60.0,11.7,False
Robbery without violence,Chelyabinsk Oblast,2022,1239.0,36.2,False
Robbery without violence,Altai Republic,2022,31.0,14.7,False
Robbery without violence,Republic of Buryatia,2022,414.0,42.3,False
Robbery without violence,Tuva Republic,2022,144.0,42.8,False
Robbery without violence,Republic of Khakassia,2022,122.0,22.9,False
Robbery without violence,Altai Krai,2022,436.0,20.2,False
Robbery without violence,Zabaykalsky Krai,2022,248.0,24.8,False
Robbery without violence,Krasnoyarsk Krai,2022,656.0,23.0,False
Robbery without violence,Irkutsk Oblast,2022,683.0,28.9,False
Robbery without violence,Kemerovo Oblast,2022,884.0,34.1,False
Robbery without violence,Novosibirsk Oblast,2022,668.0,23.9,False
Robbery without violence,Omsk Oblast,2022,275.0,14.9,False
Robbery without violence,Tomsk Oblast,2022,267.0,25.1,False
Robbery without violence,Sakha (Yakutia) Republic,2022,256.0,25.7,False
Robbery without violence,Kamchatka Krai,2022,52.0,17.8,False
Robbery without violence,Primorsky Krai,2022,497.0,27.0,False
Robbery without violence,Khabarovsk Krai,2022,414.0,32.0,False
Robbery without violence,Amur Oblast,2022,320.0,41.9,False
Robbery without violence,Magadan Oblast,2022,27.0,19.9,False
Robbery without violence,Sakhalin Oblast,2022,74.0,15.9,False
Robbery without violence,Jewish Autonomous Oblast,2022,43.0,28.7,False
Robbery without violence,Chukotka Autonomous Okrug,2022,6.0,12.5,False
Robbery with violence,Russian Federation,2022,3972.0,2.7,True
Robbery with violence,Belgorod Oblast,2022,21.0,1.4,False
Robbery with violence,Bryansk Oblast,2022,23.0,2.0,False
Robbery with violence,Vladimir Oblast,2022,28.0,2.1,False
Robbery with violence,Voronezh Oblast,2022,70.0,3.0,False
Robbery with violence,Ivanovo Oblast,2022,42.0,4.5,False
Robbery with violence,Kaluga Oblast,2022,34.0,3.2,False
Robbery with violence,Kostroma Oblast,2022,14.0,2.4,False
Robbery with violence,Kursk Oblast,2022,19.0,1.8,False
Robbery with violence,Lipetsk Oblast,2022,19.0,1.7,False
Robbery with violence,Moscow Oblast,2022,232.0,2.7,False
Robbery with violence,Oryol Oblast,2022,16.0,2.3,False
Robbery with violence,Ryazan Oblast,2022,21.0,1.9,False
Robbery with violence,Smolensk Oblast,2022,20.0,2.3,False
Robbery with violence,Tambov Oblast,2022,15.0,1.5,False
Robbery with violence,Tver Oblast,2022,27.0,2.2,False
Robbery with violence,Tula Oblast,2022,47.0,3.1,False
Robbery with violence,Yaroslavl Oblast,2022,31.0,2.6,False
Robbery with violence,Moscow,2022,374.0,2.9,False
Robbery with violence,Republic of Karelia,2022,19.0,3.6,False
Robbery with violence,Komi Republic,2022,23.0,3.1,False
Robbery with violence,Arkhangelsk Oblast,2022,47.0,4.8,False
Robbery with violence,Nenets Autonomous Okrug,2022,0.0,0.0,False
Robbery with violence,Vologda Oblast,2022,34.0,3.0,False
Robbery with violence,Kaliningrad Oblast,2022,18.0,1.7,False
Robbery with violence,Leningrad Oblast,2022,66.0,3.3,False
Robbery with violence,Murmansk Oblast,2022,24.0,3.6,False
Robbery with violence,Novgorod Oblast,2022,22.0,3.8,False
Robbery with violence,Pskov Oblast,2022,11.0,1.8,False
Robbery with violence,Saint Petersburg,2022,182.0,3.2,False
Robbery with violence,Republic of Dagestan,2022,15.0,0.5,False
Robbery with violence,Republic of Ingushetia,2022,2.0,0.4,False
Robbery with violence,Kabardino-Balkar Republic,2022,7.0,0.8,False
Robbery with violence,Karachay-Cherkess Republic,2022,8.0,1.7,False
Robbery with violence,Republic of North Ossetia-Alania,2022,13.0,1.9,False
Robbery with violence,Chechen Republic,2022,1.0,0.1,False
Robbery with violence,Stavropol Krai,2022,70.0,2.4,False
Robbery with violence,Republic of Adygea,2022,6.0,1.2,False
Robbery with violence,Republic of Kalmykia,2022,2.0,0.8,False
Robbery with violence,Republic of Crimea,2022,41.0,2.1,False
Robbery with violence,Krasnodar Krai,2022,140.0,2.4,False
Robbery with violence,Astrakhan Oblast,2022,19.0,2.0,False
Robbery with violence,Volgograd Oblast,2022,79.0,3.2,False
Robbery with violence,Rostov Oblast,2022,98.0,2.3,False
Robbery with violence,Sevastopol,2022,20.0,3.7,False
Robbery with violence,Republic of Bashkortostan,2022,104.0,2.5,False
Robbery with violence,Mari El Republic,2022,13.0,1.9,False
Robbery with violence,Republic of Mordovia,2022,5.0,0.6,False
Robbery with violence,Republic of Tatarstan,2022,95.0,2.4,False
Robbery with violence,Udmurt Republic,2022,50.0,3.5,False
Robbery with violence,Chuvash Republic,2022,8.0,0.7,False
Robbery with violence,Perm Krai,2022,64.0,2.5,False
Robbery with violence,Kirov Oblast,2022,23.0,2.0,False
Robbery with violence,Nizhny Novgorod Oblast,2022,68.0,2.2,False
Robbery with violence,Orenburg Oblast,2022,42.0,2.3,False
Robbery with violence,Penza Oblast,2022,12.0,1.0,False
Robbery with violence,Samara Oblast,2022,76.0,2.4,False
Robbery with violence,Saratov Oblast,2022,56.0,2.3,False
Robbery with violence,Ulyanovsk Oblast,2022,42.0,3.5,False
Robbery with violence,Kurgan Oblast,2022,35.0,4.5,False
Robbery with violence,Sverdlovsk Oblast,2022,141.0,3.3,False
Robbery with violence,Tyumen Oblast,2022,47.0,2.9,False
Robbery with violence,Khanty–Mansi Autonomous Okrug – Yugra,2022,28.0,1.6,False
Robbery with violence,Yamalo-Nenets Autonomous Okrug,2022,11.0,2.2,False
Robbery with violence,Chelyabinsk Oblast,2022,122.0,3.6,False
Robbery with violence,Altai Republic,2022,3.0,1.4,False
Robbery with violence,Republic of Buryatia,2022,25.0,2.6,False
Robbery with violence,Tuva Republic,2022,18.0,5.4,False
Robbery with violence,Republic of Khakassia,2022,18.0,3.4,False
Robbery with violence,Altai Krai,2022,52.0,2.4,False
Robbery with violence,Zabaykalsky Krai,2022,37.0,3.7,False
Robbery with violence,Krasnoyarsk Krai,2022,100.0,3.5,False
Robbery with violence,Irkutsk Oblast,2022,99.0,4.2,False
Robbery with violence,Kemerovo Oblast,2022,92.0,3.5,False
Robbery with violence,Novosibirsk Oblast,2022,115.0,4.1,False
Robbery with violence,Omsk Oblast,2022,54.0,2.9,False
Robbery with violence,Tomsk Oblast,2022,45.0,4.2,False
Robbery with violence,Sakha (Yakutia) Republic,2022,27.0,2.7,False
Robbery with violence,Kamchatka Krai,2022,11.0,3.8,False
Robbery with violence,Primorsky Krai,2022,66.0,3.6,False
Robbery with violence,Khabarovsk Krai,2022,46.0,3.6,False
Robbery with violence,Amur Oblast,2022,31.0,4.1,False
Robbery with violence,Magadan Oblast,2022,4.0,2.9,False
Robbery with violence,Sakhalin Oblast,2022,15.0,3.2,False
Robbery with violence,Jewish Autonomous Oblast,2022,10.0,6.7,False
Robbery with violence,Chukotka Autonomous Okrug,2022,1.0,2.1,False
Extortion,Russian Federation,2022,8195.0,5.6,True
Extortion,Belgorod Oblast,2022,95.0,6.2,False
Extortion,Bryansk Oblast,2022,30.0,2.6,False
Extortion,Vladimir Oblast,2022,58.0,4.3,False
Extortion,Voronezh Oblast,2022,143.0,6.2,False
Extortion,Ivanovo Oblast,2022,48.0,5.2,False
Extortion,Kaluga Oblast,2022,85.0,7.9,False
Extortion,Kostroma Oblast,2022,21.0,3.6,False
Extortion,Kursk Oblast,2022,77.0,7.1,False
Extortion,Lipetsk Oblast,2022,57.0,5.0,False
Extortion,Moscow Oblast,2022,88.0,1.0,False
Extortion,Oryol Oblast,2022,25.0,3.5,False
Extortion,Ryazan Oblast,2022,12.0,1.1,False
Extortion,Smolensk Oblast,2022,106.0,12.0,False
Extortion,Tambov Oblast,2022,69.0,7.0,False
Extortion,Tver Oblast,2022,127.0,10.4,False
Extortion,Tula Oblast,2022,68.0,4.5,False
Extortion,Yaroslavl Oblast,2022,60.0,5.0,False
Extortion,Moscow,2022,462.0,3.5,False
Extortion,Republic of Karelia,2022,72.0,13.5,False
Extortion,Komi Republic,2022,129.0,17.6,False
Extortion,Arkhangelsk Oblast,2022,133.0,13.6,False
Extortion,Nenets Autonomous Okrug,2022,5.0,12.1,False
Extortion,Vologda Oblast,2022,171.0,15.0,False
Extortion,Kaliningrad Oblast,2022,43.0,4.2,False
Extortion,Leningrad Oblast,2022,90.0,4.5,False
Extortion,Murmansk Oblast,2022,112.0,16.8,False
Extortion,Novgorod Oblast,2022,49.0,8.4,False
Extortion,Pskov Oblast,2022,48.0,8.0,False
Extortion,Saint Petersburg,2022,165.0,2.9,False
Extortion,Republic of Dagestan,2022,42.0,1.3,False
Extortion,Republic of Ingushetia,2022,3.0,0.6,False
Extortion,Kabardino-Balkar Republic,2022,24.0,2.7,False
Extortion,Karachay-Cherkess Republic,2022,34.0,7.2,False
Extortion,Republic of North Ossetia-Alania,2022,22.0,3.2,False
Extortion,Chechen Republic,2022,4.0,0.3,False
Extortion,Stavropol Krai,2022,211.0,7.3,False
Extortion,Republic of Adygea,2022,11.0,2.2,False
Extortion,Republic of Kalmykia,2022,11.0,4.1,False
Extortion,Republic of Crimea,2022,65.0,3.4,False
Extortion,Krasnodar Krai,2022,265.0,4.5,False
Extortion,Astrakhan Oblast,2022,24.0,2.5,False
Extortion,Volgograd Oblast,2022,210.0,8.4,False
Extortion,Rostov Oblast,2022,122.0,2.9,False
Extortion,Sevastopol,2022,21.0,3.8,False
Extortion,Republic of Bashkortostan,2022,252.0,6.2,False
Extortion,Mari El Republic,2022,48.0,7.1,False
Extortion,Republic of Mordovia,2022,59.0,7.6,False
Extortion,Republic of Tatarstan,2022,349.0,8.7,False
Extortion,Udmurt Republic,2022,234.0,16.1,False
Extortion,Chuvash Republic,2022,53.0,4.5,False
Extortion,Perm Krai,2022,136.0,5.4,False
Extortion,Kirov Oblast,2022,141.0,12.3,False
Extortion,Nizhny Novgorod Oblast,2022,192.0,6.2,False
Extortion,Orenburg Oblast,2022,81.0,4.4,False
Extortion,Penza Oblast,2022,74.0,5.9,False
Extortion,Samara Oblast,2022,146.0,4.6,False
Extortion,Saratov Oblast,2022,152.0,6.3,False
Extortion,Ulyanovsk Oblast,2022,63.0,5.3,False
Extortion,Kurgan Oblast,2022,75.0,9.7,False
Extortion,Sverdlovsk Oblast,2022,71.0,1.7,False
Extortion,Tyumen Oblast,2022,205.0,12.8,False
Extortion,Khanty–Mansi Autonomous Okrug – Yugra,2022,154.0,9.0,False
Extortion,Yamalo-Nenets Autonomous Okrug,2022,42.0,8.2,False
Extortion,Chelyabinsk Oblast,2022,271.0,7.9,False
Extortion,Altai Republic,2022,14.0,6.6,False
Extortion,Republic of Buryatia,2022,71.0,7.3,False
Extortion,Tuva Republic,2022,9.0,2.7,False
Extortion,Republic of Khakassia,2022,65.0,12.2,False
Extortion,Altai Krai,2022,217.0,10.1,False
Extortion,Zabaykalsky Krai,2022,59.0,5.9,False
Extortion,Krasnoyarsk Krai,2022,212.0,7.4,False
Extortion,Irkutsk Oblast,2022,75.0,3.2,False
Extortion,Kemerovo Oblast,2022,137.0,5.3,False
Extortion,Novosibirsk Oblast,2022,114.0,4.1,False
Extortion,Omsk Oblast,2022,29.0,1.6,False
Extortion,Tomsk Oblast,2022,129.0,12.1,False
Extortion,Sakha (Yakutia) Republic,2022,47.0,4.7,False
Extortion,Kamchatka Krai,2022,17.0,5.8,False
Extortion,Primorsky Krai,2022,69.0,3.7,False
Extortion,Khabarovsk Krai,2022,62.0,4.8,False
Extortion,Amur Oblast,2022,57.0,7.5,False
Extortion,Magadan Oblast,2022,14.0,10.3,False
Extortion,Sakhalin Oblast,2022,24.0,5.2,False
Extortion,Jewish Autonomous Oblast,2022,11.0,7.4,False
Extortion,Chukotka Autonomous Okrug,2022,3.0,6.3,False
Hooliganism,Russian Federation,2022,1460.0,1.0,True
Hooliganism,Belgorod Oblast,2022,2.0,0.1,False
Hooliganism,Bryansk Oblast,2022,4.0,0.3,False
Hooliganism,Vladimir Oblast,2022,6.0,0.4,False
Hooliganism,Voronezh Oblast,2022,10.0,0.4,False
Hooliganism,Ivanovo Oblast,2022,6.0,0.6,False
Hooliganism,Kaluga Oblast,2022,13.0,1.2,False
Hooliganism,Kostroma Oblast,2022,10.0,1.7,False
Hooliganism,Kursk Oblast,2022,5.0,0.5,False
Hooliganism,Lipetsk Oblast,2022,6.0,0.5,False
Hooliganism,Moscow Oblast,2022,107.0,1.3,False
Hooliganism,Oryol Oblast,2022,8.0,1.1,False
Hooliganism,Ryazan Oblast,2022,5.0,0.5,False
Hooliganism,Smolensk Oblast,2022,15.0,1.7,False
Hooliganism,Tambov Oblast,2022,21.0,2.1,False
Hooliganism,Tver Oblast,2022,17.0,1.4,False
Hooliganism,Tula Oblast,2022,4.0,0.3,False
Hooliganism,Yaroslavl Oblast,2022,14.0,1.2,False
Hooliganism,Moscow,2022,206.0,1.6,False
Hooliganism,Republic of Karelia,2022,3.0,0.6,False
Hooliganism,Komi Republic,2022,8.0,1.1,False
Hooliganism,Arkhangelsk Oblast,2022,10.0,1.0,False
Hooliganism,Nenets Autonomous Okrug,2022,0.0,0.0,False
Hooliganism,Vologda Oblast,2022,19.0,1.7,False
Hooliganism,Kaliningrad Oblast,2022,15.0,1.5,False
Hooliganism,Leningrad Oblast,2022,41.0,2.0,False
Hooliganism,Murmansk Oblast,2022,4.0,0.6,False
Hooliganism,Novgorod Oblast,2022,10.0,1.7,False
Hooliganism,Pskov Oblast,2022,1.0,0.2,False
Hooliganism,Saint Petersburg,2022,108.0,1.9,False
Hooliganism,Republic of Dagestan,2022,52.0,1.6,False
Hooliganism,Republic of Ingushetia,2022,3.0,0.6,False
Hooliganism,Kabardino-Balkar Republic,2022,10.0,1.1,False
Hooliganism,Karachay-Cherkess Republic,2022,4.0,0.9,False
Hooliganism,Republic of North Ossetia-Alania,2022,5.0,0.7,False
Hooliganism,Chechen Republic,2022,0.0,0.0,False
Hooliganism,Stavropol Krai,2022,28.0,1.0,False
Hooliganism,Republic of Adygea,2022,0.0,0.0,False
Hooliganism,Republic of Kalmykia,2022,3.0,1.1,False
Hooliganism,Republic of Crimea,2022,10.0,0.5,False
Hooliganism,Krasnodar Krai,2022,64.0,1.1,False
Hooliganism,Astrakhan Oblast,2022,13.0,1.4,False
Hooliganism,Volgograd Oblast,2022,10.0,0.4,False
Hooliganism,Rostov Oblast,2022,19.0,0.5,False
Hooliganism,Sevastopol,2022,8.0,1.5,False
Hooliganism,Republic of Bashkortostan,2022,14.0,0.3,False
Hooliganism,Mari El Republic,2022,0.0,0.0,False
Hooliganism,Republic of Mordovia,2022,5.0,0.6,False
Hooliganism,Republic of Tatarstan,2022,25.0,0.6,False
Hooliganism,Udmurt Republic,2022,10.0,0.7,False
Hooliganism,Chuvash Republic,2022,11.0,0.9,False
Hooliganism,Perm Krai,2022,13.0,0.5,False
Hooliganism,Kirov Oblast,2022,11.0,1.0,False
Hooliganism,Nizhny Novgorod Oblast,2022,18.0,0.6,False
Hooliganism,Orenburg Oblast,2022,10.0,0.5,False
Hooliganism,Penza Oblast,2022,5.0,0.4,False
Hooliganism,Samara Oblast,2022,24.0,0.8,False
Hooliganism,Saratov Oblast,2022,12.0,0.5,False
Hooliganism,Ulyanovsk Oblast,2022,12.0,1.0,False
Hooliganism,Kurgan Oblast,2022,6.0,0.8,False
Hooliganism,Sverdlovsk Oblast,2022,14.0,0.3,False
Hooliganism,Tyumen Oblast,2022,7.0,0.4,False
Hooliganism,Khanty–Mansi Autonomous Okrug – Yugra,2022,18.0,1.1,False
Hooliganism,Yamalo-Nenets Autonomous Okrug,2022,3.0,0.6,False
Hooliganism,Chelyabinsk Oblast,2022,20.0,0.6,False
Hooliganism,Altai Republic,2022,1.0,0.5,False
Hooliganism,Republic of Buryatia,2022,8.0,0.8,False
Hooliganism,Tuva Republic,2022,1.0,0.3,False
Hooliganism,Republic of Khakassia,2022,13.0,2.4,False
Hooliganism,Altai Krai,2022,3.0,0.1,False
Hooliganism,Zabaykalsky Krai,2022,6.0,0.6,False
Hooliganism,Krasnoyarsk Krai,2022,29.0,1.0,False
Hooliganism,Irkutsk Oblast,2022,10.0,0.4,False
Hooliganism,Kemerovo Oblast,2022,12.0,0.5,False
Hooliganism,Novosibirsk Oblast,2022,22.0,0.8,False
Hooliganism,Omsk Oblast,2022,5.0,0.3,False
Hooliganism,Tomsk Oblast,2022,7.0,0.7,False
Hooliganism,Sakha (Yakutia) Republic,2022,13.0,1.3,False
Hooliganism,Kamchatka Krai,2022,0.0,0.0,False
Hooliganism,Primorsky Krai,2022,37.0,2.0,False
Hooliganism,Khabarovsk Krai,2022,3.0,0.2,False
Hooliganism,Amur Oblast,2022,7.0,0.9,False
Hooliganism,Magadan Oblast,2022,1.0,0.7,False
Hooliganism,Sakhalin Oblast,2022,4.0,0.9,False
Hooliganism,Jewish Autonomous Oblast,2022,2.0,1.3,False
Hooliganism,Chukotka Autonomous Okrug,2022,3.0,6.3,False
Crimes in the Sphere of Economic Activity,Russian Federation,2022,111429.0,75.8,True
Crimes in the Sphere of Economic Activity,Belgorod Oblast,2022,548.0,35.7,False
Crimes in the Sphere of Economic Activity,Bryansk Oblast,2022,814.0,69.9,False
Crimes in the Sphere of Economic Activity,Vladimir Oblast,2022,816.0,60.8,False
Crimes in the Sphere of Economic Activity,Voronezh Oblast,2022,1431.0,62.1,False
Crimes in the Sphere of Economic Activity,Ivanovo Oblast,2022,531.0,57.5,False
Crimes in the Sphere of Economic Activity,Kaluga Oblast,2022,666.0,62.1,False
Crimes in the Sphere of Economic Activity,Kostroma Oblast,2022,406.0,70.2,False
Crimes in the Sphere of Economic Activity,Kursk Oblast,2022,900.0,83.5,False
Crimes in the Sphere of Economic Activity,Lipetsk Oblast,2022,902.0,79.3,False
Crimes in the Sphere of Economic Activity,Moscow Oblast,2022,3797.0,44.4,False
Crimes in the Sphere of Economic Activity,Oryol Oblast,2022,584.0,82.3,False
Crimes in the Sphere of Economic Activity,Ryazan Oblast,2022,624.0,56.8,False
Crimes in the Sphere of Economic Activity,Smolensk Oblast,2022,634.0,71.5,False
Crimes in the Sphere of Economic Activity,Tambov Oblast,2022,666.0,68.0,False
Crimes in the Sphere of Economic Activity,Tver Oblast,2022,1862.0,151.9,False
Crimes in the Sphere of Economic Activity,Tula Oblast,2022,926.0,61.9,False
Crimes in the Sphere of Economic Activity,Yaroslavl Oblast,2022,764.0,63.4,False
Crimes in the Sphere of Economic Activity,Moscow,2022,10709.0,82.3,False
Crimes in the Sphere of Economic Activity,Republic of Karelia,2022,431.0,81.0,False
Crimes in the Sphere of Economic Activity,Komi Republic,2022,409.0,55.7,False
Crimes in the Sphere of Economic Activity,Arkhangelsk Oblast,2022,769.0,78.9,False
Crimes in the Sphere of Economic Activity,Nenets Autonomous Okrug,2022,68.0,164.1,False
Crimes in the Sphere of Economic Activity,Vologda Oblast,2022,741.0,65.1,False
Crimes in the Sphere of Economic Activity,Kaliningrad Oblast,2022,552.0,53.5,False
Crimes in the Sphere of Economic Activity,Leningrad Oblast,2022,744.0,37.1,False
Crimes in the Sphere of Economic Activity,Murmansk Oblast,2022,357.0,53.7,False
Crimes in the Sphere of Economic Activity,Novgorod Oblast,2022,414.0,71.2,False
Crimes in the Sphere of Economic Activity,Pskov Oblast,2022,282.0,47.2,False
Crimes in the Sphere of Economic Activity,Saint Petersburg,2022,3039.0,54.2,False
Crimes in the Sphere of Economic Activity,Republic of Dagestan,2022,2172.0,68.2,False
Crimes in the Sphere of Economic Activity,Republic of Ingushetia,2022,219.0,42.8,False
Crimes in the Sphere of Economic Activity,Kabardino-Balkar Republic,2022,627.0,69.3,False
Crimes in the Sphere of Economic Activity,Karachay-Cherkess Republic,2022,389.0,82.9,False
Crimes in the Sphere of Economic Activity,Republic of North Ossetia-Alania,2022,750.0,109.4,False
Crimes in the Sphere of Economic Activity,Chechen Republic,2022,426.0,28.1,False
Crimes in the Sphere of Economic Activity,Stavropol Krai,2022,2350.0,81.0,False
Crimes in the Sphere of Economic Activity,Republic of Adygea,2022,235.0,47.2,False
Crimes in the Sphere of Economic Activity,Republic of Kalmykia,2022,218.0,81.8,False
Crimes in the Sphere of Economic Activity,Republic of Crimea,2022,938.0,48.6,False
Crimes in the Sphere of Economic Activity,Krasnodar Krai,2022,4530.0,77.7,False
Crimes in the Sphere of Economic Activity,Astrakhan Oblast,2022,782.0,81.6,False
Crimes in the Sphere of Economic Activity,Volgograd Oblast,2022,2640.0,105.9,False
Crimes in the Sphere of Economic Activity,Rostov Oblast,2022,3509.0,83.7,False
Crimes in the Sphere of Economic Activity,Sevastopol,2022,279.0,51.0,False
Crimes in the Sphere of Economic Activity,Republic of Bashkortostan,2022,2827.0,69.1,False
Crimes in the Sphere of Economic Activity,Mari El Republic,2022,389.0,57.5,False
Crimes in the Sphere of Economic Activity,Republic of Mordovia,2022,826.0,105.7,False
Crimes in the Sphere of Economic Activity,Republic of Tatarstan,2022,2597.0,64.9,False
Crimes in the Sphere of Economic Activity,Udmurt Republic,2022,1344.0,92.8,False
Crimes in the Sphere of Economic Activity,Chuvash Republic,2022,943.0,79.7,False
Crimes in the Sphere of Economic Activity,Perm Krai,2022,1852.0,73.3,False
Crimes in the Sphere of Economic Activity,Kirov Oblast,2022,936.0,81.4,False
Crimes in the Sphere of Economic Activity,Nizhny Novgorod Oblast,2022,2532.0,81.4,False
Crimes in the Sphere of Economic Activity,Orenburg Oblast,2022,1059.0,57.1,False
Crimes in the Sphere of Economic Activity,Penza Oblast,2022,789.0,62.6,False
Crimes in the Sphere of Economic Activity,Samara Oblast,2022,3664.0,115.8,False
Crimes in the Sphere of Economic Activity,Saratov Oblast,2022,1874.0,77.1,False
Crimes in the Sphere of Economic Activity,Ulyanovsk Oblast,2022,773.0,64.9,False
Crimes in the Sphere of Economic Activity,Kurgan Oblast,2022,719.0,93.1,False
Crimes in the Sphere of Economic Activity,Sverdlovsk Oblast,2022,2205.0,51.7,False
Crimes in the Sphere of Economic Activity,Tyumen Oblast,2022,1217.0,75.9,False
Crimes in the Sphere of Economic Activity,Khanty–Mansi Autonomous Okrug – Yugra,2022,1087.0,63.4,False
Crimes in the Sphere of Economic Activity,Yamalo-Nenets Autonomous Okrug,2022,292.0,57.1,False
Crimes in the Sphere of Economic Activity,Chelyabinsk Oblast,2022,2855.0,83.4,False
Crimes in the Sphere of Economic Activity,Altai Republic,2022,277.0,131.4,False
Crimes in the Sphere of Economic Activity,Republic of Buryatia,2022,498.0,50.9,False
Crimes in the Sphere of Economic Activity,Tuva Republic,2022,188.0,55.9,False
Crimes in the Sphere of Economic Activity,Republic of Khakassia,2022,303.0,56.8,False
Crimes in the Sphere of Economic Activity,Altai Krai,2022,1075.0,49.9,False
Crimes in the Sphere of Economic Activity,Zabaykalsky Krai,2022,500.0,50.0,False
Crimes in the Sphere of Economic Activity,Krasnoyarsk Krai,2022,1936.0,67.8,False
Crimes in the Sphere of Economic Activity,Irkutsk Oblast,2022,1622.0,68.6,False
Crimes in the Sphere of Economic Activity,Kemerovo Oblast,2022,1194.0,46.1,False
Crimes in the Sphere of Economic Activity,Novosibirsk Oblast,2022,2242.0,80.1,False
Crimes in the Sphere of Economic Activity,Omsk Oblast,2022,1567.0,84.6,False
Crimes in the Sphere of Economic Activity,Tomsk Oblast,2022,809.0,76.1,False
Crimes in the Sphere of Economic Activity,Sakha (Yakutia) Republic,2022,699.0,70.1,False
Crimes in the Sphere of Economic Activity,Kamchatka Krai,2022,257.0,87.8,False
Crimes in the Sphere of Economic Activity,Primorsky Krai,2022,1148.0,62.3,False
Crimes in the Sphere of Economic Activity,Khabarovsk Krai,2022,584.0,45.2,False
Crimes in the Sphere of Economic Activity,Amur Oblast,2022,369.0,48.3,False
Crimes in the Sphere of Economic Activity,Magadan Oblast,2022,131.0,96.4,False
Crimes in the Sphere of Economic Activity,Sakhalin Oblast,2022,411.0,88.2,False
Crimes in the Sphere of Economic Activity,Jewish Autonomous Oblast,2022,102.0,68.2,False
Crimes in the Sphere of Economic Activity,Chukotka Autonomous Okrug,2022,51.0,106.5,False
Murder,Russian Federation,2023,7424.0,5.1,True
Murder,Belgorod Oblast,2023,552.0,36.4,False
Murder,Bryansk Oblast,2023,167.0,14.5,False
Murder,Vladimir Oblast,2023,54.0,4.1,False
Murder,Voronezh Oblast,2023,86.0,3.8,False
Murder,Ivanovo Oblast,2023,46.0,5.0,False
Murder,Kaluga Oblast,2023,46.0,4.3,False
Murder,Kostroma Oblast,2023,26.0,4.5,False
Murder,Kursk Oblast,2023,190.0,17.8,False
Murder,Lipetsk Oblast,2023,46.0,4.1,False
Murder,Moscow Oblast,2023,285.0,3.3,False
Murder,Oryol Oblast,2023,26.0,3.7,False
Murder,Ryazan Oblast,2023,43.0,3.9,False
Murder,Smolensk Oblast,2023,61.0,7.0,False
Murder,Tambov Oblast,2023,24.0,2.5,False
Murder,Tver Oblast,2023,62.0,5.1,False
Murder,Tula Oblast,2023,61.0,4.1,False
Murder,Yaroslavl Oblast,2023,41.0,3.4,False
Murder,Moscow,2023,169.0,1.3,False
Murder,Republic of Karelia,2023,48.0,9.1,False
Murder,Komi Republic,2023,57.0,7.8,False
Murder,Arkhangelsk Oblast,2023,88.0,9.1,False
Murder,Nenets Autonomous Okrug,2023,2.0,4.8,False
Murder,Vologda Oblast,2023,54.0,4.8,False
Murder,Kaliningrad Oblast,2023,38.0,3.7,False
Murder,Leningrad Oblast,2023,99.0,4.9,False
Murder,Murmansk Oblast,2023,39.0,5.9,False
Murder,Novgorod Oblast,2023,27.0,4.7,False
Murder,Pskov Oblast,2023,25.0,4.3,False
Murder,Saint Petersburg,2023,98.0,1.7,False
Murder,Republic of Dagestan,2023,47.0,1.5,False
Murder,Republic of Ingushetia,2023,8.0,1.5,False
Murder,Kabardino-Balkar Republic,2023,15.0,1.7,False
Murder,Karachay-Cherkess Republic,2023,35.0,7.5,False
Murder,Republic of North Ossetia-Alania,2023,13.0,1.9,False
Murder,Chechen Republic,2023,20.0,1.3,False
Murder,Stavropol Krai,2023,81.0,2.8,False
Murder,Republic of Adygea,2023,21.0,4.2,False
Murder,Republic of Kalmykia,2023,13.0,4.9,False
Murder,Republic of Crimea,2023,72.0,3.8,False
Murder,Krasnodar Krai,2023,193.0,3.3,False
Murder,Astrakhan Oblast,2023,32.0,3.4,False
Murder,Volgograd Oblast,2023,78.0,3.2,False
Murder,Rostov Oblast,2023,108.0,2.6,False
Murder,Sevastopol,2023,19.0,3.4,False
Murder,Republic of Bashkortostan,2023,215.0,5.3,False
Murder,Mari El Republic,2023,36.0,5.4,False
Murder,Republic of Mordovia,2023,14.0,1.8,False
Murder,Republic of Tatarstan,2023,174.0,4.3,False
Murder,Udmurt Republic,2023,68.0,4.7,False
Murder,Chuvash Republic,2023,44.0,3.8,False
Murder,Perm Krai,2023,137.0,5.5,False
Murder,Kirov Oblast,2023,55.0,4.8,False
Murder,Nizhny Novgorod Oblast,2023,124.0,4.0,False
Murder,Orenburg Oblast,2023,88.0,4.8,False
Murder,Penza Oblast,2023,49.0,3.9,False
Murder,Samara Oblast,2023,93.0,3.0,False
Murder,Saratov Oblast,2023,85.0,3.5,False
Murder,Ulyanovsk Oblast,2023,50.0,4.2,False
Murder,Kurgan Oblast,2023,49.0,6.4,False
Murder,Sverdlovsk Oblast,2023,204.0,4.8,False
Murder,Tyumen Oblast,2023,76.0,4.7,False
Murder,Khanty–Mansi Autonomous Okrug – Yugra,2023,65.0,3.8,False
Murder,Yamalo-Nenets Autonomous Okrug,2023,38.0,7.4,False
Murder,Chelyabinsk Oblast,2023,149.0,4.4,False
Murder,Altai Republic,2023,19.0,9.0,False
Murder,Republic of Buryatia,2023,142.0,14.6,False
Murder,Tuva Republic,2023,86.0,25.5,False
Murder,Republic of Khakassia,2023,40.0,7.5,False
Murder,Altai Krai,2023,129.0,6.1,False
Murder,Zabaykalsky Krai,2023,177.0,17.8,False
Murder,Krasnoyarsk Krai,2023,214.0,7.5,False
Murder,Irkutsk Oblast,2023,222.0,9.5,False
Murder,Kemerovo Oblast,2023,163.0,6.3,False
Murder,Novosibirsk Oblast,2023,135.0,4.8,False
Murder,Omsk Oblast,2023,66.0,3.6,False
Murder,Tomsk Oblast,2023,53.0,5.0,False
Murder,Sakha (Yakutia) Republic,2023,65.0,6.5,False
Murder,Kamchatka Krai,2023,22.0,7.6,False
Murder,Primorsky Krai,2023,128.0,7.0,False
Murder,Khabarovsk Krai,2023,134.0,10.4,False
Murder,Amur Oblast,2023,88.0,11.6,False
Murder,Magadan Oblast,2023,13.0,9.7,False
Murder,Sakhalin Oblast,2023,40.0,8.7,False
Murder,Jewish Autonomous Oblast,2023,16.0,10.9,False
Murder,Chukotka Autonomous Okrug,2023,11.0,23.0,False
Intentional Bodily Harm,Russian Federation,2023,16685.0,11.4,True
Intentional Bodily Harm,Belgorod Oblast,2023,123.0,8.1,False
Intentional Bodily Harm,Bryansk Oblast,2023,138.0,12.0,False
Intentional Bodily Harm,Vladimir Oblast,2023,162.0,12.2,False
Intentional Bodily Harm,Voronezh Oblast,2023,180.0,7.9,False
Intentional Bodily Harm,Ivanovo Oblast,2023,111.0,12.1,False
Intentional Bodily Harm,Kaluga Oblast,2023,108.0,10.1,False
Intentional Bodily Harm,Kostroma Oblast,2023,60.0,10.5,False
Intentional Bodily Harm,Kursk Oblast,2023,80.0,7.5,False
Intentional Bodily Harm,Lipetsk Oblast,2023,125.0,11.1,False
Intentional Bodily Harm,Moscow Oblast,2023,786.0,9.1,False
Intentional Bodily Harm,Oryol Oblast,2023,67.0,9.6,False
Intentional Bodily Harm,Ryazan Oblast,2023,84.0,7.7,False
Intentional Bodily Harm,Smolensk Oblast,2023,111.0,12.7,False
Intentional Bodily Harm,Tambov Oblast,2023,103.0,10.7,False
Intentional Bodily Harm,Tver Oblast,2023,132.0,10.9,False
Intentional Bodily Harm,Tula Oblast,2023,150.0,10.1,False
Intentional Bodily Harm,Yaroslavl Oblast,2023,133.0,11.1,False
Intentional Bodily Harm,Moscow,2023,495.0,3.8,False
Intentional Bodily Harm,Republic of Karelia,2023,83.0,15.7,False
Intentional Bodily Harm,Komi Republic,2023,176.0,24.2,False
Intentional Bodily Harm,Arkhangelsk Oblast,2023,137.0,14.2,False
Intentional Bodily Harm,Nenets Autonomous Okrug,2023,10.0,24.2,False
Intentional Bodily Harm,Vologda Oblast,2023,157.0,13.9,False
Intentional Bodily Harm,Kaliningrad Oblast,2023,84.0,8.1,False
Intentional Bodily Harm,Leningrad Oblast,2023,202.0,10.0,False
Intentional Bodily Harm,Murmansk Oblast,2023,120.0,18.2,False
Intentional Bodily Harm,Novgorod Oblast,2023,61.0,10.6,False
Intentional Bodily Harm,Pskov Oblast,2023,85.0,14.5,False
Intentional Bodily Harm,Saint Petersburg,2023,285.0,5.1,False
Intentional Bodily Harm,Republic of Dagestan,2023,87.0,2.7,False
Intentional Bodily Harm,Republic of Ingushetia,2023,11.0,2.1,False
Intentional Bodily Harm,Kabardino-Balkar Republic,2023,31.0,3.4,False
Intentional Bodily Harm,Karachay-Cherkess Republic,2023,18.0,3.8,False
Intentional Bodily Harm,Republic of North Ossetia-Alania,2023,42.0,6.2,False
Intentional Bodily Harm,Chechen Republic,2023,5.0,0.3,False
Intentional Bodily Harm,Stavropol Krai,2023,228.0,7.9,False
Intentional Bodily Harm,Republic of Adygea,2023,33.0,6.6,False
Intentional Bodily Harm,Republic of Kalmykia,2023,42.0,15.9,False
Intentional Bodily Harm,Republic of Crimea,2023,173.0,9.0,False
Intentional Bodily Harm,Krasnodar Krai,2023,541.0,9.3,False
Intentional Bodily Harm,Astrakhan Oblast,2023,106.0,11.2,False
Intentional Bodily Harm,Volgograd Oblast,2023,241.0,9.8,False
Intentional Bodily Harm,Rostov Oblast,2023,348.0,8.4,False
Intentional Bodily Harm,Sevastopol,2023,42.0,7.5,False
Intentional Bodily Harm,Republic of Bashkortostan,2023,413.0,10.1,False
Intentional Bodily Harm,Mari El Republic,2023,77.0,11.5,False
Intentional Bodily Harm,Republic of Mordovia,2023,55.0,7.1,False
Intentional Bodily Harm,Republic of Tatarstan,2023,382.0,9.5,False
Intentional Bodily Harm,Udmurt Republic,2023,233.0,16.2,False
Intentional Bodily Harm,Chuvash Republic,2023,117.0,10.0,False
Intentional Bodily Harm,Perm Krai,2023,410.0,16.3,False
Intentional Bodily Harm,Kirov Oblast,2023,136.0,11.9,False
Intentional Bodily Harm,Nizhny Novgorod Oblast,2023,318.0,10.3,False
Intentional Bodily Harm,Orenburg Oblast,2023,216.0,11.7,False
Intentional Bodily Harm,Penza Oblast,2023,110.0,8.8,False
Intentional Bodily Harm,Samara Oblast,2023,256.0,8.1,False
Intentional Bodily Harm,Saratov Oblast,2023,209.0,8.7,False
Intentional Bodily Harm,Ulyanovsk Oblast,2023,113.0,9.6,False
Intentional Bodily Harm,Kurgan Oblast,2023,99.0,13.0,False
Intentional Bodily Harm,Sverdlovsk Oblast,2023,601.0,14.2,False
Intentional Bodily Harm,Tyumen Oblast,2023,310.0,19.3,False
Intentional Bodily Harm,Khanty–Mansi Autonomous Okrug – Yugra,2023,219.0,12.7,False
Intentional Bodily Harm,Yamalo-Nenets Autonomous Okrug,2023,88.0,17.2,False
Intentional Bodily Harm,Chelyabinsk Oblast,2023,501.0,14.7,False
Intentional Bodily Harm,Altai Republic,2023,43.0,20.4,False
Intentional Bodily Harm,Republic of Buryatia,2023,192.0,19.7,False
Intentional Bodily Harm,Tuva Republic,2023,288.0,85.4,False
Intentional Bodily Harm,Republic of Khakassia,2023,114.0,21.5,False
Intentional Bodily Harm,Altai Krai,2023,399.0,18.7,False
Intentional Bodily Harm,Zabaykalsky Krai,2023,276.0,27.8,False
Intentional Bodily Harm,Krasnoyarsk Krai,2023,543.0,19.1,False
Intentional Bodily Harm,Irkutsk Oblast,2023,603.0,25.7,False
Intentional Bodily Harm,Kemerovo Oblast,2023,551.0,21.5,False
Intentional Bodily Harm,Novosibirsk Oblast,2023,340.0,12.2,False
Intentional Bodily Harm,Omsk Oblast,2023,272.0,14.8,False
Intentional Bodily Harm,Tomsk Oblast,2023,157.0,14.9,False
Intentional Bodily Harm,Sakha (Yakutia) Republic,2023,265.0,26.6,False
Intentional Bodily Harm,Kamchatka Krai,2023,61.0,21.1,False
Intentional Bodily Harm,Primorsky Krai,2023,407.0,22.4,False
Intentional Bodily Harm,Khabarovsk Krai,2023,190.0,14.8,False
Intentional Bodily Harm,Amur Oblast,2023,203.0,26.8,False
Intentional Bodily Harm,Magadan Oblast,2023,31.0,23.1,False
Intentional Bodily Harm,Sakhalin Oblast,2023,102.0,22.1,False
Intentional Bodily Harm,Jewish Autonomous Oblast,2023,27.0,18.3,False
Intentional Bodily Harm,Chukotka Autonomous Okrug,2023,20.0,41.8,False
Rape,Russian Federation,2023,3096.0,2.1,True
Rape,Belgorod Oblast,2023,98.0,6.5,False
Rape,Bryansk Oblast,2023,18.0,1.6,False
Rape,Vladimir Oblast,2023,12.0,0.9,False
Rape,Voronezh Oblast,2023,35.0,1.5,False
Rape,Ivanovo Oblast,2023,37.0,4.0,False
Rape,Kaluga Oblast,2023,41.0,3.8,False
Rape,Kostroma Oblast,2023,7.0,1.2,False
Rape,Kursk Oblast,2023,23.0,2.2,False
Rape,Lipetsk Oblast,2023,8.0,0.7,False
Rape,Moscow Oblast,2023,112.0,1.3,False
Rape,Oryol Oblast,2023,2.0,0.3,False
Rape,Ryazan Oblast,2023,4.0,0.4,False
Rape,Smolensk Oblast,2023,23.0,2.6,False
Rape,Tambov Oblast,2023,11.0,1.1,False
Rape,Tver Oblast,2023,28.0,2.3,False
Rape,Tula Oblast,2023,19.0,1.3,False
Rape,Yaroslavl Oblast,2023,17.0,1.4,False
Rape,Moscow,2023,119.0,0.9,False
Rape,Republic of Karelia,2023,15.0,2.8,False
Rape,Komi Republic,2023,15.0,2.1,False
Rape,Arkhangelsk Oblast,2023,24.0,2.5,False
Rape,Nenets Autonomous Okrug,2023,0.0,0.0,False
Rape,Vologda Oblast,2023,24.0,2.1,False
Rape,Kaliningrad Oblast,2023,15.0,1.5,False
Rape,Leningrad Oblast,2023,33.0,1.6,False
Rape,Murmansk Oblast,2023,21.0,3.2,False
Rape,Novgorod Oblast,2023,36.0,6.3,False
Rape,Pskov Oblast,2023,12.0,2.0,False
Rape,Saint Petersburg,2023,51.0,0.9,False
Rape,Republic of Dagestan,2023,10.0,0.3,False
Rape,Republic of Ingushetia,2023,1.0,0.2,False
Rape,Kabardino-Balkar Republic,2023,8.0,0.9,False
Rape,Karachay-Cherkess Republic,2023,14.0,3.0,False
Rape,Republic of North Ossetia-Alania,2023,5.0,0.7,False
Rape,Chechen Republic,2023,0.0,0.0,False
Rape,Stavropol Krai,2023,55.0,1.9,False
Rape,Republic of Adygea,2023,2.0,0.4,False
Rape,Republic of Kalmykia,2023,5.0,1.9,False
Rape,Republic of Crimea,2023,46.0,2.4,False
Rape,Krasnodar Krai,2023,86.0,1.5,False
Rape,Astrakhan Oblast,2023,87.0,9.2,False
Rape,Volgograd Oblast,2023,47.0,1.9,False
Rape,Rostov Oblast,2023,40.0,1.0,False
Rape,Sevastopol,2023,8.0,1.4,False
Rape,Republic of Bashkortostan,2023,101.0,2.5,False
Rape,Mari El Republic,2023,9.0,1.3,False
Rape,Republic of Mordovia,2023,2.0,0.3,False
Rape,Republic of Tatarstan,2023,79.0,2.0,False
Rape,Udmurt Republic,2023,34.0,2.4,False
Rape,Chuvash Republic,2023,17.0,1.4,False
Rape,Perm Krai,2023,75.0,3.0,False
Rape,Kirov Oblast,2023,27.0,2.4,False
Rape,Nizhny Novgorod Oblast,2023,67.0,2.2,False
Rape,Orenburg Oblast,2023,46.0,2.5,False
Rape,Penza Oblast,2023,28.0,2.2,False
Rape,Samara Oblast,2023,74.0,2.4,False
Rape,Saratov Oblast,2023,74.0,3.1,False
Rape,Ulyanovsk Oblast,2023,18.0,1.5,False
Rape,Kurgan Oblast,2023,25.0,3.3,False
Rape,Sverdlovsk Oblast,2023,123.0,2.9,False
Rape,Tyumen Oblast,2023,60.0,3.7,False
Rape,Khanty–Mansi Autonomous Okrug – Yugra,2023,24.0,1.4,False
Rape,Yamalo-Nenets Autonomous Okrug,2023,30.0,5.9,False
Rape,Chelyabinsk Oblast,2023,79.0,2.3,False
Rape,Altai Republic,2023,8.0,3.8,False
Rape,Republic of Buryatia,2023,45.0,4.6,False
Rape,Tuva Republic,2023,53.0,15.7,False
Rape,Republic of Khakassia,2023,25.0,4.7,False
Rape,Altai Krai,2023,34.0,1.6,False
Rape,Zabaykalsky Krai,2023,77.0,7.8,False
Rape,Krasnoyarsk Krai,2023,89.0,3.1,False
Rape,Irkutsk Oblast,2023,60.0,2.6,False
Rape,Kemerovo Oblast,2023,58.0,2.3,False
Rape,Novosibirsk Oblast,2023,80.0,2.9,False
Rape,Omsk Oblast,2023,36.0,2.0,False
Rape,Tomsk Oblast,2023,22.0,2.1,False
Rape,Sakha (Yakutia) Republic,2023,48.0,4.8,False
Rape,Kamchatka Krai,2023,14.0,4.8,False
Rape,Primorsky Krai,2023,39.0,2.1,False
Rape,Khabarovsk Krai,2023,26.0,2.0,False
Rape,Amur Oblast,2023,24.0,3.2,False
Rape,Magadan Oblast,2023,4.0,3.0,False
Rape,Sakhalin Oblast,2023,8.0,1.7,False
Rape,Jewish Autonomous Oblast,2023,3.0,2.0,False
Rape,Chukotka Autonomous Okrug,2023,2.0,4.2,False
Theft,Russian Federation,2023,583343.0,398.3,True
Theft,Belgorod Oblast,2023,4051.0,267.5,False
Theft,Bryansk Oblast,2023,3071.0,266.5,False
Theft,Vladimir Oblast,2023,4865.0,367.0,False
Theft,Voronezh Oblast,2023,11501.0,503.3,False
Theft,Ivanovo Oblast,2023,3532.0,386.1,False
Theft,Kaluga Oblast,2023,4209.0,393.1,False
Theft,Kostroma Oblast,2023,2133.0,373.0,False
Theft,Kursk Oblast,2023,3808.0,356.9,False
Theft,Lipetsk Oblast,2023,4627.0,410.8,False
Theft,Moscow Oblast,2023,19582.0,227.9,False
Theft,Oryol Oblast,2023,2248.0,321.0,False
Theft,Ryazan Oblast,2023,2269.0,208.4,False
Theft,Smolensk Oblast,2023,4652.0,532.9,False
Theft,Tambov Oblast,2023,3505.0,362.7,False
Theft,Tver Oblast,2023,5522.0,455.9,False
Theft,Tula Oblast,2023,5135.0,346.6,False
Theft,Yaroslavl Oblast,2023,6145.0,514.4,False
Theft,Moscow,2023,44442.0,339.1,False
Theft,Republic of Karelia,2023,4012.0,760.0,False
Theft,Komi Republic,2023,3562.0,490.3,False
Theft,Arkhangelsk Oblast,2023,5107.0,529.6,False
Theft,Nenets Autonomous Okrug,2023,175.0,422.9,False
Theft,Vologda Oblast,2023,5948.0,526.9,False
Theft,Kaliningrad Oblast,2023,4665.0,451.9,False
Theft,Leningrad Oblast,2023,8637.0,426.8,False
Theft,Murmansk Oblast,2023,3566.0,541.4,False
Theft,Novgorod Oblast,2023,3800.0,659.8,False
Theft,Pskov Oblast,2023,2677.0,455.4,False
Theft,Saint Petersburg,2023,21411.0,382.3,False
Theft,Republic of Dagestan,2023,1364.0,42.5,False
Theft,Republic of Ingushetia,2023,173.0,33.3,False
Theft,Kabardino-Balkar Republic,2023,1113.0,123.2,False
Theft,Karachay-Cherkess Republic,2023,778.0,166.1,False
Theft,Republic of North Ossetia-Alania,2023,1571.0,230.8,False
Theft,Chechen Republic,2023,323.0,21.1,False
Theft,Stavropol Krai,2023,9543.0,330.1,False
Theft,Republic of Adygea,2023,949.0,190.6,False
Theft,Republic of Kalmykia,2023,554.0,209.5,False
Theft,Republic of Crimea,2023,5124.0,267.3,False
Theft,Krasnodar Krai,2023,23301.0,400.4,False
Theft,Astrakhan Oblast,2023,2530.0,266.2,False
Theft,Volgograd Oblast,2023,11475.0,464.6,False
Theft,Rostov Oblast,2023,20177.0,484.5,False
Theft,Sevastopol,2023,2004.0,359.0,False
Theft,Republic of Bashkortostan,2023,15566.0,381.7,False
Theft,Mari El Republic,2023,2284.0,339.7,False
Theft,Republic of Mordovia,2023,1695.0,219.7,False
Theft,Republic of Tatarstan,2023,15925.0,398.0,False
Theft,Udmurt Republic,2023,7769.0,538.7,False
Theft,Chuvash Republic,2023,2807.0,239.3,False
Theft,Perm Krai,2023,12897.0,514.2,False
Theft,Kirov Oblast,2023,5195.0,456.5,False
Theft,Nizhny Novgorod Oblast,2023,10894.0,353.5,False
Theft,Orenburg Oblast,2023,5714.0,310.3,False
Theft,Penza Oblast,2023,3278.0,263.0,False
Theft,Samara Oblast,2023,15368.0,489.0,False
Theft,Saratov Oblast,2023,8907.0,370.4,False
Theft,Ulyanovsk Oblast,2023,3015.0,255.3,False
Theft,Kurgan Oblast,2023,2883.0,378.6,False
Theft,Sverdlovsk Oblast,2023,16080.0,379.3,False
Theft,Tyumen Oblast,2023,7034.0,437.3,False
Theft,Khanty–Mansi Autonomous Okrug – Yugra,2023,4921.0,284.4,False
Theft,Yamalo-Nenets Autonomous Okrug,2023,1389.0,271.1,False
Theft,Chelyabinsk Oblast,2023,17999.0,528.3,False
Theft,Altai Republic,2023,884.0,419.4,False
Theft,Republic of Buryatia,2023,6591.0,676.3,False
Theft,Tuva Republic,2023,1613.0,478.3,False
Theft,Republic of Khakassia,2023,2585.0,487.5,False
Theft,Altai Krai,2023,10749.0,504.4,False
Theft,Zabaykalsky Krai,2023,4957.0,499.5,False
Theft,Krasnoyarsk Krai,2023,16570.0,582.3,False
Theft,Irkutsk Oblast,2023,13548.0,577.9,False
Theft,Kemerovo Oblast,2023,15136.0,589.4,False
Theft,Novosibirsk Oblast,2023,16951.0,606.6,False
Theft,Omsk Oblast,2023,7117.0,388.5,False
Theft,Tomsk Oblast,2023,5500.0,522.8,False
Theft,Sakha (Yakutia) Republic,2023,3084.0,309.2,False
Theft,Kamchatka Krai,2023,1309.0,453.4,False
Theft,Primorsky Krai,2023,9447.0,519.0,False
Theft,Khabarovsk Krai,2023,7584.0,590.6,False
Theft,Amur Oblast,2023,4662.0,616.5,False
Theft,Magadan Oblast,2023,615.0,457.9,False
Theft,Sakhalin Oblast,2023,2262.0,491.2,False
Theft,Jewish Autonomous Oblast,2023,704.0,477.4,False
Theft,Chukotka Autonomous Okrug,2023,170.0,355.4,False
Robbery without violence,Russian Federation,2023,22220.0,15.2,True
Robbery without violence,Belgorod Oblast,2023,137.0,9.0,False
Robbery without violence,Bryansk Oblast,2023,232.0,20.1,False
Robbery without violence,Vladimir Oblast,2023,244.0,18.4,False
Robbery without violence,Voronezh Oblast,2023,320.0,14.0,False
Robbery without violence,Ivanovo Oblast,2023,199.0,21.8,False
Robbery without violence,Kaluga Oblast,2023,193.0,18.0,False
Robbery without violence,Kostroma Oblast,2023,98.0,17.1,False
Robbery without violence,Kursk Oblast,2023,121.0,11.3,False
Robbery without violence,Lipetsk Oblast,2023,257.0,22.8,False
Robbery without violence,Moscow Oblast,2023,942.0,11.0,False
Robbery without violence,Oryol Oblast,2023,124.0,17.7,False
Robbery without violence,Ryazan Oblast,2023,113.0,10.4,False
Robbery without violence,Smolensk Oblast,2023,272.0,31.2,False
Robbery without violence,Tambov Oblast,2023,193.0,20.0,False
Robbery without violence,Tver Oblast,2023,239.0,19.7,False
Robbery without violence,Tula Oblast,2023,222.0,15.0,False
Robbery without violence,Yaroslavl Oblast,2023,299.0,25.0,False
Robbery without violence,Moscow,2023,1065.0,8.1,False
Robbery without violence,Republic of Karelia,2023,284.0,53.8,False
Robbery without violence,Komi Republic,2023,243.0,33.5,False
Robbery without violence,Arkhangelsk Oblast,2023,311.0,32.3,False
Robbery without violence,Nenets Autonomous Okrug,2023,6.0,14.5,False
Robbery without violence,Vologda Oblast,2023,298.0,26.4,False
Robbery without violence,Kaliningrad Oblast,2023,145.0,14.0,False
Robbery without violence,Leningrad Oblast,2023,355.0,17.5,False
Robbery without violence,Murmansk Oblast,2023,177.0,26.9,False
Robbery without violence,Novgorod Oblast,2023,146.0,25.4,False
Robbery without violence,Pskov Oblast,2023,105.0,17.9,False
Robbery without violence,Saint Petersburg,2023,731.0,13.1,False
Robbery without violence,Republic of Dagestan,2023,45.0,1.4,False
Robbery without violence,Republic of Ingushetia,2023,3.0,0.6,False
Robbery without violence,Kabardino-Balkar Republic,2023,27.0,3.0,False
Robbery without violence,Karachay-Cherkess Republic,2023,25.0,5.3,False
Robbery without violence,Republic of North Ossetia-Alania,2023,36.0,5.3,False
Robbery without violence,Chechen Republic,2023,2.0,0.1,False
Robbery without violence,Stavropol Krai,2023,318.0,11.0,False
Robbery without violence,Republic of Adygea,2023,39.0,7.8,False
Robbery without violence,Republic of Kalmykia,2023,22.0,8.3,False
Robbery without violence,Republic of Crimea,2023,191.0,10.0,False
Robbery without violence,Krasnodar Krai,2023,635.0,10.9,False
Robbery without violence,Astrakhan Oblast,2023,107.0,11.3,False
Robbery without violence,Volgograd Oblast,2023,732.0,29.6,False
Robbery without violence,Rostov Oblast,2023,593.0,14.2,False
Robbery without violence,Sevastopol,2023,83.0,14.9,False
Robbery without violence,Republic of Bashkortostan,2023,433.0,10.6,False
Robbery without violence,Mari El Republic,2023,120.0,17.8,False
Robbery without violence,Republic of Mordovia,2023,56.0,7.3,False
Robbery without violence,Republic of Tatarstan,2023,467.0,11.7,False
Robbery without violence,Udmurt Republic,2023,289.0,20.0,False
Robbery without violence,Chuvash Republic,2023,74.0,6.3,False
Robbery without violence,Perm Krai,2023,460.0,18.3,False
Robbery without violence,Kirov Oblast,2023,215.0,18.9,False
Robbery without violence,Nizhny Novgorod Oblast,2023,483.0,15.7,False
Robbery without violence,Orenburg Oblast,2023,175.0,9.5,False
Robbery without violence,Penza Oblast,2023,115.0,9.2,False
Robbery without violence,Samara Oblast,2023,458.0,14.6,False
Robbery without violence,Saratov Oblast,2023,342.0,14.2,False
Robbery without violence,Ulyanovsk Oblast,2023,137.0,11.6,False
Robbery without violence,Kurgan Oblast,2023,84.0,11.0,False
Robbery without violence,Sverdlovsk Oblast,2023,643.0,15.2,False
Robbery without violence,Tyumen Oblast,2023,183.0,11.4,False
Robbery without violence,Khanty–Mansi Autonomous Okrug – Yugra,2023,158.0,9.1,False
Robbery without violence,Yamalo-Nenets Autonomous Okrug,2023,47.0,9.2,False
Robbery without violence,Chelyabinsk Oblast,2023,824.0,24.2,False
Robbery without violence,Altai Republic,2023,17.0,8.1,False
Robbery without violence,Republic of Buryatia,2023,310.0,31.8,False
Robbery without violence,Tuva Republic,2023,79.0,23.4,False
Robbery without violence,Republic of Khakassia,2023,91.0,17.2,False
Robbery without violence,Altai Krai,2023,311.0,14.6,False
Robbery without violence,Zabaykalsky Krai,2023,203.0,20.5,False
Robbery without violence,Krasnoyarsk Krai,2023,618.0,21.7,False
Robbery without violence,Irkutsk Oblast,2023,565.0,24.1,False
Robbery without violence,Kemerovo Oblast,2023,780.0,30.4,False
Robbery without violence,Novosibirsk Oblast,2023,577.0,20.6,False
Robbery without violence,Omsk Oblast,2023,205.0,11.2,False
Robbery without violence,Tomsk Oblast,2023,192.0,18.2,False
Robbery without violence,Sakha (Yakutia) Republic,2023,192.0,19.2,False
Robbery without violence,Kamchatka Krai,2023,35.0,12.1,False
Robbery without violence,Primorsky Krai,2023,375.0,20.6,False
Robbery without violence,Khabarovsk Krai,2023,343.0,26.7,False
Robbery without violence,Amur Oblast,2023,214.0,28.3,False
Robbery without violence,Magadan Oblast,2023,31.0,23.1,False
Robbery without violence,Sakhalin Oblast,2023,69.0,15.0,False
Robbery without violence,Jewish Autonomous Oblast,2023,29.0,19.7,False
Robbery without violence,Chukotka Autonomous Okrug,2023,7.0,14.6,False
Robbery with violence,Russian Federation,2023,3360.0,2.3,True
Robbery with violence,Belgorod Oblast,2023,15.0,1.0,False
Robbery with violence,Bryansk Oblast,2023,17.0,1.5,False
Robbery with violence,Vladimir Oblast,2023,26.0,2.0,False
Robbery with violence,Voronezh Oblast,2023,49.0,2.1,False
Robbery with violence,Ivanovo Oblast,2023,36.0,3.9,False
Robbery with violence,Kaluga Oblast,2023,26.0,2.4,False
Robbery with violence,Kostroma Oblast,2023,12.0,2.1,False
Robbery with violence,Kursk Oblast,2023,19.0,1.8,False
Robbery with violence,Lipetsk Oblast,2023,27.0,2.4,False
Robbery with violence,Moscow Oblast,2023,172.0,2.0,False
Robbery with violence,Oryol Oblast,2023,14.0,2.0,False
Robbery with violence,Ryazan Oblast,2023,18.0,1.7,False
Robbery with violence,Smolensk Oblast,2023,18.0,2.1,False
Robbery with violence,Tambov Oblast,2023,9.0,0.9,False
Robbery with violence,Tver Oblast,2023,28.0,2.3,False
Robbery with violence,Tula Oblast,2023,38.0,2.6,False
Robbery with violence,Yaroslavl Oblast,2023,20.0,1.7,False
Robbery with violence,Moscow,2023,279.0,2.1,False
Robbery with violence,Republic of Karelia,2023,17.0,3.2,False
Robbery with violence,Komi Republic,2023,38.0,5.2,False
Robbery with violence,Arkhangelsk Oblast,2023,40.0,4.1,False
Robbery with violence,Nenets Autonomous Okrug,2023,0.0,0.0,False
Robbery with violence,Vologda Oblast,2023,29.0,2.6,False
Robbery with violence,Kaliningrad Oblast,2023,26.0,2.5,False
Robbery with violence,Leningrad Oblast,2023,38.0,1.9,False
Robbery with violence,Murmansk Oblast,2023,9.0,1.4,False
Robbery with violence,Novgorod Oblast,2023,9.0,1.6,False
Robbery with violence,Pskov Oblast,2023,25.0,4.3,False
Robbery with violence,Saint Petersburg,2023,185.0,3.3,False
Robbery with violence,Republic of Dagestan,2023,25.0,0.8,False
Robbery with violence,Republic of Ingushetia,2023,0.0,0.0,False
Robbery with violence,Kabardino-Balkar Republic,2023,9.0,1.0,False
Robbery with violence,Karachay-Cherkess Republic,2023,5.0,1.1,False
Robbery with violence,Republic of North Ossetia-Alania,2023,7.0,1.0,False
Robbery with violence,Chechen Republic,2023,3.0,0.2,False
Robbery with violence,Stavropol Krai,2023,51.0,1.8,False
Robbery with violence,Republic of Adygea,2023,6.0,1.2,False
Robbery with violence,Republic of Kalmykia,2023,0.0,0.0,False
Robbery with violence,Republic of Crimea,2023,36.0,1.9,False
Robbery with violence,Krasnodar Krai,2023,106.0,1.8,False
Robbery with violence,Astrakhan Oblast,2023,21.0,2.2,False
Robbery with violence,Volgograd Oblast,2023,75.0,3.0,False
Robbery with violence,Rostov Oblast,2023,92.0,2.2,False
Robbery with violence,Sevastopol,2023,17.0,3.0,False
Robbery with violence,Republic of Bashkortostan,2023,88.0,2.2,False
Robbery with violence,Mari El Republic,2023,13.0,1.9,False
Robbery with violence,Republic of Mordovia,2023,9.0,1.2,False
Robbery with violence,Republic of Tatarstan,2023,81.0,2.0,False
Robbery with violence,Udmurt Republic,2023,38.0,2.6,False
Robbery with violence,Chuvash Republic,2023,17.0,1.4,False
Robbery with violence,Perm Krai,2023,76.0,3.0,False
Robbery with violence,Kirov Oblast,2023,23.0,2.0,False
Robbery with violence,Nizhny Novgorod Oblast,2023,35.0,1.1,False
Robbery with violence,Orenburg Oblast,2023,27.0,1.5,False
Robbery with violence,Penza Oblast,2023,7.0,0.6,False
Robbery with violence,Samara Oblast,2023,63.0,2.0,False
Robbery with violence,Saratov Oblast,2023,36.0,1.5,False
Robbery with violence,Ulyanovsk Oblast,2023,37.0,3.1,False
Robbery with violence,Kurgan Oblast,2023,24.0,3.2,False
Robbery with violence,Sverdlovsk Oblast,2023,109.0,2.6,False
Robbery with violence,Tyumen Oblast,2023,50.0,3.1,False
Robbery with violence,Khanty–Mansi Autonomous Okrug – Yugra,2023,27.0,1.6,False
Robbery with violence,Yamalo-Nenets Autonomous Okrug,2023,5.0,1.0,False
Robbery with violence,Chelyabinsk Oblast,2023,119.0,3.5,False
Robbery with violence,Altai Republic,2023,5.0,2.4,False
Robbery with violence,Republic of Buryatia,2023,35.0,3.6,False
Robbery with violence,Tuva Republic,2023,19.0,5.6,False
Robbery with violence,Republic of Khakassia,2023,14.0,2.6,False
Robbery with violence,Altai Krai,2023,33.0,1.5,False
Robbery with violence,Zabaykalsky Krai,2023,34.0,3.4,False
Robbery with violence,Krasnoyarsk Krai,2023,84.0,3.0,False
Robbery with violence,Irkutsk Oblast,2023,90.0,3.8,False
Robbery with violence,Kemerovo Oblast,2023,66.0,2.6,False
Robbery with violence,Novosibirsk Oblast,2023,94.0,3.4,False
Robbery with violence,Omsk Oblast,2023,53.0,2.9,False
Robbery with violence,Tomsk Oblast,2023,32.0,3.0,False
Robbery with violence,Sakha (Yakutia) Republic,2023,21.0,2.1,False
Robbery with violence,Kamchatka Krai,2023,5.0,1.7,False
Robbery with violence,Primorsky Krai,2023,66.0,3.6,False
Robbery with violence,Khabarovsk Krai,2023,31.0,2.4,False
Robbery with violence,Amur Oblast,2023,25.0,3.3,False
Robbery with violence,Magadan Oblast,2023,3.0,2.2,False
Robbery with violence,Sakhalin Oblast,2023,8.0,1.7,False
Robbery with violence,Jewish Autonomous Oblast,2023,0.0,0.0,False
Robbery with violence,Chukotka Autonomous Okrug,2023,0.0,0.0,False
Extortion,Russian Federation,2023,8939.0,6.1,True
Extortion,Belgorod Oblast,2023,67.0,4.4,False
Extortion,Bryansk Oblast,2023,23.0,2.0,False
Extortion,Vladimir Oblast,2023,72.0,5.4,False
Extortion,Voronezh Oblast,2023,124.0,5.4,False
Extortion,Ivanovo Oblast,2023,46.0,5.0,False
Extortion,Kaluga Oblast,2023,63.0,5.9,False
Extortion,Kostroma Oblast,2023,31.0,5.4,False
Extortion,Kursk Oblast,2023,55.0,5.2,False
Extortion,Lipetsk Oblast,2023,57.0,5.1,False
Extortion,Moscow Oblast,2023,104.0,1.2,False
Extortion,Oryol Oblast,2023,26.0,3.7,False
Extortion,Ryazan Oblast,2023,15.0,1.4,False
Extortion,Smolensk Oblast,2023,77.0,8.8,False
Extortion,Tambov Oblast,2023,55.0,5.7,False
Extortion,Tver Oblast,2023,108.0,8.9,False
Extortion,Tula Oblast,2023,80.0,5.4,False
Extortion,Yaroslavl Oblast,2023,75.0,6.3,False
Extortion,Moscow,2023,314.0,2.4,False
Extortion,Republic of Karelia,2023,39.0,7.4,False
Extortion,Komi Republic,2023,116.0,16.0,False
Extortion,Arkhangelsk Oblast,2023,102.0,10.6,False
Extortion,Nenets Autonomous Okrug,2023,5.0,12.1,False
Extortion,Vologda Oblast,2023,193.0,17.1,False
Extortion,Kaliningrad Oblast,2023,23.0,2.2,False
Extortion,Leningrad Oblast,2023,57.0,2.8,False
Extortion,Murmansk Oblast,2023,84.0,12.8,False
Extortion,Novgorod Oblast,2023,62.0,10.8,False
Extortion,Pskov Oblast,2023,33.0,5.6,False
Extortion,Saint Petersburg,2023,216.0,3.9,False
Extortion,Republic of Dagestan,2023,44.0,1.4,False
Extortion,Republic of Ingushetia,2023,10.0,1.9,False
Extortion,Kabardino-Balkar Republic,2023,26.0,2.9,False
Extortion,Karachay-Cherkess Republic,2023,49.0,10.5,False
Extortion,Republic of North Ossetia-Alania,2023,35.0,5.1,False
Extortion,Chechen Republic,2023,1.0,0.1,False
Extortion,Stavropol Krai,2023,234.0,8.1,False
Extortion,Republic of Adygea,2023,16.0,3.2,False
Extortion,Republic of Kalmykia,2023,18.0,6.8,False
Extortion,Republic of Crimea,2023,101.0,5.3,False
Extortion,Krasnodar Krai,2023,343.0,5.9,False
Extortion,Astrakhan Oblast,2023,31.0,3.3,False
Extortion,Volgograd Oblast,2023,386.0,15.6,False
Extortion,Rostov Oblast,2023,148.0,3.6,False
Extortion,Sevastopol,2023,22.0,3.9,False
Extortion,Republic of Bashkortostan,2023,251.0,6.2,False
Extortion,Mari El Republic,2023,61.0,9.1,False
Extortion,Republic of Mordovia,2023,60.0,7.8,False
Extortion,Republic of Tatarstan,2023,530.0,13.2,False
Extortion,Udmurt Republic,2023,252.0,17.5,False
Extortion,Chuvash Republic,2023,79.0,6.7,False
Extortion,Perm Krai,2023,186.0,7.4,False
Extortion,Kirov Oblast,2023,159.0,14.0,False
Extortion,Nizhny Novgorod Oblast,2023,167.0,5.4,False
Extortion,Orenburg Oblast,2023,106.0,5.8,False
Extortion,Penza Oblast,2023,84.0,6.7,False
Extortion,Samara Oblast,2023,167.0,5.3,False
Extortion,Saratov Oblast,2023,167.0,6.9,False
Extortion,Ulyanovsk Oblast,2023,54.0,4.6,False
Extortion,Kurgan Oblast,2023,65.0,8.5,False
Extortion,Sverdlovsk Oblast,2023,94.0,2.2,False
Extortion,Tyumen Oblast,2023,291.0,18.1,False
Extortion,Khanty–Mansi Autonomous Okrug – Yugra,2023,193.0,11.2,False
Extortion,Yamalo-Nenets Autonomous Okrug,2023,42.0,8.2,False
Extortion,Chelyabinsk Oblast,2023,223.0,6.5,False
Extortion,Altai Republic,2023,7.0,3.3,False
Extortion,Republic of Buryatia,2023,94.0,9.6,False
Extortion,Tuva Republic,2023,4.0,1.2,False
Extortion,Republic of Khakassia,2023,72.0,13.6,False
Extortion,Altai Krai,2023,221.0,10.4,False
Extortion,Zabaykalsky Krai,2023,73.0,7.4,False
Extortion,Krasnoyarsk Krai,2023,325.0,11.4,False
Extortion,Irkutsk Oblast,2023,74.0,3.2,False
Extortion,Kemerovo Oblast,2023,126.0,4.9,False
Extortion,Novosibirsk Oblast,2023,144.0,5.2,False
Extortion,Omsk Oblast,2023,85.0,4.6,False
Extortion,Tomsk Oblast,2023,206.0,19.6,False
Extortion,Sakha (Yakutia) Republic,2023,44.0,4.4,False
Extortion,Kamchatka Krai,2023,24.0,8.3,False
Extortion,Primorsky Krai,2023,92.0,5.1,False
Extortion,Khabarovsk Krai,2023,59.0,4.6,False
Extortion,Amur Oblast,2023,58.0,7.7,False
Extortion,Magadan Oblast,2023,4.0,3.0,False
Extortion,Sakhalin Oblast,2023,32.0,6.9,False
Extortion,Jewish Autonomous Oblast,2023,14.0,9.5,False
Extortion,Chukotka Autonomous Okrug,2023,4.0,8.4,False
Hooliganism,Russian Federation,2023,1617.0,1.1,True
Hooliganism,Belgorod Oblast,2023,3.0,0.2,False
Hooliganism,Bryansk Oblast,2023,8.0,0.7,False
Hooliganism,Vladimir Oblast,2023,8.0,0.6,False
Hooliganism,Voronezh Oblast,2023,13.0,0.6,False
Hooliganism,Ivanovo Oblast,2023,8.0,0.9,False
Hooliganism,Kaluga Oblast,2023,12.0,1.1,False
Hooliganism,Kostroma Oblast,2023,6.0,1.0,False
Hooliganism,Kursk Oblast,2023,8.0,0.7,False
Hooliganism,Lipetsk Oblast,2023,14.0,1.2,False
Hooliganism,Moscow Oblast,2023,149.0,1.7,False
Hooliganism,Oryol Oblast,2023,15.0,2.1,False
Hooliganism,Ryazan Oblast,2023,11.0,1.0,False
Hooliganism,Smolensk Oblast,2023,13.0,1.5,False
Hooliganism,Tambov Oblast,2023,16.0,1.7,False
Hooliganism,Tver Oblast,2023,21.0,1.7,False
Hooliganism,Tula Oblast,2023,5.0,0.3,False
Hooliganism,Yaroslavl Oblast,2023,23.0,1.9,False
Hooliganism,Moscow,2023,172.0,1.3,False
Hooliganism,Republic of Karelia,2023,13.0,2.5,False
Hooliganism,Komi Republic,2023,11.0,1.5,False
Hooliganism,Arkhangelsk Oblast,2023,8.0,0.8,False
Hooliganism,Nenets Autonomous Okrug,2023,1.0,2.4,False
Hooliganism,Vologda Oblast,2023,5.0,0.4,False
Hooliganism,Kaliningrad Oblast,2023,8.0,0.8,False
Hooliganism,Leningrad Oblast,2023,30.0,1.5,False
Hooliganism,Murmansk Oblast,2023,8.0,1.2,False
Hooliganism,Novgorod Oblast,2023,5.0,0.9,False
Hooliganism,Pskov Oblast,2023,1.0,0.2,False
Hooliganism,Saint Petersburg,2023,123.0,2.2,False
Hooliganism,Republic of Dagestan,2023,60.0,1.9,False
Hooliganism,Republic of Ingushetia,2023,3.0,0.6,False
Hooliganism,Kabardino-Balkar Republic,2023,5.0,0.6,False
Hooliganism,Karachay-Cherkess Republic,2023,1.0,0.2,False
Hooliganism,Republic of North Ossetia-Alania,2023,19.0,2.8,False
Hooliganism,Chechen Republic,2023,0.0,0.0,False
Hooliganism,Stavropol Krai,2023,18.0,0.6,False
Hooliganism,Republic of Adygea,2023,1.0,0.2,False
Hooliganism,Republic of Kalmykia,2023,1.0,0.4,False
Hooliganism,Republic of Crimea,2023,9.0,0.5,False
Hooliganism,Krasnodar Krai,2023,54.0,0.9,False
Hooliganism,Astrakhan Oblast,2023,7.0,0.7,False
Hooliganism,Volgograd Oblast,2023,6.0,0.2,False
Hooliganism,Rostov Oblast,2023,23.0,0.6,False
Hooliganism,Sevastopol,2023,6.0,1.1,False
Hooliganism,Republic of Bashkortostan,2023,24.0,0.6,False
Hooliganism,Mari El Republic,2023,9.0,1.3,False
Hooliganism,Republic of Mordovia,2023,5.0,0.6,False
Hooliganism,Republic of Tatarstan,2023,16.0,0.4,False
Hooliganism,Udmurt Republic,2023,8.0,0.6,False
Hooliganism,Chuvash Republic,2023,11.0,0.9,False
Hooliganism,Perm Krai,2023,14.0,0.6,False
Hooliganism,Kirov Oblast,2023,10.0,0.9,False
Hooliganism,Nizhny Novgorod Oblast,2023,16.0,0.5,False
Hooliganism,Orenburg Oblast,2023,6.0,0.3,False
Hooliganism,Penza Oblast,2023,6.0,0.5,False
Hooliganism,Samara Oblast,2023,32.0,1.0,False
Hooliganism,Saratov Oblast,2023,14.0,0.6,False
Hooliganism,Ulyanovsk Oblast,2023,15.0,1.3,False
Hooliganism,Kurgan Oblast,2023,9.0,1.2,False
Hooliganism,Sverdlovsk Oblast,2023,34.0,0.8,False
Hooliganism,Tyumen Oblast,2023,7.0,0.4,False
Hooliganism,Khanty–Mansi Autonomous Okrug – Yugra,2023,23.0,1.3,False
Hooliganism,Yamalo-Nenets Autonomous Okrug,2023,3.0,0.6,False
Hooliganism,Chelyabinsk Oblast,2023,38.0,1.1,False
Hooliganism,Altai Republic,2023,3.0,1.4,False
Hooliganism,Republic of Buryatia,2023,12.0,1.2,False
Hooliganism,Tuva Republic,2023,0.0,0.0,False
Hooliganism,Republic of Khakassia,2023,5.0,0.9,False
Hooliganism,Altai Krai,2023,7.0,0.3,False
Hooliganism,Zabaykalsky Krai,2023,6.0,0.6,False
Hooliganism,Krasnoyarsk Krai,2023,27.0,0.9,False
Hooliganism,Irkutsk Oblast,2023,12.0,0.5,False
Hooliganism,Kemerovo Oblast,2023,19.0,0.7,False
Hooliganism,Novosibirsk Oblast,2023,26.0,0.9,False
Hooliganism,Omsk Oblast,2023,17.0,0.9,False
Hooliganism,Tomsk Oblast,2023,5.0,0.5,False
Hooliganism,Sakha (Yakutia) Republic,2023,12.0,1.2,False
Hooliganism,Kamchatka Krai,2023,2.0,0.7,False
Hooliganism,Primorsky Krai,2023,55.0,3.0,False
Hooliganism,Khabarovsk Krai,2023,20.0,1.6,False
Hooliganism,Amur Oblast,2023,9.0,1.2,False
Hooliganism,Magadan Oblast,2023,3.0,2.2,False
Hooliganism,Sakhalin Oblast,2023,9.0,2.0,False
Hooliganism,Jewish Autonomous Oblast,2023,2.0,1.4,False
Hooliganism,Chukotka Autonomous Okrug,2023,3.0,6.3,False
Crimes in the Sphere of Economic Activity,Russian Federation,2023,105257.0,71.9,True
Crimes in the Sphere of Economic Activity,Belgorod Oblast,2023,574.0,37.9,False
Crimes in the Sphere of Economic Activity,Bryansk Oblast,2023,866.0,75.1,False
Crimes in the Sphere of Economic Activity,Vladimir Oblast,2023,679.0,51.2,False
Crimes in the Sphere of Economic Activity,Voronezh Oblast,2023,1301.0,56.9,False
Crimes in the Sphere of Economic Activity,Ivanovo Oblast,2023,520.0,56.8,False
Crimes in the Sphere of Economic Activity,Kaluga Oblast,2023,557.0,52.0,False
Crimes in the Sphere of Economic Activity,Kostroma Oblast,2023,310.0,54.2,False
Crimes in the Sphere of Economic Activity,Kursk Oblast,2023,664.0,62.2,False
Crimes in the Sphere of Economic Activity,Lipetsk Oblast,2023,915.0,81.2,False
Crimes in the Sphere of Economic Activity,Moscow Oblast,2023,3736.0,43.5,False
Crimes in the Sphere of Economic Activity,Oryol Oblast,2023,649.0,92.7,False
Crimes in the Sphere of Economic Activity,Ryazan Oblast,2023,587.0,53.9,False
Crimes in the Sphere of Economic Activity,Smolensk Oblast,2023,661.0,75.7,False
Crimes in the Sphere of Economic Activity,Tambov Oblast,2023,681.0,70.5,False
Crimes in the Sphere of Economic Activity,Tver Oblast,2023,774.0,63.9,False
Crimes in the Sphere of Economic Activity,Tula Oblast,2023,844.0,57.0,False
Crimes in the Sphere of Economic Activity,Yaroslavl Oblast,2023,759.0,63.5,False
Crimes in the Sphere of Economic Activity,Moscow,2023,10096.0,77.0,False
Crimes in the Sphere of Economic Activity,Republic of Karelia,2023,360.0,68.2,False
Crimes in the Sphere of Economic Activity,Komi Republic,2023,368.0,50.7,False
Crimes in the Sphere of Economic Activity,Arkhangelsk Oblast,2023,733.0,76.0,False
Crimes in the Sphere of Economic Activity,Nenets Autonomous Okrug,2023,40.0,96.7,False
Crimes in the Sphere of Economic Activity,Vologda Oblast,2023,468.0,41.5,False
Crimes in the Sphere of Economic Activity,Kaliningrad Oblast,2023,436.0,42.2,False
Crimes in the Sphere of Economic Activity,Leningrad Oblast,2023,1314.0,64.9,False
Crimes in the Sphere of Economic Activity,Murmansk Oblast,2023,326.0,49.5,False
Crimes in the Sphere of Economic Activity,Novgorod Oblast,2023,284.0,49.3,False
Crimes in the Sphere of Economic Activity,Pskov Oblast,2023,274.0,46.6,False
Crimes in the Sphere of Economic Activity,Saint Petersburg,2023,3018.0,53.9,False
Crimes in the Sphere of Economic Activity,Republic of Dagestan,2023,2326.0,72.5,False
Crimes in the Sphere of Economic Activity,Republic of Ingushetia,2023,245.0,47.2,False
Crimes in the Sphere of Economic Activity,Kabardino-Balkar Republic,2023,485.0,53.7,False
Crimes in the Sphere of Economic Activity,Karachay-Cherkess Republic,2023,482.0,102.9,False
Crimes in the Sphere of Economic Activity,Republic of North Ossetia-Alania,2023,695.0,102.1,False
Crimes in the Sphere of Economic Activity,Chechen Republic,2023,319.0,20.8,False
Crimes in the Sphere of Economic Activity,Stavropol Krai,2023,1970.0,68.1,False
Crimes in the Sphere of Economic Activity,Republic of Adygea,2023,243.0,48.8,False
Crimes in the Sphere of Economic Activity,Republic of Kalmykia,2023,210.0,79.4,False
Crimes in the Sphere of Economic Activity,Republic of Crimea,2023,1064.0,55.5,False
Crimes in the Sphere of Economic Activity,Krasnodar Krai,2023,3896.0,66.9,False
Crimes in the Sphere of Economic Activity,Astrakhan Oblast,2023,741.0,78.0,False
Crimes in the Sphere of Economic Activity,Volgograd Oblast,2023,2026.0,82.0,False
Crimes in the Sphere of Economic Activity,Rostov Oblast,2023,3943.0,94.7,False
Crimes in the Sphere of Economic Activity,Sevastopol,2023,220.0,39.4,False
Crimes in the Sphere of Economic Activity,Republic of Bashkortostan,2023,2357.0,57.8,False
Crimes in the Sphere of Economic Activity,Mari El Republic,2023,392.0,58.3,False
Crimes in the Sphere of Economic Activity,Republic of Mordovia,2023,622.0,80.6,False
Crimes in the Sphere of Economic Activity,Republic of Tatarstan,2023,2602.0,65.0,False
Crimes in the Sphere of Economic Activity,Udmurt Republic,2023,1432.0,99.3,False
Crimes in the Sphere of Economic Activity,Chuvash Republic,2023,719.0,61.3,False
Crimes in the Sphere of Economic Activity,Perm Krai,2023,1359.0,54.2,False
Crimes in the Sphere of Economic Activity,Kirov Oblast,2023,863.0,75.8,False
Crimes in the Sphere of Economic Activity,Nizhny Novgorod Oblast,2023,2350.0,76.3,False
Crimes in the Sphere of Economic Activity,Orenburg Oblast,2023,997.0,54.1,False
Crimes in the Sphere of Economic Activity,Penza Oblast,2023,786.0,63.1,False
Crimes in the Sphere of Economic Activity,Samara Oblast,2023,3065.0,97.5,False
Crimes in the Sphere of Economic Activity,Saratov Oblast,2023,1536.0,63.9,False
Crimes in the Sphere of Economic Activity,Ulyanovsk Oblast,2023,725.0,61.4,False
Crimes in the Sphere of Economic Activity,Kurgan Oblast,2023,844.0,110.8,False
Crimes in the Sphere of Economic Activity,Sverdlovsk Oblast,2023,2752.0,64.9,False
Crimes in the Sphere of Economic Activity,Tyumen Oblast,2023,1103.0,68.6,False
Crimes in the Sphere of Economic Activity,Khanty–Mansi Autonomous Okrug – Yugra,2023,1063.0,61.4,False
Crimes in the Sphere of Economic Activity,Yamalo-Nenets Autonomous Okrug,2023,298.0,58.2,False
Crimes in the Sphere of Economic Activity,Chelyabinsk Oblast,2023,3142.0,92.2,False
Crimes in the Sphere of Economic Activity,Altai Republic,2023,234.0,111.0,False
Crimes in the Sphere of Economic Activity,Republic of Buryatia,2023,589.0,60.4,False
Crimes in the Sphere of Economic Activity,Tuva Republic,2023,236.0,70.0,False
Crimes in the Sphere of Economic Activity,Republic of Khakassia,2023,251.0,47.3,False
Crimes in the Sphere of Economic Activity,Altai Krai,2023,942.0,44.2,False
Crimes in the Sphere of Economic Activity,Zabaykalsky Krai,2023,626.0,63.1,False
Crimes in the Sphere of Economic Activity,Krasnoyarsk Krai,2023,1978.0,69.5,False
Crimes in the Sphere of Economic Activity,Irkutsk Oblast,2023,1591.0,67.9,False
Crimes in the Sphere of Economic Activity,Kemerovo Oblast,2023,1423.0,55.4,False
Crimes in the Sphere of Economic Activity,Novosibirsk Oblast,2023,2110.0,75.5,False
Crimes in the Sphere of Economic Activity,Omsk Oblast,2023,1404.0,76.6,False
Crimes in the Sphere of Economic Activity,Tomsk Oblast,2023,741.0,70.4,False
Crimes in the Sphere of Economic Activity,Sakha (Yakutia) Republic,2023,649.0,65.1,False
Crimes in the Sphere of Economic Activity,Kamchatka Krai,2023,229.0,79.3,False
Crimes in the Sphere of Economic Activity,Primorsky Krai,2023,1202.0,66.0,False
Crimes in the Sphere of Economic Activity,Khabarovsk Krai,2023,651.0,50.7,False
Crimes in the Sphere of Economic Activity,Amur Oblast,2023,287.0,38.0,False
Crimes in the Sphere of Economic Activity,Magadan Oblast,2023,160.0,119.1,False
Crimes in the Sphere of Economic Activity,Sakhalin Oblast,2023,212.0,46.0,False
Crimes in the Sphere of Economic Activity,Jewish Autonomous Oblast,2023,121.0,82.1,False
Crimes in the Sphere of Economic Activity,Chukotka Autonomous Okrug,2023,97.0,202.8,False
